"#","Date Time, GMT-06:00","Temp, °F (LGR S/N: 22008792, SEN S/N: 22008792)","Intensity, lum/ft² (LGR S/N: 22008792, SEN S/N: 22008792)","Coupler Attached (LGR S/N: 22008792)","Coupler Detached (LGR S/N: 22008792)","Host Connected (LGR S/N: 22008792)","Stopped (LGR S/N: 22008792)","End Of File (LGR S/N: 22008792)"
1,08/02/24 14:00:00,68.763,608.0,,,,,
2,08/02/24 14:10:00,68.592,496.0,,,,,
3,08/02/24 14:20:00,68.934,368.0,,,,,
4,08/02/24 14:30:00,69.964,2816.0,,,,,
5,08/02/24 14:40:00,70.308,4608.0,,,,,
6,08/02/24 14:50:00,70.308,5632.0,,,,,
7,08/02/24 15:00:00,70.308,1920.0,,,,,
8,08/02/24 15:10:00,70.308,2304.0,,,,,
9,08/02/24 15:20:00,69.964,2176.0,,,,,
10,08/02/24 15:30:00,69.793,3200.0,,,,,
11,08/02/24 15:40:00,69.964,1536.0,,,,,
12,08/02/24 15:50:00,70.137,3968.0,,,,,
13,08/02/24 16:00:00,70.137,1024.0,,,,,
14,08/02/24 16:10:00,70.308,1792.0,,,,,
15,08/02/24 16:20:00,70.137,2048.0,,,,,
16,08/02/24 16:30:00,70.651,1024.0,,,,,
17,08/02/24 16:40:00,70.480,2688.0,,,,,
18,08/02/24 16:50:00,69.964,1344.0,,,,,
19,08/02/24 17:00:00,69.449,1088.0,,,,,
20,08/02/24 17:10:00,69.278,1024.0,,,,,
21,08/02/24 17:20:00,69.793,2048.0,,,,,
22,08/02/24 17:30:00,69.107,1088.0,,,,,
23,08/02/24 17:40:00,69.278,2816.0,,,,,
24,08/02/24 17:50:00,69.793,1600.0,,,,,
25,08/02/24 18:00:00,69.964,3584.0,,,,,
26,08/02/24 18:10:00,70.137,1664.0,,,,,
27,08/02/24 18:20:00,70.308,2048.0,,,,,
28,08/02/24 18:30:00,69.793,800.0,,,,,
29,08/02/24 18:40:00,69.278,896.0,,,,,
30,08/02/24 18:50:00,69.278,704.0,,,,,
31,08/02/24 19:00:00,69.449,496.0,,,,,
32,08/02/24 19:10:00,68.934,320.0,,,,,
33,08/02/24 19:20:00,68.763,304.0,,,,,
34,08/02/24 19:30:00,68.592,240.0,,,,,
35,08/02/24 19:40:00,68.592,208.0,,,,,
36,08/02/24 19:50:00,68.421,184.0,,,,,
37,08/02/24 20:00:00,67.735,144.0,,,,,
38,08/02/24 20:10:00,68.421,94.0,,,,,
39,08/02/24 20:20:00,68.934,65.0,,,,,
40,08/02/24 20:30:00,68.248,37.0,,,,,
41,08/02/24 20:40:00,68.248,15.0,,,,,
42,08/02/24 20:50:00,68.421,4.0,,,,,
43,08/02/24 21:00:00,68.248,0.0,,,,,
44,08/02/24 21:10:00,68.592,0.0,,,,,
45,08/02/24 21:20:00,68.592,0.0,,,,,
46,08/02/24 21:30:00,69.107,0.0,,,,,
47,08/02/24 21:40:00,69.622,0.0,,,,,
48,08/02/24 21:50:00,69.622,0.0,,,,,
49,08/02/24 22:00:00,69.793,0.0,,,,,
50,08/02/24 22:10:00,69.622,0.0,,,,,
51,08/02/24 22:20:00,69.622,0.0,,,,,
52,08/02/24 22:30:00,69.793,0.0,,,,,
53,08/02/24 22:40:00,69.793,0.0,,,,,
54,08/02/24 22:50:00,69.622,0.0,,,,,
55,08/02/24 23:00:00,69.622,0.0,,,,,
56,08/02/24 23:10:00,69.793,0.0,,,,,
57,08/02/24 23:20:00,69.793,0.0,,,,,
58,08/02/24 23:30:00,69.793,0.0,,,,,
59,08/02/24 23:40:00,69.793,0.0,,,,,
60,08/02/24 23:50:00,69.793,0.0,,,,,
61,08/03/24 00:00:00,69.449,0.0,,,,,
62,08/03/24 00:10:00,69.107,0.0,,,,,
63,08/03/24 00:20:00,68.934,0.0,,,,,
64,08/03/24 00:30:00,68.934,0.0,,,,,
65,08/03/24 00:40:00,68.763,0.0,,,,,
66,08/03/24 00:50:00,68.592,0.0,,,,,
67,08/03/24 01:00:00,68.592,0.0,,,,,
68,08/03/24 01:10:00,68.763,0.0,,,,,
69,08/03/24 01:20:00,68.592,0.0,,,,,
70,08/03/24 01:30:00,68.763,0.0,,,,,
71,08/03/24 01:40:00,68.763,0.0,,,,,
72,08/03/24 01:50:00,68.763,0.0,,,,,
73,08/03/24 02:00:00,68.763,0.0,,,,,
74,08/03/24 02:10:00,68.763,0.0,,,,,
75,08/03/24 02:20:00,68.763,0.0,,,,,
76,08/03/24 02:30:00,68.763,0.0,,,,,
77,08/03/24 02:40:00,68.592,0.0,,,,,
78,08/03/24 02:50:00,68.592,0.0,,,,,
79,08/03/24 03:00:00,68.592,0.0,,,,,
80,08/03/24 03:10:00,68.592,0.0,,,,,
81,08/03/24 03:20:00,68.592,0.0,,,,,
82,08/03/24 03:30:00,68.421,0.0,,,,,
83,08/03/24 03:40:00,68.421,0.0,,,,,
84,08/03/24 03:50:00,68.421,0.0,,,,,
85,08/03/24 04:00:00,68.421,0.0,,,,,
86,08/03/24 04:10:00,68.421,0.0,,,,,
87,08/03/24 04:20:00,68.421,0.0,,,,,
88,08/03/24 04:30:00,68.421,0.0,,,,,
89,08/03/24 04:40:00,68.421,0.0,,,,,
90,08/03/24 04:50:00,68.421,0.0,,,,,
91,08/03/24 05:00:00,68.421,0.0,,,,,
92,08/03/24 05:10:00,68.421,0.0,,,,,
93,08/03/24 05:20:00,68.421,0.0,,,,,
94,08/03/24 05:30:00,68.421,0.0,,,,,
95,08/03/24 05:40:00,68.421,0.0,,,,,
96,08/03/24 05:50:00,68.421,0.0,,,,,
97,08/03/24 06:00:00,68.421,2.0,,,,,
98,08/03/24 06:10:00,68.421,10.0,,,,,
99,08/03/24 06:20:00,68.421,25.0,,,,,
100,08/03/24 06:30:00,68.421,48.0,,,,,
101,08/03/24 06:40:00,68.248,78.0,,,,,
102,08/03/24 06:50:00,68.248,111.0,,,,,
103,08/03/24 07:00:00,68.248,152.0,,,,,
104,08/03/24 07:10:00,68.248,184.0,,,,,
105,08/03/24 07:20:00,68.248,224.0,,,,,
106,08/03/24 07:30:00,68.248,288.0,,,,,
107,08/03/24 07:40:00,68.421,272.0,,,,,
108,08/03/24 07:50:00,68.248,272.0,,,,,
109,08/03/24 08:00:00,68.592,416.0,,,,,
110,08/03/24 08:10:00,68.592,1408.0,,,,,
111,08/03/24 08:20:00,68.763,1472.0,,,,,
112,08/03/24 08:30:00,68.592,512.0,,,,,
113,08/03/24 08:40:00,68.592,672.0,,,,,
114,08/03/24 08:50:00,68.592,1408.0,,,,,
115,08/03/24 09:00:00,68.592,768.0,,,,,
116,08/03/24 09:10:00,68.763,1664.0,,,,,
117,08/03/24 09:20:00,68.934,864.0,,,,,
118,08/03/24 09:30:00,68.934,896.0,,,,,
119,08/03/24 09:40:00,68.934,960.0,,,,,
120,08/03/24 09:50:00,68.763,864.0,,,,,
121,08/03/24 10:00:00,68.934,2432.0,,,,,
122,08/03/24 10:10:00,69.107,2816.0,,,,,
123,08/03/24 10:20:00,69.107,3328.0,,,,,
124,08/03/24 10:30:00,69.622,3328.0,,,,,
125,08/03/24 10:40:00,69.793,3584.0,,,,,
126,08/03/24 10:50:00,69.622,3200.0,,,,,
127,08/03/24 11:00:00,70.137,3712.0,,,,,
128,08/03/24 11:10:00,69.964,3456.0,,,,,
129,08/03/24 11:20:00,70.137,3200.0,,,,,
130,08/03/24 11:30:00,69.964,3456.0,,,,,
131,08/03/24 11:40:00,70.137,3712.0,,,,,
132,08/03/24 11:50:00,70.308,4352.0,,,,,
133,08/03/24 12:00:00,70.308,4096.0,,,,,
134,08/03/24 12:10:00,70.137,4352.0,,,,,
135,08/03/24 12:20:00,70.651,4608.0,,,,,
136,08/03/24 12:30:00,70.480,3840.0,,,,,
137,08/03/24 12:40:00,70.651,3968.0,,,,,
138,08/03/24 12:50:00,69.964,2432.0,,,,,
139,08/03/24 13:00:00,70.995,5376.0,,,,,
140,08/03/24 13:10:00,70.651,3840.0,,,,,
141,08/03/24 13:20:00,70.308,1856.0,,,,,
142,08/03/24 13:30:00,70.651,4608.0,,,,,
143,08/03/24 13:40:00,69.449,1600.0,,,,,
144,08/03/24 13:50:00,69.964,2048.0,,,,,
145,08/03/24 14:00:00,69.793,3584.0,,,,,
146,08/03/24 14:10:00,70.995,4096.0,,,,,
147,08/03/24 14:20:00,70.824,4352.0,,,,,
148,08/03/24 14:30:00,69.964,2176.0,,,,,
149,08/03/24 14:40:00,70.137,1728.0,,,,,
150,08/03/24 14:50:00,71.339,2432.0,,,,,
151,08/03/24 15:00:00,70.480,1216.0,,,,,
152,08/03/24 15:10:00,70.480,1856.0,,,,,
153,08/03/24 15:20:00,70.651,1792.0,,,,,
154,08/03/24 15:30:00,71.339,2048.0,,,,,
155,08/03/24 15:40:00,70.995,1664.0,,,,,
156,08/03/24 15:50:00,71.168,2816.0,,,,,
157,08/03/24 16:00:00,70.651,1152.0,,,,,
158,08/03/24 16:10:00,71.339,1728.0,,,,,
159,08/03/24 16:20:00,70.995,1792.0,,,,,
160,08/03/24 16:30:00,70.308,1152.0,,,,,
161,08/03/24 16:40:00,70.308,1408.0,,,,,
162,08/03/24 16:50:00,70.651,1600.0,,,,,
163,08/03/24 17:00:00,70.995,2816.0,,,,,
164,08/03/24 17:10:00,70.651,4096.0,,,,,
165,08/03/24 17:20:00,70.651,1024.0,,,,,
166,08/03/24 17:30:00,70.308,960.0,,,,,
167,08/03/24 17:40:00,70.137,896.0,,,,,
168,08/03/24 17:50:00,70.480,864.0,,,,,
169,08/03/24 18:00:00,69.964,768.0,,,,,
170,08/03/24 18:10:00,69.964,512.0,,,,,
171,08/03/24 18:20:00,69.964,496.0,,,,,
172,08/03/24 18:30:00,70.137,608.0,,,,,
173,08/03/24 18:40:00,70.137,576.0,,,,,
174,08/03/24 18:50:00,69.622,432.0,,,,,
175,08/03/24 19:00:00,69.622,384.0,,,,,
176,08/03/24 19:10:00,69.622,400.0,,,,,
177,08/03/24 19:20:00,69.278,320.0,,,,,
178,08/03/24 19:30:00,69.278,288.0,,,,,
179,08/03/24 19:40:00,69.107,288.0,,,,,
180,08/03/24 19:50:00,69.107,232.0,,,,,
181,08/03/24 20:00:00,69.107,168.0,,,,,
182,08/03/24 20:10:00,69.278,168.0,,,,,
183,08/03/24 20:20:00,69.278,98.0,,,,,
184,08/03/24 20:30:00,69.107,61.0,,,,,
185,08/03/24 20:40:00,69.107,29.0,,,,,
186,08/03/24 20:50:00,69.107,5.0,,,,,
187,08/03/24 21:00:00,69.278,0.0,,,,,
188,08/03/24 21:10:00,69.107,0.0,,,,,
189,08/03/24 21:20:00,69.278,0.0,,,,,
190,08/03/24 21:30:00,69.278,0.0,,,,,
191,08/03/24 21:40:00,69.449,0.0,,,,,
192,08/03/24 21:50:00,69.449,0.0,,,,,
193,08/03/24 22:00:00,69.622,0.0,,,,,
194,08/03/24 22:10:00,69.793,0.0,,,,,
195,08/03/24 22:20:00,69.793,0.0,,,,,
196,08/03/24 22:30:00,69.793,0.0,,,,,
197,08/03/24 22:40:00,69.793,0.0,,,,,
198,08/03/24 22:50:00,69.964,0.0,,,,,
199,08/03/24 23:00:00,69.964,0.0,,,,,
200,08/03/24 23:10:00,69.964,0.0,,,,,
201,08/03/24 23:20:00,69.964,0.0,,,,,
202,08/03/24 23:30:00,69.793,0.0,,,,,
203,08/03/24 23:40:00,69.793,0.0,,,,,
204,08/03/24 23:50:00,69.793,0.0,,,,,
205,08/04/24 00:00:00,69.793,0.0,,,,,
206,08/04/24 00:10:00,69.793,0.0,,,,,
207,08/04/24 00:20:00,69.964,0.0,,,,,
208,08/04/24 00:30:00,70.137,0.0,,,,,
209,08/04/24 00:40:00,70.137,0.0,,,,,
210,08/04/24 00:50:00,70.137,0.0,,,,,
211,08/04/24 01:00:00,69.964,0.0,,,,,
212,08/04/24 01:10:00,69.964,0.0,,,,,
213,08/04/24 01:20:00,69.964,0.0,,,,,
214,08/04/24 01:30:00,69.964,0.0,,,,,
215,08/04/24 01:40:00,69.964,0.0,,,,,
216,08/04/24 01:50:00,69.793,0.0,,,,,
217,08/04/24 02:00:00,69.793,0.0,,,,,
218,08/04/24 02:10:00,69.793,0.0,,,,,
219,08/04/24 02:20:00,69.793,0.0,,,,,
220,08/04/24 02:30:00,69.622,0.0,,,,,
221,08/04/24 02:40:00,69.622,0.0,,,,,
222,08/04/24 02:50:00,69.622,0.0,,,,,
223,08/04/24 03:00:00,69.622,0.0,,,,,
224,08/04/24 03:10:00,69.622,0.0,,,,,
225,08/04/24 03:20:00,69.449,0.0,,,,,
226,08/04/24 03:30:00,69.449,0.0,,,,,
227,08/04/24 03:40:00,69.449,0.0,,,,,
228,08/04/24 03:50:00,69.278,0.0,,,,,
229,08/04/24 04:00:00,69.278,0.0,,,,,
230,08/04/24 04:10:00,69.278,0.0,,,,,
231,08/04/24 04:20:00,69.278,0.0,,,,,
232,08/04/24 04:30:00,69.278,0.0,,,,,
233,08/04/24 04:40:00,69.278,0.0,,,,,
234,08/04/24 04:50:00,69.278,0.0,,,,,
235,08/04/24 05:00:00,69.107,0.0,,,,,
236,08/04/24 05:10:00,69.107,0.0,,,,,
237,08/04/24 05:20:00,69.107,0.0,,,,,
238,08/04/24 05:30:00,69.107,0.0,,,,,
239,08/04/24 05:40:00,69.107,0.0,,,,,
240,08/04/24 05:50:00,69.107,0.0,,,,,
241,08/04/24 06:00:00,69.107,1.0,,,,,
242,08/04/24 06:10:00,69.107,7.0,,,,,
243,08/04/24 06:20:00,69.107,15.0,,,,,
244,08/04/24 06:30:00,69.107,25.0,,,,,
245,08/04/24 06:40:00,69.107,37.0,,,,,
246,08/04/24 06:50:00,69.107,67.0,,,,,
247,08/04/24 07:00:00,69.107,144.0,,,,,
248,08/04/24 07:10:00,69.107,136.0,,,,,
249,08/04/24 07:20:00,69.107,176.0,,,,,
250,08/04/24 07:30:00,69.107,200.0,,,,,
251,08/04/24 07:40:00,69.107,240.0,,,,,
252,08/04/24 07:50:00,68.934,224.0,,,,,
253,08/04/24 08:00:00,68.934,256.0,,,,,
254,08/04/24 08:10:00,68.934,320.0,,,,,
255,08/04/24 08:20:00,69.107,384.0,,,,,
256,08/04/24 08:30:00,69.278,480.0,,,,,
257,08/04/24 08:40:00,69.107,480.0,,,,,
258,08/04/24 08:50:00,69.107,512.0,,,,,
259,08/04/24 09:00:00,69.107,512.0,,,,,
260,08/04/24 09:10:00,69.107,512.0,,,,,
261,08/04/24 09:20:00,69.107,672.0,,,,,
262,08/04/24 09:30:00,69.107,512.0,,,,,
263,08/04/24 09:40:00,69.278,1024.0,,,,,
264,08/04/24 09:50:00,70.480,1856.0,,,,,
265,08/04/24 10:00:00,69.449,1088.0,,,,,
266,08/04/24 10:10:00,69.793,2560.0,,,,,
267,08/04/24 10:20:00,70.824,7936.0,,,,,
268,08/04/24 10:30:00,70.824,2688.0,,,,,
269,08/04/24 10:40:00,70.137,1664.0,,,,,
270,08/04/24 10:50:00,69.793,1536.0,,,,,
271,08/04/24 11:00:00,69.964,1536.0,,,,,
272,08/04/24 11:10:00,69.622,1024.0,,,,,
273,08/04/24 11:20:00,69.793,1280.0,,,,,
274,08/04/24 11:30:00,69.793,896.0,,,,,
275,08/04/24 11:40:00,69.622,896.0,,,,,
276,08/04/24 11:50:00,69.622,1024.0,,,,,
277,08/04/24 12:00:00,69.622,1216.0,,,,,
278,08/04/24 12:10:00,69.964,1728.0,,,,,
279,08/04/24 12:20:00,69.793,1152.0,,,,,
280,08/04/24 12:30:00,69.622,864.0,,,,,
281,08/04/24 12:40:00,69.964,1024.0,,,,,
282,08/04/24 12:50:00,69.622,480.0,,,,,
283,08/04/24 13:00:00,69.622,800.0,,,,,
284,08/04/24 13:10:00,69.449,576.0,,,,,
285,08/04/24 13:20:00,69.793,1024.0,,,,,
286,08/04/24 13:30:00,69.793,1024.0,,,,,
287,08/04/24 13:40:00,70.137,1984.0,,,,,
288,08/04/24 13:50:00,70.480,2944.0,,,,,
289,08/04/24 14:00:00,70.308,1920.0,,,,,
290,08/04/24 14:10:00,70.480,1920.0,,,,,
291,08/04/24 14:20:00,70.824,1152.0,,,,,
292,08/04/24 14:30:00,70.651,5632.0,,,,,
293,08/04/24 14:40:00,71.168,8192.0,,,,,
294,08/04/24 14:50:00,71.339,2688.0,,,,,
295,08/04/24 15:00:00,70.651,1536.0,,,,,
296,08/04/24 15:10:00,70.137,1344.0,,,,,
297,08/04/24 15:20:00,70.480,2176.0,,,,,
298,08/04/24 15:30:00,71.339,4608.0,,,,,
299,08/04/24 15:40:00,71.168,4608.0,,,,,
300,08/04/24 15:50:00,70.824,1344.0,,,,,
301,08/04/24 16:00:00,70.824,3072.0,,,,,
302,08/04/24 16:10:00,70.651,2304.0,,,,,
303,08/04/24 16:20:00,71.168,1600.0,,,,,
304,08/04/24 16:30:00,70.480,2048.0,,,,,
305,08/04/24 16:40:00,70.651,4352.0,,,,,
306,08/04/24 16:50:00,70.480,672.0,,,,,
307,08/04/24 17:00:00,70.995,2304.0,,,,,
308,08/04/24 17:10:00,70.480,3712.0,,,,,
309,08/04/24 17:20:00,70.651,4352.0,,,,,
310,08/04/24 17:30:00,70.480,992.0,,,,,
311,08/04/24 17:40:00,70.137,800.0,,,,,
312,08/04/24 17:50:00,70.137,512.0,,,,,
313,08/04/24 18:00:00,70.651,608.0,,,,,
314,08/04/24 18:10:00,70.480,704.0,,,,,
315,08/04/24 18:20:00,70.308,304.0,,,,,
316,08/04/24 18:30:00,69.964,208.0,,,,,
317,08/04/24 18:40:00,70.137,1216.0,,,,,
318,08/04/24 18:50:00,70.137,992.0,,,,,
319,08/04/24 19:00:00,69.964,352.0,,,,,
320,08/04/24 19:10:00,69.964,304.0,,,,,
321,08/04/24 19:20:00,69.793,416.0,,,,,
322,08/04/24 19:30:00,69.793,192.0,,,,,
323,08/04/24 19:40:00,69.622,192.0,,,,,
324,08/04/24 19:50:00,69.622,232.0,,,,,
325,08/04/24 20:00:00,69.449,125.0,,,,,
326,08/04/24 20:10:00,69.449,65.0,,,,,
327,08/04/24 20:20:00,69.278,49.0,,,,,
328,08/04/24 20:30:00,69.278,35.0,,,,,
329,08/04/24 20:40:00,69.278,17.0,,,,,
330,08/04/24 20:50:00,69.107,6.0,,,,,
331,08/04/24 21:00:00,69.107,0.0,,,,,
332,08/04/24 21:10:00,69.107,0.0,,,,,
333,08/04/24 21:20:00,69.107,0.0,,,,,
334,08/04/24 21:30:00,69.107,0.0,,,,,
335,08/04/24 21:40:00,69.278,0.0,,,,,
336,08/04/24 21:50:00,69.278,0.0,,,,,
337,08/04/24 22:00:00,69.278,0.0,,,,,
338,08/04/24 22:10:00,69.278,0.0,,,,,
339,08/04/24 22:20:00,69.278,0.0,,,,,
340,08/04/24 22:30:00,69.107,0.0,,,,,
341,08/04/24 22:40:00,69.107,0.0,,,,,
342,08/04/24 22:50:00,69.107,0.0,,,,,
343,08/04/24 23:00:00,69.107,0.0,,,,,
344,08/04/24 23:10:00,69.107,0.0,,,,,
345,08/04/24 23:20:00,69.107,0.0,,,,,
346,08/04/24 23:30:00,69.107,0.0,,,,,
347,08/04/24 23:40:00,69.107,0.0,,,,,
348,08/04/24 23:50:00,68.934,0.0,,,,,
349,08/05/24 00:00:00,68.934,0.0,,,,,
350,08/05/24 00:10:00,68.934,0.0,,,,,
351,08/05/24 00:20:00,68.934,0.0,,,,,
352,08/05/24 00:30:00,68.934,0.0,,,,,
353,08/05/24 00:40:00,68.763,0.0,,,,,
354,08/05/24 00:50:00,68.763,0.0,,,,,
355,08/05/24 01:00:00,68.763,0.0,,,,,
356,08/05/24 01:10:00,68.763,0.0,,,,,
357,08/05/24 01:20:00,68.763,0.0,,,,,
358,08/05/24 01:30:00,68.763,0.0,,,,,
359,08/05/24 01:40:00,68.763,0.0,,,,,
360,08/05/24 01:50:00,68.763,0.0,,,,,
361,08/05/24 02:00:00,68.763,0.0,,,,,
362,08/05/24 02:10:00,68.763,0.0,,,,,
363,08/05/24 02:20:00,68.763,0.0,,,,,
364,08/05/24 02:30:00,68.763,0.0,,,,,
365,08/05/24 02:40:00,68.763,0.0,,,,,
366,08/05/24 02:50:00,68.763,0.0,,,,,
367,08/05/24 03:00:00,68.763,0.0,,,,,
368,08/05/24 03:10:00,68.934,0.0,,,,,
369,08/05/24 03:20:00,68.934,0.0,,,,,
370,08/05/24 03:30:00,68.763,0.0,,,,,
371,08/05/24 03:40:00,68.763,0.0,,,,,
372,08/05/24 03:50:00,68.763,0.0,,,,,
373,08/05/24 04:00:00,68.763,0.0,,,,,
374,08/05/24 04:10:00,68.763,0.0,,,,,
375,08/05/24 04:20:00,68.763,0.0,,,,,
376,08/05/24 04:30:00,68.763,0.0,,,,,
377,08/05/24 04:40:00,68.763,0.0,,,,,
378,08/05/24 04:50:00,68.763,0.0,,,,,
379,08/05/24 05:00:00,68.763,0.0,,,,,
380,08/05/24 05:10:00,68.763,0.0,,,,,
381,08/05/24 05:20:00,68.763,0.0,,,,,
382,08/05/24 05:30:00,68.763,0.0,,,,,
383,08/05/24 05:40:00,68.592,0.0,,,,,
384,08/05/24 05:50:00,68.592,0.0,,,,,
385,08/05/24 06:00:00,68.592,1.0,,,,,
386,08/05/24 06:10:00,68.592,8.0,,,,,
387,08/05/24 06:20:00,68.592,23.0,,,,,
388,08/05/24 06:30:00,68.592,41.0,,,,,
389,08/05/24 06:40:00,68.592,83.0,,,,,
390,08/05/24 06:50:00,68.592,123.0,,,,,
391,08/05/24 07:00:00,68.592,184.0,,,,,
392,08/05/24 07:10:00,68.592,192.0,,,,,
393,08/05/24 07:20:00,68.592,352.0,,,,,
394,08/05/24 07:30:00,68.763,384.0,,,,,
395,08/05/24 07:40:00,68.763,480.0,,,,,
396,08/05/24 07:50:00,68.934,864.0,,,,,
397,08/05/24 08:00:00,68.934,672.0,,,,,
398,08/05/24 08:10:00,69.107,496.0,,,,,
399,08/05/24 08:20:00,69.107,768.0,,,,,
400,08/05/24 08:30:00,69.107,1664.0,,,,,
401,08/05/24 08:40:00,69.278,1856.0,,,,,
402,08/05/24 08:50:00,69.107,1600.0,,,,,
403,08/05/24 09:00:00,69.622,1792.0,,,,,
404,08/05/24 09:10:00,69.793,1920.0,,,,,
405,08/05/24 09:20:00,69.793,2432.0,,,,,
406,08/05/24 09:30:00,69.622,2304.0,,,,,
407,08/05/24 09:40:00,69.964,2048.0,,,,,
408,08/05/24 09:50:00,70.137,1920.0,,,,,
409,08/05/24 10:00:00,70.308,2176.0,,,,,
410,08/05/24 10:10:00,70.308,1344.0,,,,,
411,08/05/24 10:20:00,70.480,3328.0,,,,,
412,08/05/24 10:30:00,70.651,2432.0,,,,,
413,08/05/24 10:40:00,70.824,1728.0,,,,,
414,08/05/24 10:50:00,70.480,2048.0,,,,,
415,08/05/24 11:00:00,70.308,1344.0,,,,,
416,08/05/24 11:10:00,70.308,2688.0,,,,,
417,08/05/24 11:20:00,70.651,6400.0,,,,,
418,08/05/24 11:30:00,71.512,4096.0,,,,,
419,08/05/24 11:40:00,71.512,2688.0,,,,,
420,08/05/24 11:50:00,70.995,1920.0,,,,,
421,08/05/24 12:00:00,70.651,5376.0,,,,,
422,08/05/24 12:10:00,71.339,3840.0,,,,,
423,08/05/24 12:20:00,71.683,5376.0,,,,,
424,08/05/24 12:30:00,71.856,3712.0,,,,,
425,08/05/24 12:40:00,71.856,5632.0,,,,,
426,08/05/24 12:50:00,72.028,4608.0,,,,,
427,08/05/24 13:00:00,72.028,4608.0,,,,,
428,08/05/24 13:10:00,72.028,3840.0,,,,,
429,08/05/24 13:20:00,71.856,6144.0,,,,,
430,08/05/24 13:30:00,72.028,7680.0,,,,,
431,08/05/24 13:40:00,71.856,1856.0,,,,,
432,08/05/24 13:50:00,70.651,1984.0,,,,,
433,08/05/24 14:00:00,70.651,1728.0,,,,,
434,08/05/24 14:10:00,70.995,1664.0,,,,,
435,08/05/24 14:20:00,72.199,2176.0,,,,,
436,08/05/24 14:30:00,72.199,2944.0,,,,,
437,08/05/24 14:40:00,72.718,3200.0,,,,,
438,08/05/24 14:50:00,72.718,3968.0,,,,,
439,08/05/24 15:00:00,71.512,4864.0,,,,,
440,08/05/24 15:10:00,72.372,3072.0,,,,,
441,08/05/24 15:20:00,72.028,2688.0,,,,,
442,08/05/24 15:30:00,72.028,4352.0,,,,,
443,08/05/24 15:40:00,71.168,1344.0,,,,,
444,08/05/24 15:50:00,70.995,1600.0,,,,,
445,08/05/24 16:00:00,72.372,3968.0,,,,,
446,08/05/24 16:10:00,72.028,3456.0,,,,,
447,08/05/24 16:20:00,72.199,3200.0,,,,,
448,08/05/24 16:30:00,72.199,8192.0,,,,,
449,08/05/24 16:40:00,71.512,2688.0,,,,,
450,08/05/24 16:50:00,71.683,1920.0,,,,,
451,08/05/24 17:00:00,70.824,1280.0,,,,,
452,08/05/24 17:10:00,71.168,1600.0,,,,,
453,08/05/24 17:20:00,70.651,1344.0,,,,,
454,08/05/24 17:30:00,70.651,1152.0,,,,,
455,08/05/24 17:40:00,70.480,896.0,,,,,
456,08/05/24 17:50:00,70.308,800.0,,,,,
457,08/05/24 18:00:00,70.308,768.0,,,,,
458,08/05/24 18:10:00,70.308,672.0,,,,,
459,08/05/24 18:20:00,70.308,512.0,,,,,
460,08/05/24 18:30:00,70.308,480.0,,,,,
461,08/05/24 18:40:00,70.137,416.0,,,,,
462,08/05/24 18:50:00,70.480,384.0,,,,,
463,08/05/24 19:00:00,70.651,368.0,,,,,
464,08/05/24 19:10:00,70.651,320.0,,,,,
465,08/05/24 19:20:00,70.480,304.0,,,,,
466,08/05/24 19:30:00,70.651,232.0,,,,,
467,08/05/24 19:40:00,70.308,152.0,,,,,
468,08/05/24 19:50:00,70.480,122.0,,,,,
469,08/05/24 20:00:00,70.480,75.0,,,,,
470,08/05/24 20:10:00,70.480,34.0,,,,,
471,08/05/24 20:20:00,70.480,16.0,,,,,
472,08/05/24 20:30:00,70.308,10.0,,,,,
473,08/05/24 20:40:00,70.824,2.0,,,,,
474,08/05/24 20:50:00,70.480,0.0,,,,,
475,08/05/24 21:00:00,70.137,0.0,,,,,
476,08/05/24 21:10:00,69.793,0.0,,,,,
477,08/05/24 21:20:00,69.793,0.0,,,,,
478,08/05/24 21:30:00,69.793,0.0,,,,,
479,08/05/24 21:40:00,69.622,0.0,,,,,
480,08/05/24 21:50:00,69.622,0.0,,,,,
481,08/05/24 22:00:00,69.622,0.0,,,,,
482,08/05/24 22:10:00,69.622,0.0,,,,,
483,08/05/24 22:20:00,69.622,0.0,,,,,
484,08/05/24 22:30:00,69.622,0.0,,,,,
485,08/05/24 22:40:00,69.622,0.0,,,,,
486,08/05/24 22:50:00,69.622,0.0,,,,,
487,08/05/24 23:00:00,69.622,0.0,,,,,
488,08/05/24 23:10:00,69.449,0.0,,,,,
489,08/05/24 23:20:00,69.449,0.0,,,,,
490,08/05/24 23:30:00,69.449,0.0,,,,,
491,08/05/24 23:40:00,69.449,0.0,,,,,
492,08/05/24 23:50:00,69.449,0.0,,,,,
493,08/06/24 00:00:00,69.449,0.0,,,,,
494,08/06/24 00:10:00,69.278,0.0,,,,,
495,08/06/24 00:20:00,69.278,0.0,,,,,
496,08/06/24 00:30:00,69.278,0.0,,,,,
497,08/06/24 00:40:00,69.278,0.0,,,,,
498,08/06/24 00:50:00,69.278,0.0,,,,,
499,08/06/24 01:00:00,69.278,0.0,,,,,
500,08/06/24 01:10:00,69.278,0.0,,,,,
501,08/06/24 01:20:00,69.278,0.0,,,,,
502,08/06/24 01:30:00,69.278,0.0,,,,,
503,08/06/24 01:40:00,69.278,0.0,,,,,
504,08/06/24 01:50:00,69.278,0.0,,,,,
505,08/06/24 02:00:00,69.278,0.0,,,,,
506,08/06/24 02:10:00,69.278,0.0,,,,,
507,08/06/24 02:20:00,69.278,0.0,,,,,
508,08/06/24 02:30:00,69.107,0.0,,,,,
509,08/06/24 02:40:00,69.107,0.0,,,,,
510,08/06/24 02:50:00,69.107,0.0,,,,,
511,08/06/24 03:00:00,69.107,0.0,,,,,
512,08/06/24 03:10:00,69.107,0.0,,,,,
513,08/06/24 03:20:00,69.107,0.0,,,,,
514,08/06/24 03:30:00,69.107,0.0,,,,,
515,08/06/24 03:40:00,69.107,0.0,,,,,
516,08/06/24 03:50:00,69.107,0.0,,,,,
517,08/06/24 04:00:00,69.107,0.0,,,,,
518,08/06/24 04:10:00,68.934,0.0,,,,,
519,08/06/24 04:20:00,68.934,0.0,,,,,
520,08/06/24 04:30:00,68.934,0.0,,,,,
521,08/06/24 04:40:00,68.934,0.0,,,,,
522,08/06/24 04:50:00,68.934,0.0,,,,,
523,08/06/24 05:00:00,68.934,0.0,,,,,
524,08/06/24 05:10:00,68.934,0.0,,,,,
525,08/06/24 05:20:00,68.934,0.0,,,,,
526,08/06/24 05:30:00,68.763,0.0,,,,,
527,08/06/24 05:40:00,68.763,0.0,,,,,
528,08/06/24 05:50:00,68.763,0.0,,,,,
529,08/06/24 06:00:00,68.763,1.0,,,,,
530,08/06/24 06:10:00,68.763,7.0,,,,,
531,08/06/24 06:20:00,68.763,20.0,,,,,
532,08/06/24 06:30:00,68.763,37.0,,,,,
533,08/06/24 06:40:00,68.763,64.0,,,,,
534,08/06/24 06:50:00,68.763,68.0,,,,,
535,08/06/24 07:00:00,68.763,95.0,,,,,
536,08/06/24 07:10:00,68.763,128.0,,,,,
537,08/06/24 07:20:00,68.763,320.0,,,,,
538,08/06/24 07:30:00,68.763,224.0,,,,,
539,08/06/24 07:40:00,68.763,304.0,,,,,
540,08/06/24 07:50:00,68.934,352.0,,,,,
541,08/06/24 08:00:00,68.934,704.0,,,,,
542,08/06/24 08:10:00,69.107,480.0,,,,,
543,08/06/24 08:20:00,69.107,672.0,,,,,
544,08/06/24 08:30:00,69.107,1408.0,,,,,
545,08/06/24 08:40:00,69.278,1728.0,,,,,
546,08/06/24 08:50:00,69.449,576.0,,,,,
547,08/06/24 09:00:00,69.622,2432.0,,,,,
548,08/06/24 09:10:00,69.793,1856.0,,,,,
549,08/06/24 09:20:00,69.964,2048.0,,,,,
550,08/06/24 09:30:00,70.137,2304.0,,,,,
551,08/06/24 09:40:00,70.308,2432.0,,,,,
552,08/06/24 09:50:00,70.308,2560.0,,,,,
553,08/06/24 10:00:00,70.480,2688.0,,,,,
554,08/06/24 10:10:00,70.480,1408.0,,,,,
555,08/06/24 10:20:00,69.793,896.0,,,,,
556,08/06/24 10:30:00,70.137,1856.0,,,,,
557,08/06/24 10:40:00,70.308,1344.0,,,,,
558,08/06/24 10:50:00,70.137,1536.0,,,,,
559,08/06/24 11:00:00,70.480,2304.0,,,,,
560,08/06/24 11:10:00,69.964,1088.0,,,,,
561,08/06/24 11:20:00,70.308,2816.0,,,,,
562,08/06/24 11:30:00,70.651,1152.0,,,,,
563,08/06/24 11:40:00,71.339,4608.0,,,,,
564,08/06/24 11:50:00,70.824,1728.0,,,,,
565,08/06/24 12:00:00,70.480,1408.0,,,,,
566,08/06/24 12:10:00,70.651,1600.0,,,,,
567,08/06/24 12:20:00,71.683,6144.0,,,,,
568,08/06/24 12:30:00,72.199,1920.0,,,,,
569,08/06/24 12:40:00,72.372,3840.0,,,,,
570,08/06/24 12:50:00,72.545,4096.0,,,,,
571,08/06/24 13:00:00,72.718,6144.0,,,,,
572,08/06/24 13:10:00,72.718,6400.0,,,,,
573,08/06/24 13:20:00,71.512,1344.0,,,,,
574,08/06/24 13:30:00,72.718,6912.0,,,,,
575,08/06/24 13:40:00,72.199,4864.0,,,,,
576,08/06/24 13:50:00,72.891,8192.0,,,,,
577,08/06/24 14:00:00,72.718,2944.0,,,,,
578,08/06/24 14:10:00,73.234,6400.0,,,,,
579,08/06/24 14:20:00,73.407,1792.0,,,,,
580,08/06/24 14:30:00,71.168,576.0,,,,,
581,08/06/24 14:40:00,70.824,248.0,,,,,
582,08/06/24 14:50:00,70.651,288.0,,,,,
583,08/06/24 15:00:00,71.168,1728.0,,,,,
584,08/06/24 15:10:00,72.545,2816.0,,,,,
585,08/06/24 15:20:00,71.339,2560.0,,,,,
586,08/06/24 15:30:00,72.891,3584.0,,,,,
587,08/06/24 15:40:00,72.891,1728.0,,,,,
588,08/06/24 15:50:00,72.718,3328.0,,,,,
589,08/06/24 16:00:00,72.718,2304.0,,,,,
590,08/06/24 16:10:00,72.891,3584.0,,,,,
591,08/06/24 16:20:00,71.168,864.0,,,,,
592,08/06/24 16:30:00,72.028,6400.0,,,,,
593,08/06/24 16:40:00,71.683,480.0,,,,,
594,08/06/24 16:50:00,71.856,2048.0,,,,,
595,08/06/24 17:00:00,71.339,672.0,,,,,
596,08/06/24 17:10:00,71.168,2432.0,,,,,
597,08/06/24 17:20:00,71.339,1856.0,,,,,
598,08/06/24 17:30:00,71.683,2048.0,,,,,
599,08/06/24 17:40:00,71.339,960.0,,,,,
600,08/06/24 17:50:00,71.339,1152.0,,,,,
601,08/06/24 18:00:00,71.512,960.0,,,,,
602,08/06/24 18:10:00,71.339,800.0,,,,,
603,08/06/24 18:20:00,71.339,576.0,,,,,
604,08/06/24 18:30:00,70.995,512.0,,,,,
605,08/06/24 18:40:00,70.824,248.0,,,,,
606,08/06/24 18:50:00,70.651,320.0,,,,,
607,08/06/24 19:00:00,70.651,480.0,,,,,
608,08/06/24 19:10:00,70.480,200.0,,,,,
609,08/06/24 19:20:00,70.480,208.0,,,,,
610,08/06/24 19:30:00,70.651,432.0,,,,,
611,08/06/24 19:40:00,70.480,192.0,,,,,
612,08/06/24 19:50:00,70.480,114.0,,,,,
613,08/06/24 20:00:00,70.308,124.0,,,,,
614,08/06/24 20:10:00,70.137,68.0,,,,,
615,08/06/24 20:20:00,69.964,53.0,,,,,
616,08/06/24 20:30:00,69.793,36.0,,,,,
617,08/06/24 20:40:00,69.793,9.0,,,,,
618,08/06/24 20:50:00,69.793,3.0,,,,,
619,08/06/24 21:00:00,69.793,0.0,,,,,
620,08/06/24 21:10:00,69.793,0.0,,,,,
621,08/06/24 21:20:00,69.622,0.0,,,,,
622,08/06/24 21:30:00,69.622,0.0,,,,,
623,08/06/24 21:40:00,69.622,0.0,,,,,
624,08/06/24 21:50:00,69.622,0.0,,,,,
625,08/06/24 22:00:00,69.622,0.0,,,,,
626,08/06/24 22:10:00,69.622,0.0,,,,,
627,08/06/24 22:20:00,69.449,0.0,,,,,
628,08/06/24 22:30:00,69.449,0.0,,,,,
629,08/06/24 22:40:00,69.449,0.0,,,,,
630,08/06/24 22:50:00,69.449,0.0,,,,,
631,08/06/24 23:00:00,69.449,0.0,,,,,
632,08/06/24 23:10:00,69.449,0.0,,,,,
633,08/06/24 23:20:00,69.449,0.0,,,,,
634,08/06/24 23:30:00,69.449,0.0,,,,,
635,08/06/24 23:40:00,69.449,0.0,,,,,
636,08/06/24 23:50:00,69.449,0.0,,,,,
637,08/07/24 00:00:00,69.449,0.0,,,,,
638,08/07/24 00:10:00,69.622,0.0,,,,,
639,08/07/24 00:20:00,69.622,0.0,,,,,
640,08/07/24 00:30:00,69.622,0.0,,,,,
641,08/07/24 00:40:00,69.622,0.0,,,,,
642,08/07/24 00:50:00,69.449,0.0,,,,,
643,08/07/24 01:00:00,69.622,0.0,,,,,
644,08/07/24 01:10:00,69.622,0.0,,,,,
645,08/07/24 01:20:00,69.449,0.0,,,,,
646,08/07/24 01:30:00,69.449,0.0,,,,,
647,08/07/24 01:40:00,69.449,0.0,,,,,
648,08/07/24 01:50:00,69.449,0.0,,,,,
649,08/07/24 02:00:00,69.449,0.0,,,,,
650,08/07/24 02:10:00,69.449,0.0,,,,,
651,08/07/24 02:20:00,69.449,0.0,,,,,
652,08/07/24 02:30:00,69.449,0.0,,,,,
653,08/07/24 02:40:00,69.449,0.0,,,,,
654,08/07/24 02:50:00,69.278,0.0,,,,,
655,08/07/24 03:00:00,69.278,0.0,,,,,
656,08/07/24 03:10:00,69.278,0.0,,,,,
657,08/07/24 03:20:00,69.278,0.0,,,,,
658,08/07/24 03:30:00,69.278,0.0,,,,,
659,08/07/24 03:40:00,69.278,0.0,,,,,
660,08/07/24 03:50:00,69.278,0.0,,,,,
661,08/07/24 04:00:00,69.278,0.0,,,,,
662,08/07/24 04:10:00,69.278,0.0,,,,,
663,08/07/24 04:20:00,69.278,0.0,,,,,
664,08/07/24 04:30:00,69.278,0.0,,,,,
665,08/07/24 04:40:00,69.278,0.0,,,,,
666,08/07/24 04:50:00,69.107,0.0,,,,,
667,08/07/24 05:00:00,69.107,0.0,,,,,
668,08/07/24 05:10:00,69.107,0.0,,,,,
669,08/07/24 05:20:00,69.107,0.0,,,,,
670,08/07/24 05:30:00,69.107,0.0,,,,,
671,08/07/24 05:40:00,69.107,0.0,,,,,
672,08/07/24 05:50:00,68.934,0.0,,,,,
673,08/07/24 06:00:00,68.934,0.0,,,,,
674,08/07/24 06:10:00,68.934,5.0,,,,,
675,08/07/24 06:20:00,68.934,15.0,,,,,
676,08/07/24 06:30:00,68.934,33.0,,,,,
677,08/07/24 06:40:00,68.934,61.0,,,,,
678,08/07/24 06:50:00,68.934,109.0,,,,,
679,08/07/24 07:00:00,68.934,144.0,,,,,
680,08/07/24 07:10:00,68.934,160.0,,,,,
681,08/07/24 07:20:00,68.934,256.0,,,,,
682,08/07/24 07:30:00,68.934,256.0,,,,,
683,08/07/24 07:40:00,68.934,272.0,,,,,
684,08/07/24 07:50:00,69.107,368.0,,,,,
685,08/07/24 08:00:00,69.107,400.0,,,,,
686,08/07/24 08:10:00,69.107,704.0,,,,,
687,08/07/24 08:20:00,69.107,512.0,,,,,
688,08/07/24 08:30:00,69.107,864.0,,,,,
689,08/07/24 08:40:00,69.278,1344.0,,,,,
690,08/07/24 08:50:00,69.278,2560.0,,,,,
691,08/07/24 09:00:00,69.278,800.0,,,,,
692,08/07/24 09:10:00,69.449,1344.0,,,,,
693,08/07/24 09:20:00,69.622,1600.0,,,,,
694,08/07/24 09:30:00,69.622,1280.0,,,,,
695,08/07/24 09:40:00,69.793,1152.0,,,,,
696,08/07/24 09:50:00,69.964,1408.0,,,,,
697,08/07/24 10:00:00,69.964,2048.0,,,,,
698,08/07/24 10:10:00,70.137,1408.0,,,,,
699,08/07/24 10:20:00,70.137,1664.0,,,,,
700,08/07/24 10:30:00,70.137,1728.0,,,,,
701,08/07/24 10:40:00,70.137,1216.0,,,,,
702,08/07/24 10:50:00,70.480,1984.0,,,,,
703,08/07/24 11:00:00,70.480,1536.0,,,,,
704,08/07/24 11:10:00,70.480,1216.0,,,,,
705,08/07/24 11:20:00,70.480,1600.0,,,,,
706,08/07/24 11:30:00,70.651,2816.0,,,,,
707,08/07/24 11:40:00,70.651,2432.0,,,,,
708,08/07/24 11:50:00,70.651,2176.0,,,,,
709,08/07/24 12:00:00,70.651,2048.0,,,,,
710,08/07/24 12:10:00,70.824,3072.0,,,,,
711,08/07/24 12:20:00,70.824,5632.0,,,,,
712,08/07/24 12:30:00,71.168,4096.0,,,,,
713,08/07/24 12:40:00,71.339,4864.0,,,,,
714,08/07/24 12:50:00,71.512,3840.0,,,,,
715,08/07/24 13:00:00,71.512,3840.0,,,,,
716,08/07/24 13:10:00,71.683,4096.0,,,,,
717,08/07/24 13:20:00,71.856,3712.0,,,,,
718,08/07/24 13:30:00,71.856,4096.0,,,,,
719,08/07/24 13:40:00,71.856,4608.0,,,,,
720,08/07/24 13:50:00,71.339,1280.0,,,,,
721,08/07/24 14:00:00,72.028,4096.0,,,,,
722,08/07/24 14:10:00,72.028,2304.0,,,,,
723,08/07/24 14:20:00,72.372,4096.0,,,,,
724,08/07/24 14:30:00,72.199,1600.0,,,,,
725,08/07/24 14:40:00,72.199,1920.0,,,,,
726,08/07/24 14:50:00,71.856,2816.0,,,,,
727,08/07/24 15:00:00,71.683,3712.0,,,,,
728,08/07/24 15:10:00,71.856,2560.0,,,,,
729,08/07/24 15:20:00,71.683,4096.0,,,,,
730,08/07/24 15:30:00,71.856,3968.0,,,,,
731,08/07/24 15:40:00,71.856,5632.0,,,,,
732,08/07/24 15:50:00,71.856,4096.0,,,,,
733,08/07/24 16:00:00,71.683,3456.0,,,,,
734,08/07/24 16:10:00,71.683,3840.0,,,,,
735,08/07/24 16:20:00,71.683,1472.0,,,,,
736,08/07/24 16:30:00,71.512,2048.0,,,,,
737,08/07/24 16:40:00,71.168,3968.0,,,,,
738,08/07/24 16:50:00,71.339,992.0,,,,,
739,08/07/24 17:00:00,70.995,2304.0,,,,,
740,08/07/24 17:10:00,70.995,1344.0,,,,,
741,08/07/24 17:20:00,70.824,960.0,,,,,
742,08/07/24 17:30:00,70.480,1280.0,,,,,
743,08/07/24 17:40:00,70.651,608.0,,,,,
744,08/07/24 17:50:00,70.480,3200.0,,,,,
745,08/07/24 18:00:00,70.308,512.0,,,,,
746,08/07/24 18:10:00,70.308,672.0,,,,,
747,08/07/24 18:20:00,70.137,960.0,,,,,
748,08/07/24 18:30:00,70.137,480.0,,,,,
749,08/07/24 18:40:00,69.964,512.0,,,,,
750,08/07/24 18:50:00,69.964,480.0,,,,,
751,08/07/24 19:00:00,69.793,480.0,,,,,
752,08/07/24 19:10:00,69.793,352.0,,,,,
753,08/07/24 19:20:00,69.622,224.0,,,,,
754,08/07/24 19:30:00,69.622,224.0,,,,,
755,08/07/24 19:40:00,69.449,288.0,,,,,
756,08/07/24 19:50:00,69.278,168.0,,,,,
757,08/07/24 20:00:00,69.278,136.0,,,,,
758,08/07/24 20:10:00,69.278,98.0,,,,,
759,08/07/24 20:20:00,69.278,58.0,,,,,
760,08/07/24 20:30:00,69.278,21.0,,,,,
761,08/07/24 20:40:00,69.278,9.0,,,,,
762,08/07/24 20:50:00,69.107,2.0,,,,,
763,08/07/24 21:00:00,69.107,0.0,,,,,
764,08/07/24 21:10:00,69.107,0.0,,,,,
765,08/07/24 21:20:00,69.107,0.0,,,,,
766,08/07/24 21:30:00,69.107,0.0,,,,,
767,08/07/24 21:40:00,69.107,0.0,,,,,
768,08/07/24 21:50:00,69.107,0.0,,,,,
769,08/07/24 22:00:00,69.107,0.0,,,,,
770,08/07/24 22:10:00,69.107,0.0,,,,,
771,08/07/24 22:20:00,68.934,0.0,,,,,
772,08/07/24 22:30:00,69.107,0.0,,,,,
773,08/07/24 22:40:00,69.107,0.0,,,,,
774,08/07/24 22:50:00,69.107,0.0,,,,,
775,08/07/24 23:00:00,69.107,0.0,,,,,
776,08/07/24 23:10:00,69.107,0.0,,,,,
777,08/07/24 23:20:00,69.107,0.0,,,,,
778,08/07/24 23:30:00,69.107,0.0,,,,,
779,08/07/24 23:40:00,69.107,0.0,,,,,
780,08/07/24 23:50:00,69.107,0.0,,,,,
781,08/08/24 00:00:00,69.107,0.0,,,,,
782,08/08/24 00:10:00,69.107,0.0,,,,,
783,08/08/24 00:20:00,69.107,0.0,,,,,
784,08/08/24 00:30:00,69.107,0.0,,,,,
785,08/08/24 00:40:00,69.107,0.0,,,,,
786,08/08/24 00:50:00,68.934,0.0,,,,,
787,08/08/24 01:00:00,68.934,0.0,,,,,
788,08/08/24 01:10:00,68.934,0.0,,,,,
789,08/08/24 01:20:00,68.934,0.0,,,,,
790,08/08/24 01:30:00,68.934,0.0,,,,,
791,08/08/24 01:40:00,68.934,0.0,,,,,
792,08/08/24 01:50:00,68.934,0.0,,,,,
793,08/08/24 02:00:00,68.934,0.0,,,,,
794,08/08/24 02:10:00,68.934,0.0,,,,,
795,08/08/24 02:20:00,68.934,0.0,,,,,
796,08/08/24 02:30:00,68.763,0.0,,,,,
797,08/08/24 02:40:00,68.934,0.0,,,,,
798,08/08/24 02:50:00,68.763,0.0,,,,,
799,08/08/24 03:00:00,68.934,0.0,,,,,
800,08/08/24 03:10:00,68.763,0.0,,,,,
801,08/08/24 03:20:00,68.763,0.0,,,,,
802,08/08/24 03:30:00,68.763,0.0,,,,,
803,08/08/24 03:40:00,68.763,0.0,,,,,
804,08/08/24 03:50:00,68.763,0.0,,,,,
805,08/08/24 04:00:00,68.763,0.0,,,,,
806,08/08/24 04:10:00,68.763,0.0,,,,,
807,08/08/24 04:20:00,68.763,0.0,,,,,
808,08/08/24 04:30:00,68.763,0.0,,,,,
809,08/08/24 04:40:00,68.763,0.0,,,,,
810,08/08/24 04:50:00,68.763,0.0,,,,,
811,08/08/24 05:00:00,68.763,0.0,,,,,
812,08/08/24 05:10:00,68.763,0.0,,,,,
813,08/08/24 05:20:00,68.763,0.0,,,,,
814,08/08/24 05:30:00,68.763,0.0,,,,,
815,08/08/24 05:40:00,68.763,0.0,,,,,
816,08/08/24 05:50:00,68.763,0.0,,,,,
817,08/08/24 06:00:00,68.592,0.0,,,,,
818,08/08/24 06:10:00,68.592,1.0,,,,,
819,08/08/24 06:20:00,68.592,6.0,,,,,
820,08/08/24 06:30:00,68.592,17.0,,,,,
821,08/08/24 06:40:00,68.592,38.0,,,,,
822,08/08/24 06:50:00,68.592,85.0,,,,,
823,08/08/24 07:00:00,68.592,108.0,,,,,
824,08/08/24 07:10:00,68.592,136.0,,,,,
825,08/08/24 07:20:00,68.592,176.0,,,,,
826,08/08/24 07:30:00,68.592,224.0,,,,,
827,08/08/24 07:40:00,68.592,256.0,,,,,
828,08/08/24 07:50:00,68.592,304.0,,,,,
829,08/08/24 08:00:00,68.592,320.0,,,,,
830,08/08/24 08:10:00,68.592,368.0,,,,,
831,08/08/24 08:20:00,68.592,368.0,,,,,
832,08/08/24 08:30:00,68.763,608.0,,,,,
833,08/08/24 08:40:00,69.278,1152.0,,,,,
834,08/08/24 08:50:00,68.934,704.0,,,,,
835,08/08/24 09:00:00,68.934,864.0,,,,,
836,08/08/24 09:10:00,68.934,768.0,,,,,
837,08/08/24 09:20:00,68.934,864.0,,,,,
838,08/08/24 09:30:00,68.934,704.0,,,,,
839,08/08/24 09:40:00,69.278,1152.0,,,,,
840,08/08/24 09:50:00,69.793,3072.0,,,,,
841,08/08/24 10:00:00,69.793,1472.0,,,,,
842,08/08/24 10:10:00,69.793,1600.0,,,,,
843,08/08/24 10:20:00,69.793,2944.0,,,,,
844,08/08/24 10:30:00,69.622,2432.0,,,,,
845,08/08/24 10:40:00,70.137,1344.0,,,,,
846,08/08/24 10:50:00,70.308,3200.0,,,,,
847,08/08/24 11:00:00,69.964,2688.0,,,,,
848,08/08/24 11:10:00,70.824,3072.0,,,,,
849,08/08/24 11:20:00,70.995,2304.0,,,,,
850,08/08/24 11:30:00,70.308,1664.0,,,,,
851,08/08/24 11:40:00,70.308,2176.0,,,,,
852,08/08/24 11:50:00,70.308,1536.0,,,,,
853,08/08/24 12:00:00,70.995,2176.0,,,,,
854,08/08/24 12:10:00,71.512,3968.0,,,,,
855,08/08/24 12:20:00,71.339,2688.0,,,,,
856,08/08/24 12:30:00,71.683,6656.0,,,,,
857,08/08/24 12:40:00,72.028,3712.0,,,,,
858,08/08/24 12:50:00,71.512,3456.0,,,,,
859,08/08/24 13:00:00,71.512,4352.0,,,,,
860,08/08/24 13:10:00,71.856,4352.0,,,,,
861,08/08/24 13:20:00,70.995,6656.0,,,,,
862,08/08/24 13:30:00,70.308,1472.0,,,,,
863,08/08/24 13:40:00,70.308,1600.0,,,,,
864,08/08/24 13:50:00,70.651,2176.0,,,,,
865,08/08/24 14:00:00,70.651,2048.0,,,,,
866,08/08/24 14:10:00,70.480,1664.0,,,,,
867,08/08/24 14:20:00,70.651,1920.0,,,,,
868,08/08/24 14:30:00,70.995,2688.0,,,,,
869,08/08/24 14:40:00,72.199,4352.0,,,,,
870,08/08/24 14:50:00,71.856,1728.0,,,,,
871,08/08/24 15:00:00,71.856,2816.0,,,,,
872,08/08/24 15:10:00,71.512,1792.0,,,,,
873,08/08/24 15:20:00,71.168,2816.0,,,,,
874,08/08/24 15:30:00,70.995,1344.0,,,,,
875,08/08/24 15:40:00,70.824,1344.0,,,,,
876,08/08/24 15:50:00,70.480,1152.0,,,,,
877,08/08/24 16:00:00,70.651,1088.0,,,,,
878,08/08/24 16:10:00,70.651,1344.0,,,,,
879,08/08/24 16:20:00,70.308,896.0,,,,,
880,08/08/24 16:30:00,70.308,896.0,,,,,
881,08/08/24 16:40:00,70.308,992.0,,,,,
882,08/08/24 16:50:00,70.308,800.0,,,,,
883,08/08/24 17:00:00,70.137,768.0,,,,,
884,08/08/24 17:10:00,69.964,576.0,,,,,
885,08/08/24 17:20:00,69.793,336.0,,,,,
886,08/08/24 17:30:00,69.793,480.0,,,,,
887,08/08/24 17:40:00,69.793,512.0,,,,,
888,08/08/24 17:50:00,70.137,864.0,,,,,
889,08/08/24 18:00:00,69.793,448.0,,,,,
890,08/08/24 18:10:00,70.137,1152.0,,,,,
891,08/08/24 18:20:00,69.793,304.0,,,,,
892,08/08/24 18:30:00,69.622,272.0,,,,,
893,08/08/24 18:40:00,69.622,384.0,,,,,
894,08/08/24 18:50:00,69.622,432.0,,,,,
895,08/08/24 19:00:00,69.449,184.0,,,,,
896,08/08/24 19:10:00,69.278,176.0,,,,,
897,08/08/24 19:20:00,69.278,144.0,,,,,
898,08/08/24 19:30:00,69.107,103.0,,,,,
899,08/08/24 19:40:00,69.107,86.0,,,,,
900,08/08/24 19:50:00,68.934,71.0,,,,,
901,08/08/24 20:00:00,68.934,54.0,,,,,
902,08/08/24 20:10:00,68.934,36.0,,,,,
903,08/08/24 20:20:00,68.763,23.0,,,,,
904,08/08/24 20:30:00,68.763,13.0,,,,,
905,08/08/24 20:40:00,68.763,3.0,,,,,
906,08/08/24 20:50:00,68.763,0.0,,,,,
907,08/08/24 21:00:00,68.763,0.0,,,,,
908,08/08/24 21:10:00,68.763,0.0,,,,,
909,08/08/24 21:20:00,68.592,0.0,,,,,
910,08/08/24 21:30:00,68.592,0.0,,,,,
911,08/08/24 21:40:00,68.592,0.0,,,,,
912,08/08/24 21:50:00,68.592,0.0,,,,,
913,08/08/24 22:00:00,68.592,0.0,,,,,
914,08/08/24 22:10:00,68.592,0.0,,,,,
915,08/08/24 22:20:00,68.592,0.0,,,,,
916,08/08/24 22:30:00,68.592,0.0,,,,,
917,08/08/24 22:40:00,68.592,0.0,,,,,
918,08/08/24 22:50:00,68.592,0.0,,,,,
919,08/08/24 23:00:00,68.421,0.0,,,,,
920,08/08/24 23:10:00,68.421,0.0,,,,,
921,08/08/24 23:20:00,68.421,0.0,,,,,
922,08/08/24 23:30:00,68.421,0.0,,,,,
923,08/08/24 23:40:00,68.421,0.0,,,,,
924,08/08/24 23:50:00,68.421,0.0,,,,,
925,08/09/24 00:00:00,68.421,0.0,,,,,
926,08/09/24 00:10:00,68.421,0.0,,,,,
927,08/09/24 00:20:00,68.421,0.0,,,,,
928,08/09/24 00:30:00,68.248,0.0,,,,,
929,08/09/24 00:40:00,68.248,0.0,,,,,
930,08/09/24 00:50:00,68.421,0.0,,,,,
931,08/09/24 01:00:00,68.421,0.0,,,,,
932,08/09/24 01:10:00,68.248,0.0,,,,,
933,08/09/24 01:20:00,68.248,0.0,,,,,
934,08/09/24 01:30:00,68.248,0.0,,,,,
935,08/09/24 01:40:00,68.248,0.0,,,,,
936,08/09/24 01:50:00,68.248,0.0,,,,,
937,08/09/24 02:00:00,68.248,0.0,,,,,
938,08/09/24 02:10:00,68.248,0.0,,,,,
939,08/09/24 02:20:00,68.248,0.0,,,,,
940,08/09/24 02:30:00,68.248,0.0,,,,,
941,08/09/24 02:40:00,68.077,0.0,,,,,
942,08/09/24 02:50:00,68.248,0.0,,,,,
943,08/09/24 03:00:00,68.248,0.0,,,,,
944,08/09/24 03:10:00,68.248,0.0,,,,,
945,08/09/24 03:20:00,68.077,0.0,,,,,
946,08/09/24 03:30:00,68.077,0.0,,,,,
947,08/09/24 03:40:00,68.077,0.0,,,,,
948,08/09/24 03:50:00,68.077,0.0,,,,,
949,08/09/24 04:00:00,68.077,0.0,,,,,
950,08/09/24 04:10:00,68.077,0.0,,,,,
951,08/09/24 04:20:00,68.077,0.0,,,,,
952,08/09/24 04:30:00,68.077,0.0,,,,,
953,08/09/24 04:40:00,68.077,0.0,,,,,
954,08/09/24 04:50:00,68.077,0.0,,,,,
955,08/09/24 05:00:00,68.077,0.0,,,,,
956,08/09/24 05:10:00,68.077,0.0,,,,,
957,08/09/24 05:20:00,68.077,0.0,,,,,
958,08/09/24 05:30:00,67.906,0.0,,,,,
959,08/09/24 05:40:00,67.906,0.0,,,,,
960,08/09/24 05:50:00,68.077,0.0,,,,,
961,08/09/24 06:00:00,67.906,0.0,,,,,
962,08/09/24 06:10:00,67.906,1.0,,,,,
963,08/09/24 06:20:00,67.906,7.0,,,,,
964,08/09/24 06:30:00,67.906,17.0,,,,,
965,08/09/24 06:40:00,67.906,8.0,,,,,
966,08/09/24 06:50:00,67.906,9.0,,,,,
967,08/09/24 07:00:00,67.906,52.0,,,,,
968,08/09/24 07:10:00,67.906,128.0,,,,,
969,08/09/24 07:20:00,68.077,119.0,,,,,
970,08/09/24 07:30:00,67.906,152.0,,,,,
971,08/09/24 07:40:00,67.906,232.0,,,,,
972,08/09/24 07:50:00,68.077,208.0,,,,,
973,08/09/24 08:00:00,68.077,272.0,,,,,
974,08/09/24 08:10:00,68.421,496.0,,,,,
975,08/09/24 08:20:00,68.421,512.0,,,,,
976,08/09/24 08:30:00,68.421,672.0,,,,,
977,08/09/24 08:40:00,68.421,608.0,,,,,
978,08/09/24 08:50:00,68.421,1152.0,,,,,
979,08/09/24 09:00:00,68.592,1536.0,,,,,
980,08/09/24 09:10:00,68.763,1216.0,,,,,
981,08/09/24 09:20:00,68.763,608.0,,,,,
982,08/09/24 09:30:00,68.934,864.0,,,,,
983,08/09/24 09:40:00,68.934,1728.0,,,,,
984,08/09/24 09:50:00,69.107,864.0,,,,,
985,08/09/24 10:00:00,69.449,896.0,,,,,
986,08/09/24 10:10:00,69.107,896.0,,,,,
987,08/09/24 10:20:00,69.278,896.0,,,,,
988,08/09/24 10:30:00,69.278,2560.0,,,,,
989,08/09/24 10:40:00,70.137,6912.0,,,,,
990,08/09/24 10:50:00,70.137,2688.0,,,,,
991,08/09/24 11:00:00,70.137,1664.0,,,,,
992,08/09/24 11:10:00,70.308,2176.0,,,,,
993,08/09/24 11:20:00,70.308,2688.0,,,,,
994,08/09/24 11:30:00,70.308,1600.0,,,,,
995,08/09/24 11:40:00,70.308,2816.0,,,,,
996,08/09/24 11:50:00,70.137,3200.0,,,,,
997,08/09/24 12:00:00,69.793,1344.0,,,,,
998,08/09/24 12:10:00,68.077,864.0,,,,,
999,08/09/24 12:20:00,68.934,704.0,,,,,
1000,08/09/24 12:30:00,68.934,608.0,,,,,
1001,08/09/24 12:40:00,69.449,2944.0,,,,,
1002,08/09/24 12:50:00,69.107,1152.0,,,,,
1003,08/09/24 13:00:00,68.763,512.0,,,,,
1004,08/09/24 13:10:00,68.763,864.0,,,,,
1005,08/09/24 13:20:00,69.107,1024.0,,,,,
1006,08/09/24 13:30:00,68.592,496.0,,,,,
1007,08/09/24 13:40:00,68.592,704.0,,,,,
1008,08/09/24 13:50:00,68.421,400.0,,,,,
1009,08/09/24 14:00:00,68.592,368.0,,,,,
1010,08/09/24 14:10:00,68.592,608.0,,,,,
1011,08/09/24 14:20:00,68.763,1024.0,,,,,
1012,08/09/24 14:30:00,68.934,1536.0,,,,,
1013,08/09/24 14:40:00,68.763,896.0,,,,,
1014,08/09/24 14:50:00,68.763,1152.0,,,,,
1015,08/09/24 15:00:00,68.763,960.0,,,,,
1016,08/09/24 15:10:00,68.592,960.0,,,,,
1017,08/09/24 15:20:00,68.763,1152.0,,,,,
1018,08/09/24 15:30:00,70.308,4608.0,,,,,
1019,08/09/24 15:40:00,70.308,1984.0,,,,,
1020,08/09/24 15:50:00,70.137,3456.0,,,,,
1021,08/09/24 16:00:00,69.964,3968.0,,,,,
1022,08/09/24 16:10:00,69.964,2816.0,,,,,
1023,08/09/24 16:20:00,69.964,1344.0,,,,,
1024,08/09/24 16:30:00,69.793,2048.0,,,,,
1025,08/09/24 16:40:00,69.793,1088.0,,,,,
1026,08/09/24 16:50:00,69.793,2560.0,,,,,
1027,08/09/24 17:00:00,69.622,2688.0,,,,,
1028,08/09/24 17:10:00,69.622,896.0,,,,,
1029,08/09/24 17:20:00,69.449,1920.0,,,,,
1030,08/09/24 17:30:00,69.449,1152.0,,,,,
1031,08/09/24 17:40:00,69.278,1920.0,,,,,
1032,08/09/24 17:50:00,69.449,864.0,,,,,
1033,08/09/24 18:00:00,69.107,800.0,,,,,
1034,08/09/24 18:10:00,68.763,512.0,,,,,
1035,08/09/24 18:20:00,68.763,672.0,,,,,
1036,08/09/24 18:30:00,68.763,480.0,,,,,
1037,08/09/24 18:40:00,68.592,384.0,,,,,
1038,08/09/24 18:50:00,68.592,416.0,,,,,
1039,08/09/24 19:00:00,68.592,272.0,,,,,
1040,08/09/24 19:10:00,68.592,288.0,,,,,
1041,08/09/24 19:20:00,68.421,232.0,,,,,
1042,08/09/24 19:30:00,68.421,168.0,,,,,
1043,08/09/24 19:40:00,68.421,144.0,,,,,
1044,08/09/24 19:50:00,68.248,77.0,,,,,
1045,08/09/24 20:00:00,68.248,55.0,,,,,
1046,08/09/24 20:10:00,68.248,62.0,,,,,
1047,08/09/24 20:20:00,68.248,33.0,,,,,
1048,08/09/24 20:30:00,68.248,12.0,,,,,
1049,08/09/24 20:40:00,68.077,5.0,,,,,
1050,08/09/24 20:50:00,68.248,0.0,,,,,
1051,08/09/24 21:00:00,68.077,0.0,,,,,
1052,08/09/24 21:10:00,68.077,0.0,,,,,
1053,08/09/24 21:20:00,68.077,0.0,,,,,
1054,08/09/24 21:30:00,68.077,0.0,,,,,
1055,08/09/24 21:40:00,68.077,0.0,,,,,
1056,08/09/24 21:50:00,68.077,0.0,,,,,
1057,08/09/24 22:00:00,68.077,0.0,,,,,
1058,08/09/24 22:10:00,68.077,0.0,,,,,
1059,08/09/24 22:20:00,68.077,0.0,,,,,
1060,08/09/24 22:30:00,68.077,0.0,,,,,
1061,08/09/24 22:40:00,68.077,0.0,,,,,
1062,08/09/24 22:50:00,68.077,0.0,,,,,
1063,08/09/24 23:00:00,68.077,0.0,,,,,
1064,08/09/24 23:10:00,67.906,0.0,,,,,
1065,08/09/24 23:20:00,67.906,0.0,,,,,
1066,08/09/24 23:30:00,67.906,0.0,,,,,
1067,08/09/24 23:40:00,67.906,0.0,,,,,
1068,08/09/24 23:50:00,67.906,0.0,,,,,
1069,08/10/24 00:00:00,67.906,0.0,,,,,
1070,08/10/24 00:10:00,67.906,0.0,,,,,
1071,08/10/24 00:20:00,67.906,0.0,,,,,
1072,08/10/24 00:30:00,67.735,0.0,,,,,
1073,08/10/24 00:40:00,67.735,0.0,,,,,
1074,08/10/24 00:50:00,67.735,0.0,,,,,
1075,08/10/24 01:00:00,67.735,0.0,,,,,
1076,08/10/24 01:10:00,67.735,0.0,,,,,
1077,08/10/24 01:20:00,67.735,0.0,,,,,
1078,08/10/24 01:30:00,67.564,0.0,,,,,
1079,08/10/24 01:40:00,67.735,0.0,,,,,
1080,08/10/24 01:50:00,67.564,0.0,,,,,
1081,08/10/24 02:00:00,67.564,0.0,,,,,
1082,08/10/24 02:10:00,67.564,0.0,,,,,
1083,08/10/24 02:20:00,67.564,0.0,,,,,
1084,08/10/24 02:30:00,67.564,0.0,,,,,
1085,08/10/24 02:40:00,67.564,0.0,,,,,
1086,08/10/24 02:50:00,67.392,0.0,,,,,
1087,08/10/24 03:00:00,67.392,0.0,,,,,
1088,08/10/24 03:10:00,67.392,0.0,,,,,
1089,08/10/24 03:20:00,67.221,0.0,,,,,
1090,08/10/24 03:30:00,67.221,0.0,,,,,
1091,08/10/24 03:40:00,67.050,0.0,,,,,
1092,08/10/24 03:50:00,67.221,0.0,,,,,
1093,08/10/24 04:00:00,67.221,0.0,,,,,
1094,08/10/24 04:10:00,67.221,0.0,,,,,
1095,08/10/24 04:20:00,67.050,0.0,,,,,
1096,08/10/24 04:30:00,67.050,0.0,,,,,
1097,08/10/24 04:40:00,67.050,0.0,,,,,
1098,08/10/24 04:50:00,67.050,0.0,,,,,
1099,08/10/24 05:00:00,67.050,0.0,,,,,
1100,08/10/24 05:10:00,67.050,0.0,,,,,
1101,08/10/24 05:20:00,67.050,0.0,,,,,
1102,08/10/24 05:30:00,67.221,0.0,,,,,
1103,08/10/24 05:40:00,67.221,0.0,,,,,
1104,08/10/24 05:50:00,67.221,0.0,,,,,
1105,08/10/24 06:00:00,67.221,0.0,,,,,
1106,08/10/24 06:10:00,67.221,3.0,,,,,
1107,08/10/24 06:20:00,67.221,11.0,,,,,
1108,08/10/24 06:30:00,67.050,31.0,,,,,
1109,08/10/24 06:40:00,67.050,66.0,,,,,
1110,08/10/24 06:50:00,67.221,123.0,,,,,
1111,08/10/24 07:00:00,67.221,152.0,,,,,
1112,08/10/24 07:10:00,67.221,192.0,,,,,
1113,08/10/24 07:20:00,67.392,224.0,,,,,
1114,08/10/24 07:30:00,67.392,288.0,,,,,
1115,08/10/24 07:40:00,67.392,320.0,,,,,
1116,08/10/24 07:50:00,67.392,512.0,,,,,
1117,08/10/24 08:00:00,67.564,480.0,,,,,
1118,08/10/24 08:10:00,67.564,480.0,,,,,
1119,08/10/24 08:20:00,67.564,768.0,,,,,
1120,08/10/24 08:30:00,67.735,864.0,,,,,
1121,08/10/24 08:40:00,67.735,864.0,,,,,
1122,08/10/24 08:50:00,67.735,864.0,,,,,
1123,08/10/24 09:00:00,67.906,800.0,,,,,
1124,08/10/24 09:10:00,67.906,2688.0,,,,,
1125,08/10/24 09:20:00,67.906,704.0,,,,,
1126,08/10/24 09:30:00,68.077,1856.0,,,,,
1127,08/10/24 09:40:00,68.421,1792.0,,,,,
1128,08/10/24 09:50:00,68.248,896.0,,,,,
1129,08/10/24 10:00:00,68.421,1920.0,,,,,
1130,08/10/24 10:10:00,68.421,3072.0,,,,,
1131,08/10/24 10:20:00,68.077,704.0,,,,,
1132,08/10/24 10:30:00,68.077,768.0,,,,,
1133,08/10/24 10:40:00,68.421,2176.0,,,,,
1134,08/10/24 10:50:00,68.934,3200.0,,,,,
1135,08/10/24 11:00:00,67.735,352.0,,,,,
1136,08/10/24 11:10:00,67.735,464.0,,,,,
1137,08/10/24 11:20:00,67.906,1024.0,,,,,
1138,08/10/24 11:30:00,68.077,672.0,,,,,
1139,08/10/24 11:40:00,68.077,1152.0,,,,,
1140,08/10/24 11:50:00,68.248,1024.0,,,,,
1141,08/10/24 12:00:00,67.735,272.0,,,,,
1142,08/10/24 12:10:00,67.564,144.0,,,,,
1143,08/10/24 12:20:00,67.564,216.0,,,,,
1144,08/10/24 12:30:00,68.248,1152.0,,,,,
1145,08/10/24 12:40:00,68.592,4864.0,,,,,
1146,08/10/24 12:50:00,69.278,3712.0,,,,,
1147,08/10/24 13:00:00,68.592,3328.0,,,,,
1148,08/10/24 13:10:00,68.077,672.0,,,,,
1149,08/10/24 13:20:00,67.564,240.0,,,,,
1150,08/10/24 13:30:00,67.735,864.0,,,,,
1151,08/10/24 13:40:00,68.421,1728.0,,,,,
1152,08/10/24 13:50:00,68.421,2944.0,,,,,
1153,08/10/24 14:00:00,68.248,1280.0,,,,,
1154,08/10/24 14:10:00,68.763,3584.0,,,,,
1155,08/10/24 14:20:00,69.107,5376.0,,,,,
1156,08/10/24 14:30:00,68.421,1600.0,,,,,
1157,08/10/24 14:40:00,69.107,2048.0,,,,,
1158,08/10/24 14:50:00,68.592,1408.0,,,,,
1159,08/10/24 15:00:00,68.592,1536.0,,,,,
1160,08/10/24 15:10:00,68.248,960.0,,,,,
1161,08/10/24 15:20:00,68.421,1152.0,,,,,
1162,08/10/24 15:30:00,69.622,3456.0,,,,,
1163,08/10/24 15:40:00,69.622,4352.0,,,,,
1164,08/10/24 15:50:00,69.278,1856.0,,,,,
1165,08/10/24 16:00:00,69.449,3072.0,,,,,
1166,08/10/24 16:10:00,69.278,2944.0,,,,,
1167,08/10/24 16:20:00,69.278,1728.0,,,,,
1168,08/10/24 16:30:00,69.278,2048.0,,,,,
1169,08/10/24 16:40:00,69.278,4096.0,,,,,
1170,08/10/24 16:50:00,69.107,4096.0,,,,,
1171,08/10/24 17:00:00,68.934,864.0,,,,,
1172,08/10/24 17:10:00,68.592,1088.0,,,,,
1173,08/10/24 17:20:00,68.592,576.0,,,,,
1174,08/10/24 17:30:00,68.592,2432.0,,,,,
1175,08/10/24 17:40:00,67.906,480.0,,,,,
1176,08/10/24 17:50:00,68.248,608.0,,,,,
1177,08/10/24 18:00:00,68.421,1152.0,,,,,
1178,08/10/24 18:10:00,67.906,432.0,,,,,
1179,08/10/24 18:20:00,68.421,672.0,,,,,
1180,08/10/24 18:30:00,68.248,512.0,,,,,
1181,08/10/24 18:40:00,68.248,448.0,,,,,
1182,08/10/24 18:50:00,68.077,704.0,,,,,
1183,08/10/24 19:00:00,67.906,256.0,,,,,
1184,08/10/24 19:10:00,67.735,216.0,,,,,
1185,08/10/24 19:20:00,67.735,136.0,,,,,
1186,08/10/24 19:30:00,67.735,114.0,,,,,
1187,08/10/24 19:40:00,67.564,94.0,,,,,
1188,08/10/24 19:50:00,67.564,87.0,,,,,
1189,08/10/24 20:00:00,67.564,62.0,,,,,
1190,08/10/24 20:10:00,67.564,41.0,,,,,
1191,08/10/24 20:20:00,67.564,23.0,,,,,
1192,08/10/24 20:30:00,67.564,12.0,,,,,
1193,08/10/24 20:40:00,67.564,4.0,,,,,
1194,08/10/24 20:50:00,67.392,0.0,,,,,
1195,08/10/24 21:00:00,67.392,0.0,,,,,
1196,08/10/24 21:10:00,67.392,0.0,,,,,
1197,08/10/24 21:20:00,67.392,0.0,,,,,
1198,08/10/24 21:30:00,67.392,0.0,,,,,
1199,08/10/24 21:40:00,67.392,0.0,,,,,
1200,08/10/24 21:50:00,67.392,0.0,,,,,
1201,08/10/24 22:00:00,67.221,0.0,,,,,
1202,08/10/24 22:10:00,67.221,0.0,,,,,
1203,08/10/24 22:20:00,67.221,0.0,,,,,
1204,08/10/24 22:30:00,67.221,0.0,,,,,
1205,08/10/24 22:40:00,67.221,0.0,,,,,
1206,08/10/24 22:50:00,67.050,0.0,,,,,
1207,08/10/24 23:00:00,67.050,0.0,,,,,
1208,08/10/24 23:10:00,67.050,0.0,,,,,
1209,08/10/24 23:20:00,67.050,0.0,,,,,
1210,08/10/24 23:30:00,66.879,0.0,,,,,
1211,08/10/24 23:40:00,66.708,0.0,,,,,
1212,08/10/24 23:50:00,66.879,0.0,,,,,
1213,08/11/24 00:00:00,66.708,0.0,,,,,
1214,08/11/24 00:10:00,66.879,0.0,,,,,
1215,08/11/24 00:20:00,66.708,0.0,,,,,
1216,08/11/24 00:30:00,66.708,0.0,,,,,
1217,08/11/24 00:40:00,66.708,0.0,,,,,
1218,08/11/24 00:50:00,66.708,0.0,,,,,
1219,08/11/24 01:00:00,66.708,0.0,,,,,
1220,08/11/24 01:10:00,66.879,0.0,,,,,
1221,08/11/24 01:20:00,66.879,0.0,,,,,
1222,08/11/24 01:30:00,66.879,0.0,,,,,
1223,08/11/24 01:40:00,66.879,0.0,,,,,
1224,08/11/24 01:50:00,66.879,0.0,,,,,
1225,08/11/24 02:00:00,66.879,0.0,,,,,
1226,08/11/24 02:10:00,66.879,0.0,,,,,
1227,08/11/24 02:20:00,66.879,0.0,,,,,
1228,08/11/24 02:30:00,66.879,0.0,,,,,
1229,08/11/24 02:40:00,66.879,0.0,,,,,
1230,08/11/24 02:50:00,66.879,0.0,,,,,
1231,08/11/24 03:00:00,66.879,0.0,,,,,
1232,08/11/24 03:10:00,66.879,0.0,,,,,
1233,08/11/24 03:20:00,66.708,0.0,,,,,
1234,08/11/24 03:30:00,66.708,0.0,,,,,
1235,08/11/24 03:40:00,66.708,0.0,,,,,
1236,08/11/24 03:50:00,66.708,0.0,,,,,
1237,08/11/24 04:00:00,66.708,0.0,,,,,
1238,08/11/24 04:10:00,66.708,0.0,,,,,
1239,08/11/24 04:20:00,66.708,0.0,,,,,
1240,08/11/24 04:30:00,66.708,0.0,,,,,
1241,08/11/24 04:40:00,66.537,0.0,,,,,
1242,08/11/24 04:50:00,66.537,0.0,,,,,
1243,08/11/24 05:00:00,66.537,0.0,,,,,
1244,08/11/24 05:10:00,66.366,0.0,,,,,
1245,08/11/24 05:20:00,66.537,0.0,,,,,
1246,08/11/24 05:30:00,66.366,0.0,,,,,
1247,08/11/24 05:40:00,66.366,0.0,,,,,
1248,08/11/24 05:50:00,66.366,0.0,,,,,
1249,08/11/24 06:00:00,66.366,0.0,,,,,
1250,08/11/24 06:10:00,66.366,2.0,,,,,
1251,08/11/24 06:20:00,66.366,9.0,,,,,
1252,08/11/24 06:30:00,66.366,26.0,,,,,
1253,08/11/24 06:40:00,66.366,63.0,,,,,
1254,08/11/24 06:50:00,66.366,105.0,,,,,
1255,08/11/24 07:00:00,66.366,152.0,,,,,
1256,08/11/24 07:10:00,66.366,216.0,,,,,
1257,08/11/24 07:20:00,66.366,240.0,,,,,
1258,08/11/24 07:30:00,66.537,432.0,,,,,
1259,08/11/24 07:40:00,66.537,432.0,,,,,
1260,08/11/24 07:50:00,66.537,800.0,,,,,
1261,08/11/24 08:00:00,66.708,896.0,,,,,
1262,08/11/24 08:10:00,66.708,1536.0,,,,,
1263,08/11/24 08:20:00,66.879,1344.0,,,,,
1264,08/11/24 08:30:00,66.879,1856.0,,,,,
1265,08/11/24 08:40:00,67.050,608.0,,,,,
1266,08/11/24 08:50:00,67.050,1728.0,,,,,
1267,08/11/24 09:00:00,67.221,1600.0,,,,,
1268,08/11/24 09:10:00,67.392,2048.0,,,,,
1269,08/11/24 09:20:00,67.392,2048.0,,,,,
1270,08/11/24 09:30:00,67.564,2176.0,,,,,
1271,08/11/24 09:40:00,67.564,2432.0,,,,,
1272,08/11/24 09:50:00,67.735,2816.0,,,,,
1273,08/11/24 10:00:00,67.735,1728.0,,,,,
1274,08/11/24 10:10:00,67.564,864.0,,,,,
1275,08/11/24 10:20:00,67.735,768.0,,,,,
1276,08/11/24 10:30:00,67.564,768.0,,,,,
1277,08/11/24 10:40:00,67.735,768.0,,,,,
1278,08/11/24 10:50:00,67.735,800.0,,,,,
1279,08/11/24 11:00:00,67.906,768.0,,,,,
1280,08/11/24 11:10:00,68.077,1088.0,,,,,
1281,08/11/24 11:20:00,68.248,704.0,,,,,
1282,08/11/24 11:30:00,68.934,4096.0,,,,,
1283,08/11/24 11:40:00,69.107,4352.0,,,,,
1284,08/11/24 11:50:00,68.934,2176.0,,,,,
1285,08/11/24 12:00:00,68.934,1408.0,,,,,
1286,08/11/24 12:10:00,68.763,2304.0,,,,,
1287,08/11/24 12:20:00,69.449,1408.0,,,,,
1288,08/11/24 12:30:00,69.278,1792.0,,,,,
1289,08/11/24 12:40:00,69.622,2432.0,,,,,
1290,08/11/24 12:50:00,69.964,3712.0,,,,,
1291,08/11/24 13:00:00,70.137,6144.0,,,,,
1292,08/11/24 13:10:00,69.964,2304.0,,,,,
1293,08/11/24 13:20:00,69.793,3584.0,,,,,
1294,08/11/24 13:30:00,69.107,2304.0,,,,,
1295,08/11/24 13:40:00,69.622,1856.0,,,,,
1296,08/11/24 13:50:00,69.964,4608.0,,,,,
1297,08/11/24 14:00:00,69.449,3072.0,,,,,
1298,08/11/24 14:10:00,69.964,6400.0,,,,,
1299,08/11/24 14:20:00,69.964,4608.0,,,,,
1300,08/11/24 14:30:00,69.622,3584.0,,,,,
1301,08/11/24 14:40:00,70.137,3328.0,,,,,
1302,08/11/24 14:50:00,70.137,2304.0,,,,,
1303,08/11/24 15:00:00,69.793,2816.0,,,,,
1304,08/11/24 15:10:00,69.622,1216.0,,,,,
1305,08/11/24 15:20:00,69.107,3968.0,,,,,
1306,08/11/24 15:30:00,69.449,3968.0,,,,,
1307,08/11/24 15:40:00,69.793,7168.0,,,,,
1308,08/11/24 15:50:00,68.934,2816.0,,,,,
1309,08/11/24 16:00:00,69.278,5120.0,,,,,
1310,08/11/24 16:10:00,69.964,2816.0,,,,,
1311,08/11/24 16:20:00,69.793,2560.0,,,,,
1312,08/11/24 16:30:00,68.934,1600.0,,,,,
1313,08/11/24 16:40:00,69.107,1408.0,,,,,
1314,08/11/24 16:50:00,69.278,1024.0,,,,,
1315,08/11/24 17:00:00,68.934,1664.0,,,,,
1316,08/11/24 17:10:00,69.449,1600.0,,,,,
1317,08/11/24 17:20:00,69.107,1152.0,,,,,
1318,08/11/24 17:30:00,69.107,896.0,,,,,
1319,08/11/24 17:40:00,69.449,992.0,,,,,
1320,08/11/24 17:50:00,69.622,1344.0,,,,,
1321,08/11/24 18:00:00,69.622,608.0,,,,,
1322,08/11/24 18:10:00,69.278,512.0,,,,,
1323,08/11/24 18:20:00,68.763,992.0,,,,,
1324,08/11/24 18:30:00,68.763,272.0,,,,,
1325,08/11/24 18:40:00,68.934,480.0,,,,,
1326,08/11/24 18:50:00,69.107,400.0,,,,,
1327,08/11/24 19:00:00,69.107,432.0,,,,,
1328,08/11/24 19:10:00,68.763,232.0,,,,,
1329,08/11/24 19:20:00,68.763,232.0,,,,,
1330,08/11/24 19:30:00,68.763,232.0,,,,,
1331,08/11/24 19:40:00,68.592,128.0,,,,,
1332,08/11/24 19:50:00,68.248,111.0,,,,,
1333,08/11/24 20:00:00,68.248,90.0,,,,,
1334,08/11/24 20:10:00,68.248,61.0,,,,,
1335,08/11/24 20:20:00,68.248,36.0,,,,,
1336,08/11/24 20:30:00,68.248,15.0,,,,,
1337,08/11/24 20:40:00,68.248,5.0,,,,,
1338,08/11/24 20:50:00,68.248,0.0,,,,,
1339,08/11/24 21:00:00,68.248,0.0,,,,,
1340,08/11/24 21:10:00,68.248,0.0,,,,,
1341,08/11/24 21:20:00,68.421,0.0,,,,,
1342,08/11/24 21:30:00,68.248,0.0,,,,,
1343,08/11/24 21:40:00,68.248,0.0,,,,,
1344,08/11/24 21:50:00,68.248,0.0,,,,,
1345,08/11/24 22:00:00,68.248,0.0,,,,,
1346,08/11/24 22:10:00,68.077,0.0,,,,,
1347,08/11/24 22:20:00,68.077,0.0,,,,,
1348,08/11/24 22:30:00,68.077,0.0,,,,,
1349,08/11/24 22:40:00,68.077,0.0,,,,,
1350,08/11/24 22:50:00,68.077,0.0,,,,,
1351,08/11/24 23:00:00,68.077,0.0,,,,,
1352,08/11/24 23:10:00,67.906,0.0,,,,,
1353,08/11/24 23:20:00,67.906,0.0,,,,,
1354,08/11/24 23:30:00,67.906,0.0,,,,,
1355,08/11/24 23:40:00,67.906,0.0,,,,,
1356,08/11/24 23:50:00,67.735,0.0,,,,,
1357,08/12/24 00:00:00,67.735,0.0,,,,,
1358,08/12/24 00:10:00,67.735,0.0,,,,,
1359,08/12/24 00:20:00,67.735,0.0,,,,,
1360,08/12/24 00:30:00,67.735,0.0,,,,,
1361,08/12/24 00:40:00,67.735,0.0,,,,,
1362,08/12/24 00:50:00,67.735,0.0,,,,,
1363,08/12/24 01:00:00,67.564,0.0,,,,,
1364,08/12/24 01:10:00,67.564,0.0,,,,,
1365,08/12/24 01:20:00,67.564,0.0,,,,,
1366,08/12/24 01:30:00,67.564,0.0,,,,,
1367,08/12/24 01:40:00,67.392,0.0,,,,,
1368,08/12/24 01:50:00,67.392,0.0,,,,,
1369,08/12/24 02:00:00,67.392,0.0,,,,,
1370,08/12/24 02:10:00,67.221,0.0,,,,,
1371,08/12/24 02:20:00,67.221,0.0,,,,,
1372,08/12/24 02:30:00,67.050,0.0,,,,,
1373,08/12/24 02:40:00,67.050,0.0,,,,,
1374,08/12/24 02:50:00,67.050,0.0,,,,,
1375,08/12/24 03:00:00,67.050,0.0,,,,,
1376,08/12/24 03:10:00,66.879,0.0,,,,,
1377,08/12/24 03:20:00,66.879,0.0,,,,,
1378,08/12/24 03:30:00,66.879,0.0,,,,,
1379,08/12/24 03:40:00,66.879,0.0,,,,,
1380,08/12/24 03:50:00,66.879,0.0,,,,,
1381,08/12/24 04:00:00,66.879,0.0,,,,,
1382,08/12/24 04:10:00,66.879,0.0,,,,,
1383,08/12/24 04:20:00,66.879,0.0,,,,,
1384,08/12/24 04:30:00,66.879,0.0,,,,,
1385,08/12/24 04:40:00,66.879,0.0,,,,,
1386,08/12/24 04:50:00,66.879,0.0,,,,,
1387,08/12/24 05:00:00,66.879,0.0,,,,,
1388,08/12/24 05:10:00,67.050,0.0,,,,,
1389,08/12/24 05:20:00,67.050,0.0,,,,,
1390,08/12/24 05:30:00,67.050,0.0,,,,,
1391,08/12/24 05:40:00,67.050,0.0,,,,,
1392,08/12/24 05:50:00,67.050,0.0,,,,,
1393,08/12/24 06:00:00,67.050,0.0,,,,,
1394,08/12/24 06:10:00,67.050,0.0,,,,,
1395,08/12/24 06:20:00,67.050,2.0,,,,,
1396,08/12/24 06:30:00,67.050,10.0,,,,,
1397,08/12/24 06:40:00,67.050,13.0,,,,,
1398,08/12/24 06:50:00,67.050,17.0,,,,,
1399,08/12/24 07:00:00,67.050,25.0,,,,,
1400,08/12/24 07:10:00,67.050,72.0,,,,,
1401,08/12/24 07:20:00,67.050,75.0,,,,,
1402,08/12/24 07:30:00,67.050,69.0,,,,,
1403,08/12/24 07:40:00,66.879,152.0,,,,,
1404,08/12/24 07:50:00,66.879,128.0,,,,,
1405,08/12/24 08:00:00,66.879,176.0,,,,,
1406,08/12/24 08:10:00,66.879,168.0,,,,,
1407,08/12/24 08:20:00,66.879,304.0,,,,,
1408,08/12/24 08:30:00,66.879,248.0,,,,,
1409,08/12/24 08:40:00,66.879,352.0,,,,,
1410,08/12/24 08:50:00,66.879,352.0,,,,,
1411,08/12/24 09:00:00,66.879,320.0,,,,,
1412,08/12/24 09:10:00,67.221,864.0,,,,,
1413,08/12/24 09:20:00,67.735,992.0,,,,,
1414,08/12/24 09:30:00,67.735,608.0,,,,,
1415,08/12/24 09:40:00,67.906,1344.0,,,,,
1416,08/12/24 09:50:00,68.077,3072.0,,,,,
1417,08/12/24 10:00:00,68.077,2816.0,,,,,
1418,08/12/24 10:10:00,67.906,2944.0,,,,,
1419,08/12/24 10:20:00,68.248,2432.0,,,,,
1420,08/12/24 10:30:00,68.248,7680.0,,,,,
1421,08/12/24 10:40:00,68.248,1664.0,,,,,
1422,08/12/24 10:50:00,68.421,4864.0,,,,,
1423,08/12/24 11:00:00,68.592,3968.0,,,,,
1424,08/12/24 11:10:00,68.763,2688.0,,,,,
1425,08/12/24 11:20:00,68.763,4864.0,,,,,
1426,08/12/24 11:30:00,68.934,3200.0,,,,,
1427,08/12/24 11:40:00,69.107,3328.0,,,,,
1428,08/12/24 11:50:00,69.107,3200.0,,,,,
1429,08/12/24 12:00:00,69.278,3456.0,,,,,
1430,08/12/24 12:10:00,69.278,3584.0,,,,,
1431,08/12/24 12:20:00,69.449,3840.0,,,,,
1432,08/12/24 12:30:00,69.622,1984.0,,,,,
1433,08/12/24 12:40:00,69.622,5888.0,,,,,
1434,08/12/24 12:50:00,69.622,6656.0,,,,,
1435,08/12/24 13:00:00,68.934,1472.0,,,,,
1436,08/12/24 13:10:00,69.622,2816.0,,,,,
1437,08/12/24 13:20:00,69.793,1792.0,,,,,
1438,08/12/24 13:30:00,69.964,5376.0,,,,,
1439,08/12/24 13:40:00,69.622,5376.0,,,,,
1440,08/12/24 13:50:00,69.449,4096.0,,,,,
1441,08/12/24 14:00:00,68.077,1152.0,,,,,
1442,08/12/24 14:10:00,67.735,704.0,,,,,
1443,08/12/24 14:20:00,67.564,336.0,,,,,
1444,08/12/24 14:30:00,67.564,864.0,,,,,
1445,08/12/24 14:40:00,67.735,1536.0,,,,,
1446,08/12/24 14:50:00,67.564,512.0,,,,,
1447,08/12/24 15:00:00,67.392,304.0,,,,,
1448,08/12/24 15:10:00,67.221,224.0,,,,,
1449,08/12/24 15:20:00,67.392,480.0,,,,,
1450,08/12/24 15:30:00,67.392,384.0,,,,,
1451,08/12/24 15:40:00,67.392,480.0,,,,,
1452,08/12/24 15:50:00,67.564,704.0,,,,,
1453,08/12/24 16:00:00,67.392,672.0,,,,,
1454,08/12/24 16:10:00,67.735,704.0,,,,,
1455,08/12/24 16:20:00,68.421,704.0,,,,,
1456,08/12/24 16:30:00,68.763,608.0,,,,,
1457,08/12/24 16:40:00,67.564,336.0,,,,,
1458,08/12/24 16:50:00,67.392,368.0,,,,,
1459,08/12/24 17:00:00,67.221,304.0,,,,,
1460,08/12/24 17:10:00,67.735,960.0,,,,,
1461,08/12/24 17:20:00,67.392,512.0,,,,,
1462,08/12/24 17:30:00,67.906,1152.0,,,,,
1463,08/12/24 17:40:00,67.906,672.0,,,,,
1464,08/12/24 17:50:00,67.735,576.0,,,,,
1465,08/12/24 18:00:00,67.735,1024.0,,,,,
1466,08/12/24 18:10:00,67.906,1024.0,,,,,
1467,08/12/24 18:20:00,68.077,1344.0,,,,,
1468,08/12/24 18:30:00,68.077,896.0,,,,,
1469,08/12/24 18:40:00,67.735,672.0,,,,,
1470,08/12/24 18:50:00,67.735,1024.0,,,,,
1471,08/12/24 19:00:00,67.564,576.0,,,,,
1472,08/12/24 19:10:00,67.392,368.0,,,,,
1473,08/12/24 19:20:00,67.392,512.0,,,,,
1474,08/12/24 19:30:00,67.392,288.0,,,,,
1475,08/12/24 19:40:00,67.221,192.0,,,,,
1476,08/12/24 19:50:00,67.221,208.0,,,,,
1477,08/12/24 20:00:00,67.221,192.0,,,,,
1478,08/12/24 20:10:00,67.221,98.0,,,,,
1479,08/12/24 20:20:00,67.050,87.0,,,,,
1480,08/12/24 20:30:00,67.050,29.0,,,,,
1481,08/12/24 20:40:00,67.050,5.0,,,,,
1482,08/12/24 20:50:00,67.050,0.0,,,,,
1483,08/12/24 21:00:00,67.050,0.0,,,,,
1484,08/12/24 21:10:00,67.050,0.0,,,,,
1485,08/12/24 21:20:00,67.050,0.0,,,,,
1486,08/12/24 21:30:00,67.050,0.0,,,,,
1487,08/12/24 21:40:00,67.050,0.0,,,,,
1488,08/12/24 21:50:00,66.879,0.0,,,,,
1489,08/12/24 22:00:00,66.879,0.0,,,,,
1490,08/12/24 22:10:00,66.879,0.0,,,,,
1491,08/12/24 22:20:00,66.879,0.0,,,,,
1492,08/12/24 22:30:00,66.879,0.0,,,,,
1493,08/12/24 22:40:00,66.879,0.0,,,,,
1494,08/12/24 22:50:00,66.879,0.0,,,,,
1495,08/12/24 23:00:00,66.879,0.0,,,,,
1496,08/12/24 23:10:00,66.879,0.0,,,,,
1497,08/12/24 23:20:00,66.879,0.0,,,,,
1498,08/12/24 23:30:00,66.879,0.0,,,,,
1499,08/12/24 23:40:00,66.708,0.0,,,,,
1500,08/12/24 23:50:00,66.708,0.0,,,,,
1501,08/13/24 00:00:00,66.708,0.0,,,,,
1502,08/13/24 00:10:00,66.537,0.0,,,,,
1503,08/13/24 00:20:00,66.537,0.0,,,,,
1504,08/13/24 00:30:00,66.366,0.0,,,,,
1505,08/13/24 00:40:00,66.366,0.0,,,,,
1506,08/13/24 00:50:00,66.537,0.0,,,,,
1507,08/13/24 01:00:00,66.537,0.0,,,,,
1508,08/13/24 01:10:00,66.537,0.0,,,,,
1509,08/13/24 01:20:00,66.537,0.0,,,,,
1510,08/13/24 01:30:00,66.537,0.0,,,,,
1511,08/13/24 01:40:00,66.708,0.0,,,,,
1512,08/13/24 01:50:00,66.708,0.0,,,,,
1513,08/13/24 02:00:00,66.708,0.0,,,,,
1514,08/13/24 02:10:00,66.708,0.0,,,,,
1515,08/13/24 02:20:00,66.708,0.0,,,,,
1516,08/13/24 02:30:00,66.537,0.0,,,,,
1517,08/13/24 02:40:00,66.537,0.0,,,,,
1518,08/13/24 02:50:00,66.366,0.0,,,,,
1519,08/13/24 03:00:00,66.366,0.0,,,,,
1520,08/13/24 03:10:00,66.366,0.0,,,,,
1521,08/13/24 03:20:00,66.366,0.0,,,,,
1522,08/13/24 03:30:00,66.366,0.0,,,,,
1523,08/13/24 03:40:00,66.366,0.0,,,,,
1524,08/13/24 03:50:00,66.366,0.0,,,,,
1525,08/13/24 04:00:00,66.366,0.0,,,,,
1526,08/13/24 04:10:00,66.366,0.0,,,,,
1527,08/13/24 04:20:00,66.366,0.0,,,,,
1528,08/13/24 04:30:00,66.366,0.0,,,,,
1529,08/13/24 04:40:00,66.366,0.0,,,,,
1530,08/13/24 04:50:00,66.366,0.0,,,,,
1531,08/13/24 05:00:00,66.366,0.0,,,,,
1532,08/13/24 05:10:00,66.366,0.0,,,,,
1533,08/13/24 05:20:00,66.366,0.0,,,,,
1534,08/13/24 05:30:00,66.366,0.0,,,,,
1535,08/13/24 05:40:00,66.366,0.0,,,,,
1536,08/13/24 05:50:00,66.193,0.0,,,,,
1537,08/13/24 06:00:00,66.193,0.0,,,,,
1538,08/13/24 06:10:00,66.193,1.0,,,,,
1539,08/13/24 06:20:00,66.193,7.0,,,,,
1540,08/13/24 06:30:00,66.193,18.0,,,,,
1541,08/13/24 06:40:00,66.193,44.0,,,,,
1542,08/13/24 06:50:00,66.193,88.0,,,,,
1543,08/13/24 07:00:00,66.193,224.0,,,,,
1544,08/13/24 07:10:00,66.193,208.0,,,,,
1545,08/13/24 07:20:00,66.193,160.0,,,,,
1546,08/13/24 07:30:00,66.366,432.0,,,,,
1547,08/13/24 07:40:00,66.366,704.0,,,,,
1548,08/13/24 07:50:00,66.537,608.0,,,,,
1549,08/13/24 08:00:00,66.708,672.0,,,,,
1550,08/13/24 08:10:00,66.879,896.0,,,,,
1551,08/13/24 08:20:00,66.537,432.0,,,,,
1552,08/13/24 08:30:00,66.537,480.0,,,,,
1553,08/13/24 08:40:00,66.708,672.0,,,,,
1554,08/13/24 08:50:00,66.537,480.0,,,,,
1555,08/13/24 09:00:00,66.366,232.0,,,,,
1556,08/13/24 09:10:00,66.366,272.0,,,,,
1557,08/13/24 09:20:00,66.366,304.0,,,,,
1558,08/13/24 09:30:00,66.366,464.0,,,,,
1559,08/13/24 09:40:00,66.366,320.0,,,,,
1560,08/13/24 09:50:00,66.366,336.0,,,,,
1561,08/13/24 10:00:00,66.366,248.0,,,,,
1562,08/13/24 10:10:00,66.366,320.0,,,,,
1563,08/13/24 10:20:00,66.537,496.0,,,,,
1564,08/13/24 10:30:00,66.366,192.0,,,,,
1565,08/13/24 10:40:00,66.193,104.0,,,,,
1566,08/13/24 10:50:00,66.193,60.0,,,,,
1567,08/13/24 11:00:00,66.193,90.0,,,,,
1568,08/13/24 11:10:00,66.193,216.0,,,,,
1569,08/13/24 11:20:00,66.366,704.0,,,,,
1570,08/13/24 11:30:00,66.366,704.0,,,,,
1571,08/13/24 11:40:00,66.366,480.0,,,,,
1572,08/13/24 11:50:00,66.193,288.0,,,,,
1573,08/13/24 12:00:00,66.366,480.0,,,,,
1574,08/13/24 12:10:00,66.366,272.0,,,,,
1575,08/13/24 12:20:00,66.193,184.0,,,,,
1576,08/13/24 12:30:00,66.193,232.0,,,,,
1577,08/13/24 12:40:00,66.193,121.0,,,,,
1578,08/13/24 12:50:00,66.193,144.0,,,,,
1579,08/13/24 13:00:00,66.366,400.0,,,,,
1580,08/13/24 13:10:00,66.537,1152.0,,,,,
1581,08/13/24 13:20:00,67.221,2944.0,,,,,
1582,08/13/24 13:30:00,68.077,2944.0,,,,,
1583,08/13/24 13:40:00,68.934,4608.0,,,,,
1584,08/13/24 13:50:00,68.592,3968.0,,,,,
1585,08/13/24 14:00:00,68.077,3584.0,,,,,
1586,08/13/24 14:10:00,67.392,2048.0,,,,,
1587,08/13/24 14:20:00,67.392,1600.0,,,,,
1588,08/13/24 14:30:00,67.221,1024.0,,,,,
1589,08/13/24 14:40:00,66.879,960.0,,,,,
1590,08/13/24 14:50:00,66.879,864.0,,,,,
1591,08/13/24 15:00:00,66.879,992.0,,,,,
1592,08/13/24 15:10:00,66.879,960.0,,,,,
1593,08/13/24 15:20:00,66.879,960.0,,,,,
1594,08/13/24 15:30:00,66.879,800.0,,,,,
1595,08/13/24 15:40:00,66.708,768.0,,,,,
1596,08/13/24 15:50:00,67.564,2688.0,,,,,
1597,08/13/24 16:00:00,67.221,1344.0,,,,,
1598,08/13/24 16:10:00,67.392,1792.0,,,,,
1599,08/13/24 16:20:00,68.248,3072.0,,,,,
1600,08/13/24 16:30:00,67.050,1152.0,,,,,
1601,08/13/24 16:40:00,66.879,704.0,,,,,
1602,08/13/24 16:50:00,66.708,608.0,,,,,
1603,08/13/24 17:00:00,66.708,608.0,,,,,
1604,08/13/24 17:10:00,66.879,768.0,,,,,
1605,08/13/24 17:20:00,67.050,704.0,,,,,
1606,08/13/24 17:30:00,66.879,512.0,,,,,
1607,08/13/24 17:40:00,66.879,608.0,,,,,
1608,08/13/24 17:50:00,66.708,368.0,,,,,
1609,08/13/24 18:00:00,66.537,168.0,,,,,
1610,08/13/24 18:10:00,66.537,368.0,,,,,
1611,08/13/24 18:20:00,66.537,272.0,,,,,
1612,08/13/24 18:30:00,66.537,200.0,,,,,
1613,08/13/24 18:40:00,66.366,216.0,,,,,
1614,08/13/24 18:50:00,66.537,248.0,,,,,
1615,08/13/24 19:00:00,66.537,200.0,,,,,
1616,08/13/24 19:10:00,66.537,160.0,,,,,
1617,08/13/24 19:20:00,66.366,136.0,,,,,
1618,08/13/24 19:30:00,66.366,124.0,,,,,
1619,08/13/24 19:40:00,66.366,104.0,,,,,
1620,08/13/24 19:50:00,66.366,121.0,,,,,
1621,08/13/24 20:00:00,66.193,97.0,,,,,
1622,08/13/24 20:10:00,66.193,44.0,,,,,
1623,08/13/24 20:20:00,66.193,26.0,,,,,
1624,08/13/24 20:30:00,66.022,6.0,,,,,
1625,08/13/24 20:40:00,66.022,1.0,,,,,
1626,08/13/24 20:50:00,66.022,0.0,,,,,
1627,08/13/24 21:00:00,66.022,0.0,,,,,
1628,08/13/24 21:10:00,66.022,0.0,,,,,
1629,08/13/24 21:20:00,66.022,0.0,,,,,
1630,08/13/24 21:30:00,66.022,0.0,,,,,
1631,08/13/24 21:40:00,66.022,0.0,,,,,
1632,08/13/24 21:50:00,66.022,0.0,,,,,
1633,08/13/24 22:00:00,65.851,0.0,,,,,
1634,08/13/24 22:10:00,66.022,0.0,,,,,
1635,08/13/24 22:20:00,66.022,0.0,,,,,
1636,08/13/24 22:30:00,66.022,0.0,,,,,
1637,08/13/24 22:40:00,66.022,0.0,,,,,
1638,08/13/24 22:50:00,66.022,0.0,,,,,
1639,08/13/24 23:00:00,66.022,0.0,,,,,
1640,08/13/24 23:10:00,66.022,0.0,,,,,
1641,08/13/24 23:20:00,66.022,0.0,,,,,
1642,08/13/24 23:30:00,66.022,0.0,,,,,
1643,08/13/24 23:40:00,66.022,0.0,,,,,
1644,08/13/24 23:50:00,65.851,0.0,,,,,
1645,08/14/24 00:00:00,65.851,0.0,,,,,
1646,08/14/24 00:10:00,65.851,0.0,,,,,
1647,08/14/24 00:20:00,65.851,0.0,,,,,
1648,08/14/24 00:30:00,65.851,0.0,,,,,
1649,08/14/24 00:40:00,65.851,0.0,,,,,
1650,08/14/24 00:50:00,65.851,0.0,,,,,
1651,08/14/24 01:00:00,65.851,0.0,,,,,
1652,08/14/24 01:10:00,65.851,0.0,,,,,
1653,08/14/24 01:20:00,65.851,0.0,,,,,
1654,08/14/24 01:30:00,65.851,0.0,,,,,
1655,08/14/24 01:40:00,65.851,0.0,,,,,
1656,08/14/24 01:50:00,65.851,0.0,,,,,
1657,08/14/24 02:00:00,65.851,0.0,,,,,
1658,08/14/24 02:10:00,65.851,0.0,,,,,
1659,08/14/24 02:20:00,65.851,0.0,,,,,
1660,08/14/24 02:30:00,65.851,0.0,,,,,
1661,08/14/24 02:40:00,65.680,0.0,,,,,
1662,08/14/24 02:50:00,65.680,0.0,,,,,
1663,08/14/24 03:00:00,65.680,0.0,,,,,
1664,08/14/24 03:10:00,65.680,0.0,,,,,
1665,08/14/24 03:20:00,65.680,0.0,,,,,
1666,08/14/24 03:30:00,65.680,0.0,,,,,
1667,08/14/24 03:40:00,65.680,0.0,,,,,
1668,08/14/24 03:50:00,65.680,0.0,,,,,
1669,08/14/24 04:00:00,65.680,0.0,,,,,
1670,08/14/24 04:10:00,65.680,0.0,,,,,
1671,08/14/24 04:20:00,65.680,0.0,,,,,
1672,08/14/24 04:30:00,65.680,0.0,,,,,
1673,08/14/24 04:40:00,65.509,0.0,,,,,
1674,08/14/24 04:50:00,65.509,0.0,,,,,
1675,08/14/24 05:00:00,65.509,0.0,,,,,
1676,08/14/24 05:10:00,65.509,0.0,,,,,
1677,08/14/24 05:20:00,65.509,0.0,,,,,
1678,08/14/24 05:30:00,65.509,0.0,,,,,
1679,08/14/24 05:40:00,65.509,0.0,,,,,
1680,08/14/24 05:50:00,65.509,0.0,,,,,
1681,08/14/24 06:00:00,65.509,0.0,,,,,
1682,08/14/24 06:10:00,65.509,0.0,,,,,
1683,08/14/24 06:20:00,65.338,4.0,,,,,
1684,08/14/24 06:30:00,65.338,12.0,,,,,
1685,08/14/24 06:40:00,65.338,33.0,,,,,
1686,08/14/24 06:50:00,65.338,56.0,,,,,
1687,08/14/24 07:00:00,65.338,144.0,,,,,
1688,08/14/24 07:10:00,65.338,152.0,,,,,
1689,08/14/24 07:20:00,65.509,416.0,,,,,
1690,08/14/24 07:30:00,65.509,512.0,,,,,
1691,08/14/24 07:40:00,65.509,248.0,,,,,
1692,08/14/24 07:50:00,65.509,248.0,,,,,
1693,08/14/24 08:00:00,65.509,352.0,,,,,
1694,08/14/24 08:10:00,65.509,320.0,,,,,
1695,08/14/24 08:20:00,65.509,432.0,,,,,
1696,08/14/24 08:30:00,65.509,496.0,,,,,
1697,08/14/24 08:40:00,65.680,576.0,,,,,
1698,08/14/24 08:50:00,65.680,480.0,,,,,
1699,08/14/24 09:00:00,65.851,512.0,,,,,
1700,08/14/24 09:10:00,65.851,368.0,,,,,
1701,08/14/24 09:20:00,66.022,400.0,,,,,
1702,08/14/24 09:30:00,66.193,672.0,,,,,
1703,08/14/24 09:40:00,66.193,800.0,,,,,
1704,08/14/24 09:50:00,65.851,608.0,,,,,
1705,08/14/24 10:00:00,65.851,608.0,,,,,
1706,08/14/24 10:10:00,65.680,576.0,,,,,
1707,08/14/24 10:20:00,66.022,1600.0,,,,,
1708,08/14/24 10:30:00,66.022,1216.0,,,,,
1709,08/14/24 10:40:00,66.708,2176.0,,,,,
1710,08/14/24 10:50:00,66.537,1856.0,,,,,
1711,08/14/24 11:00:00,66.708,1472.0,,,,,
1712,08/14/24 11:10:00,66.193,1344.0,,,,,
1713,08/14/24 11:20:00,66.022,704.0,,,,,
1714,08/14/24 11:30:00,66.022,896.0,,,,,
1715,08/14/24 11:40:00,66.193,768.0,,,,,
1716,08/14/24 11:50:00,66.537,1792.0,,,,,
1717,08/14/24 12:00:00,66.366,1920.0,,,,,
1718,08/14/24 12:10:00,66.366,1536.0,,,,,
1719,08/14/24 12:20:00,66.366,1536.0,,,,,
1720,08/14/24 12:30:00,67.564,4096.0,,,,,
1721,08/14/24 12:40:00,67.735,8704.0,,,,,
1722,08/14/24 12:50:00,67.221,2048.0,,,,,
1723,08/14/24 13:00:00,67.221,1920.0,,,,,
1724,08/14/24 13:10:00,66.879,2048.0,,,,,
1725,08/14/24 13:20:00,66.537,1472.0,,,,,
1726,08/14/24 13:30:00,66.708,1856.0,,,,,
1727,08/14/24 13:40:00,66.366,1472.0,,,,,
1728,08/14/24 13:50:00,66.537,2304.0,,,,,
1729,08/14/24 14:00:00,66.879,1408.0,,,,,
1730,08/14/24 14:10:00,67.564,4864.0,,,,,
1731,08/14/24 14:20:00,67.564,1984.0,,,,,
1732,08/14/24 14:30:00,67.564,2048.0,,,,,
1733,08/14/24 14:40:00,67.221,4352.0,,,,,
1734,08/14/24 14:50:00,66.537,2176.0,,,,,
1735,08/14/24 15:00:00,67.050,1984.0,,,,,
1736,08/14/24 15:10:00,67.050,2816.0,,,,,
1737,08/14/24 15:20:00,67.050,1792.0,,,,,
1738,08/14/24 15:30:00,67.221,1920.0,,,,,
1739,08/14/24 15:40:00,67.392,1920.0,,,,,
1740,08/14/24 15:50:00,67.564,4864.0,,,,,
1741,08/14/24 16:00:00,67.564,2560.0,,,,,
1742,08/14/24 16:10:00,67.564,3200.0,,,,,
1743,08/14/24 16:20:00,67.392,1920.0,,,,,
1744,08/14/24 16:30:00,67.221,5376.0,,,,,
1745,08/14/24 16:40:00,66.708,1024.0,,,,,
1746,08/14/24 16:50:00,66.879,1216.0,,,,,
1747,08/14/24 17:00:00,66.193,704.0,,,,,
1748,08/14/24 17:10:00,66.022,368.0,,,,,
1749,08/14/24 17:20:00,65.851,400.0,,,,,
1750,08/14/24 17:30:00,65.851,336.0,,,,,
1751,08/14/24 17:40:00,65.851,128.0,,,,,
1752,08/14/24 17:50:00,65.851,248.0,,,,,
1753,08/14/24 18:00:00,66.022,512.0,,,,,
1754,08/14/24 18:10:00,65.851,464.0,,,,,
1755,08/14/24 18:20:00,65.851,304.0,,,,,
1756,08/14/24 18:30:00,65.851,368.0,,,,,
1757,08/14/24 18:40:00,65.851,576.0,,,,,
1758,08/14/24 18:50:00,66.193,992.0,,,,,
1759,08/14/24 19:00:00,66.022,960.0,,,,,
1760,08/14/24 19:10:00,65.851,480.0,,,,,
1761,08/14/24 19:20:00,65.851,184.0,,,,,
1762,08/14/24 19:30:00,65.680,152.0,,,,,
1763,08/14/24 19:40:00,65.680,136.0,,,,,
1764,08/14/24 19:50:00,65.509,124.0,,,,,
1765,08/14/24 20:00:00,65.509,95.0,,,,,
1766,08/14/24 20:10:00,65.509,60.0,,,,,
1767,08/14/24 20:20:00,65.509,34.0,,,,,
1768,08/14/24 20:30:00,65.509,12.0,,,,,
1769,08/14/24 20:40:00,65.509,2.0,,,,,
1770,08/14/24 20:50:00,65.509,0.0,,,,,
1771,08/14/24 21:00:00,65.338,0.0,,,,,
1772,08/14/24 21:10:00,65.338,0.0,,,,,
1773,08/14/24 21:20:00,65.338,0.0,,,,,
1774,08/14/24 21:30:00,65.338,0.0,,,,,
1775,08/14/24 21:40:00,65.338,0.0,,,,,
1776,08/14/24 21:50:00,65.338,0.0,,,,,
1777,08/14/24 22:00:00,65.338,0.0,,,,,
1778,08/14/24 22:10:00,65.338,0.0,,,,,
1779,08/14/24 22:20:00,65.338,0.0,,,,,
1780,08/14/24 22:30:00,65.167,0.0,,,,,
1781,08/14/24 22:40:00,65.167,0.0,,,,,
1782,08/14/24 22:50:00,65.167,0.0,,,,,
1783,08/14/24 23:00:00,65.167,0.0,,,,,
1784,08/14/24 23:10:00,65.167,0.0,,,,,
1785,08/14/24 23:20:00,65.167,0.0,,,,,
1786,08/14/24 23:30:00,65.167,0.0,,,,,
1787,08/14/24 23:40:00,65.167,0.0,,,,,
1788,08/14/24 23:50:00,65.167,0.0,,,,,
1789,08/15/24 00:00:00,65.167,0.0,,,,,
1790,08/15/24 00:10:00,65.167,0.0,,,,,
1791,08/15/24 00:20:00,64.996,0.0,,,,,
1792,08/15/24 00:30:00,64.996,0.0,,,,,
1793,08/15/24 00:40:00,64.996,0.0,,,,,
1794,08/15/24 00:50:00,64.996,0.0,,,,,
1795,08/15/24 01:00:00,64.996,0.0,,,,,
1796,08/15/24 01:10:00,64.996,0.0,,,,,
1797,08/15/24 01:20:00,64.996,0.0,,,,,
1798,08/15/24 01:30:00,64.996,0.0,,,,,
1799,08/15/24 01:40:00,64.996,0.0,,,,,
1800,08/15/24 01:50:00,64.825,0.0,,,,,
1801,08/15/24 02:00:00,64.825,0.0,,,,,
1802,08/15/24 02:10:00,64.825,0.0,,,,,
1803,08/15/24 02:20:00,64.652,0.0,,,,,
1804,08/15/24 02:30:00,64.652,0.0,,,,,
1805,08/15/24 02:40:00,64.481,0.0,,,,,
1806,08/15/24 02:50:00,64.310,0.0,,,,,
1807,08/15/24 03:00:00,64.139,0.0,,,,,
1808,08/15/24 03:10:00,63.797,0.0,,,,,
1809,08/15/24 03:20:00,64.139,0.0,,,,,
1810,08/15/24 03:30:00,64.310,0.0,,,,,
1811,08/15/24 03:40:00,64.310,0.0,,,,,
1812,08/15/24 03:50:00,64.481,0.0,,,,,
1813,08/15/24 04:00:00,64.652,0.0,,,,,
1814,08/15/24 04:10:00,64.825,0.0,,,,,
1815,08/15/24 04:20:00,64.652,0.0,,,,,
1816,08/15/24 04:30:00,64.652,0.0,,,,,
1817,08/15/24 04:40:00,64.481,0.0,,,,,
1818,08/15/24 04:50:00,64.481,0.0,,,,,
1819,08/15/24 05:00:00,64.481,0.0,,,,,
1820,08/15/24 05:10:00,64.481,0.0,,,,,
1821,08/15/24 05:20:00,64.481,0.0,,,,,
1822,08/15/24 05:30:00,64.481,0.0,,,,,
1823,08/15/24 05:40:00,64.481,0.0,,,,,
1824,08/15/24 05:50:00,64.481,0.0,,,,,
1825,08/15/24 06:00:00,64.481,0.0,,,,,
1826,08/15/24 06:10:00,64.481,0.0,,,,,
1827,08/15/24 06:20:00,64.481,6.0,,,,,
1828,08/15/24 06:30:00,64.481,17.0,,,,,
1829,08/15/24 06:40:00,64.481,44.0,,,,,
1830,08/15/24 06:50:00,64.481,82.0,,,,,
1831,08/15/24 07:00:00,64.481,144.0,,,,,
1832,08/15/24 07:10:00,64.481,192.0,,,,,
1833,08/15/24 07:20:00,64.481,232.0,,,,,
1834,08/15/24 07:30:00,64.652,352.0,,,,,
1835,08/15/24 07:40:00,64.652,384.0,,,,,
1836,08/15/24 07:50:00,64.652,352.0,,,,,
1837,08/15/24 08:00:00,64.825,320.0,,,,,
1838,08/15/24 08:10:00,64.825,800.0,,,,,
1839,08/15/24 08:20:00,64.825,864.0,,,,,
1840,08/15/24 08:30:00,64.996,768.0,,,,,
1841,08/15/24 08:40:00,64.996,992.0,,,,,
1842,08/15/24 08:50:00,65.167,4096.0,,,,,
1843,08/15/24 09:00:00,65.167,1536.0,,,,,
1844,08/15/24 09:10:00,65.167,1280.0,,,,,
1845,08/15/24 09:20:00,65.338,1984.0,,,,,
1846,08/15/24 09:30:00,65.509,2304.0,,,,,
1847,08/15/24 09:40:00,65.680,1984.0,,,,,
1848,08/15/24 09:50:00,65.680,2304.0,,,,,
1849,08/15/24 10:00:00,65.680,2560.0,,,,,
1850,08/15/24 10:10:00,65.509,800.0,,,,,
1851,08/15/24 10:20:00,65.680,1024.0,,,,,
1852,08/15/24 10:30:00,65.851,2560.0,,,,,
1853,08/15/24 10:40:00,66.193,4352.0,,,,,
1854,08/15/24 10:50:00,66.022,2432.0,,,,,
1855,08/15/24 11:00:00,66.193,2304.0,,,,,
1856,08/15/24 11:10:00,66.537,6144.0,,,,,
1857,08/15/24 11:20:00,66.708,3840.0,,,,,
1858,08/15/24 11:30:00,66.879,10240.0,,,,,
1859,08/15/24 11:40:00,67.050,3072.0,,,,,
1860,08/15/24 11:50:00,67.050,4864.0,,,,,
1861,08/15/24 12:00:00,67.050,2688.0,,,,,
1862,08/15/24 12:10:00,67.221,2560.0,,,,,
1863,08/15/24 12:15:54,,,Logged,,,,
1864,08/15/24 12:16:18,,,,Logged,,,
1865,08/15/24 12:16:31,,,Logged,,,,
1866,08/15/24 12:16:49,,,,Logged,,,
1867,08/15/24 12:16:58,,,Logged,,,,
1868,08/15/24 12:17:27,,,,,Logged,,
1869,08/15/24 12:17:32,,,,,,Logged,Logged
