"#","Date Time, GMT-06:00","Temp, °F (LGR S/N: 22008788, SEN S/N: 22008788)","Intensity, lum/ft² (LGR S/N: 22008788, SEN S/N: 22008788)","Host Connected (LGR S/N: 22008788)","Coupler Attached (LGR S/N: 22008788)","Stopped (LGR S/N: 22008788)","End Of File (LGR S/N: 22008788)"
1,07/19/24 11:00:00,69.107,3840.0,,,,
2,07/19/24 11:10:00,69.449,2304.0,,,,
3,07/19/24 11:20:00,69.622,9216.0,,,,
4,07/19/24 11:30:00,69.793,3584.0,,,,
5,07/19/24 11:40:00,69.793,9728.0,,,,
6,07/19/24 11:50:00,69.793,7680.0,,,,
7,07/19/24 12:00:00,69.964,1792.0,,,,
8,07/19/24 12:10:00,69.793,960.0,,,,
9,07/19/24 12:20:00,69.964,2944.0,,,,
10,07/19/24 12:30:00,69.964,704.0,,,,
11,07/19/24 12:40:00,70.137,768.0,,,,
12,07/19/24 12:50:00,70.480,864.0,,,,
13,07/19/24 13:00:00,70.480,1280.0,,,,
14,07/19/24 13:10:00,70.308,896.0,,,,
15,07/19/24 13:20:00,70.308,800.0,,,,
16,07/19/24 13:30:00,70.824,4352.0,,,,
17,07/19/24 13:40:00,71.168,3328.0,,,,
18,07/19/24 13:50:00,71.683,4608.0,,,,
19,07/19/24 14:00:00,71.339,8704.0,,,,
20,07/19/24 14:10:00,71.512,2176.0,,,,
21,07/19/24 14:20:00,71.512,2304.0,,,,
22,07/19/24 14:30:00,71.683,2304.0,,,,
23,07/19/24 14:40:00,71.683,3456.0,,,,
24,07/19/24 14:50:00,71.512,7424.0,,,,
25,07/19/24 15:00:00,71.512,3584.0,,,,
26,07/19/24 15:10:00,71.512,10752.0,,,,
27,07/19/24 15:20:00,71.168,1920.0,,,,
28,07/19/24 15:30:00,70.824,2688.0,,,,
29,07/19/24 15:40:00,70.824,1152.0,,,,
30,07/19/24 15:50:00,70.651,5120.0,,,,
31,07/19/24 16:00:00,70.651,1664.0,,,,
32,07/19/24 16:10:00,70.824,3072.0,,,,
33,07/19/24 16:20:00,70.651,1408.0,,,,
34,07/19/24 16:30:00,70.995,3456.0,,,,
35,07/19/24 16:40:00,71.168,3712.0,,,,
36,07/19/24 16:50:00,71.683,4608.0,,,,
37,07/19/24 17:00:00,71.512,3584.0,,,,
38,07/19/24 17:10:00,71.339,1088.0,,,,
39,07/19/24 17:20:00,71.339,2944.0,,,,
40,07/19/24 17:30:00,71.683,4864.0,,,,
41,07/19/24 17:40:00,72.028,864.0,,,,
42,07/19/24 17:50:00,71.856,1088.0,,,,
43,07/19/24 18:00:00,71.168,400.0,,,,
44,07/19/24 18:10:00,71.683,1024.0,,,,
45,07/19/24 18:20:00,71.512,512.0,,,,
46,07/19/24 18:30:00,71.683,480.0,,,,
47,07/19/24 18:40:00,71.168,416.0,,,,
48,07/19/24 18:50:00,70.995,576.0,,,,
49,07/19/24 19:00:00,70.824,608.0,,,,
50,07/19/24 19:10:00,70.824,480.0,,,,
51,07/19/24 19:20:00,70.651,576.0,,,,
52,07/19/24 19:30:00,70.651,512.0,,,,
53,07/19/24 19:40:00,70.480,352.0,,,,
54,07/19/24 19:50:00,70.480,304.0,,,,
55,07/19/24 20:00:00,70.308,304.0,,,,
56,07/19/24 20:10:00,70.308,128.0,,,,
57,07/19/24 20:20:00,70.137,103.0,,,,
58,07/19/24 20:30:00,69.964,68.0,,,,
59,07/19/24 20:40:00,70.137,52.0,,,,
60,07/19/24 20:50:00,69.964,24.0,,,,
61,07/19/24 21:00:00,69.964,11.0,,,,
62,07/19/24 21:10:00,70.137,3.0,,,,
63,07/19/24 21:20:00,70.137,0.0,,,,
64,07/19/24 21:30:00,70.137,0.0,,,,
65,07/19/24 21:40:00,69.964,0.0,,,,
66,07/19/24 21:50:00,69.964,0.0,,,,
67,07/19/24 22:00:00,69.964,0.0,,,,
68,07/19/24 22:10:00,69.964,0.0,,,,
69,07/19/24 22:20:00,69.793,0.0,,,,
70,07/19/24 22:30:00,69.793,0.0,,,,
71,07/19/24 22:40:00,69.622,0.0,,,,
72,07/19/24 22:50:00,69.622,0.0,,,,
73,07/19/24 23:00:00,69.622,0.0,,,,
74,07/19/24 23:10:00,69.622,0.0,,,,
75,07/19/24 23:20:00,69.449,0.0,,,,
76,07/19/24 23:30:00,69.449,0.0,,,,
77,07/19/24 23:40:00,69.449,0.0,,,,
78,07/19/24 23:50:00,69.449,0.0,,,,
79,07/20/24 00:00:00,69.278,0.0,,,,
80,07/20/24 00:10:00,69.278,0.0,,,,
81,07/20/24 00:20:00,69.278,0.0,,,,
82,07/20/24 00:30:00,69.107,0.0,,,,
83,07/20/24 00:40:00,69.107,0.0,,,,
84,07/20/24 00:50:00,69.107,0.0,,,,
85,07/20/24 01:00:00,69.107,0.0,,,,
86,07/20/24 01:10:00,68.934,0.0,,,,
87,07/20/24 01:20:00,68.934,0.0,,,,
88,07/20/24 01:30:00,68.934,0.0,,,,
89,07/20/24 01:40:00,68.763,0.0,,,,
90,07/20/24 01:50:00,68.763,0.0,,,,
91,07/20/24 02:00:00,68.763,0.0,,,,
92,07/20/24 02:10:00,68.763,0.0,,,,
93,07/20/24 02:20:00,68.592,0.0,,,,
94,07/20/24 02:30:00,68.592,0.0,,,,
95,07/20/24 02:40:00,68.421,0.0,,,,
96,07/20/24 02:50:00,68.421,0.0,,,,
97,07/20/24 03:00:00,68.421,0.0,,,,
98,07/20/24 03:10:00,68.421,0.0,,,,
99,07/20/24 03:20:00,68.248,0.0,,,,
100,07/20/24 03:30:00,68.248,0.0,,,,
101,07/20/24 03:40:00,68.077,0.0,,,,
102,07/20/24 03:50:00,68.077,0.0,,,,
103,07/20/24 04:00:00,68.077,0.0,,,,
104,07/20/24 04:10:00,68.077,0.0,,,,
105,07/20/24 04:20:00,67.906,0.0,,,,
106,07/20/24 04:30:00,67.906,0.0,,,,
107,07/20/24 04:40:00,67.906,0.0,,,,
108,07/20/24 04:50:00,67.735,0.0,,,,
109,07/20/24 05:00:00,66.708,0.0,,,,
110,07/20/24 05:10:00,66.193,0.0,,,,
111,07/20/24 05:20:00,66.366,0.0,,,,
112,07/20/24 05:30:00,66.193,0.0,,,,
113,07/20/24 05:40:00,66.193,0.0,,,,
114,07/20/24 05:50:00,66.366,3.0,,,,
115,07/20/24 06:00:00,66.537,10.0,,,,
116,07/20/24 06:10:00,67.050,24.0,,,,
117,07/20/24 06:20:00,67.050,42.0,,,,
118,07/20/24 06:30:00,67.050,65.0,,,,
119,07/20/24 06:40:00,66.879,102.0,,,,
120,07/20/24 06:50:00,66.879,176.0,,,,
121,07/20/24 07:00:00,66.879,192.0,,,,
122,07/20/24 07:10:00,66.879,168.0,,,,
123,07/20/24 07:20:00,66.708,168.0,,,,
124,07/20/24 07:30:00,66.537,232.0,,,,
125,07/20/24 07:40:00,66.537,336.0,,,,
126,07/20/24 07:50:00,66.879,352.0,,,,
127,07/20/24 08:00:00,66.708,512.0,,,,
128,07/20/24 08:10:00,66.708,608.0,,,,
129,07/20/24 08:20:00,66.708,512.0,,,,
130,07/20/24 08:30:00,66.708,416.0,,,,
131,07/20/24 08:40:00,66.708,416.0,,,,
132,07/20/24 08:50:00,66.708,368.0,,,,
133,07/20/24 09:00:00,66.879,416.0,,,,
134,07/20/24 09:10:00,66.879,384.0,,,,
135,07/20/24 09:20:00,67.050,464.0,,,,
136,07/20/24 09:30:00,67.392,992.0,,,,
137,07/20/24 09:40:00,68.077,896.0,,,,
138,07/20/24 09:50:00,68.248,1984.0,,,,
139,07/20/24 10:00:00,68.592,2816.0,,,,
140,07/20/24 10:10:00,68.934,3072.0,,,,
141,07/20/24 10:20:00,68.077,992.0,,,,
142,07/20/24 10:30:00,68.592,1920.0,,,,
143,07/20/24 10:40:00,68.248,1024.0,,,,
144,07/20/24 10:50:00,67.906,464.0,,,,
145,07/20/24 11:00:00,67.735,272.0,,,,
146,07/20/24 11:10:00,67.735,400.0,,,,
147,07/20/24 11:20:00,68.077,1792.0,,,,
148,07/20/24 11:30:00,69.449,2304.0,,,,
149,07/20/24 11:40:00,69.449,2048.0,,,,
150,07/20/24 11:50:00,69.622,5888.0,,,,
151,07/20/24 12:00:00,69.793,2944.0,,,,
152,07/20/24 12:10:00,69.449,1664.0,,,,
153,07/20/24 12:20:00,69.278,1792.0,,,,
154,07/20/24 12:30:00,69.449,1536.0,,,,
155,07/20/24 12:40:00,69.793,7168.0,,,,
156,07/20/24 12:50:00,69.278,1728.0,,,,
157,07/20/24 13:00:00,70.651,2944.0,,,,
158,07/20/24 13:10:00,70.480,4096.0,,,,
159,07/20/24 13:20:00,70.480,3200.0,,,,
160,07/20/24 13:30:00,70.995,7168.0,,,,
161,07/20/24 13:40:00,70.995,3072.0,,,,
162,07/20/24 13:50:00,71.339,2304.0,,,,
163,07/20/24 14:00:00,71.683,1536.0,,,,
164,07/20/24 14:10:00,72.028,2304.0,,,,
165,07/20/24 14:20:00,70.995,2432.0,,,,
166,07/20/24 14:30:00,70.480,1792.0,,,,
167,07/20/24 14:40:00,70.137,1408.0,,,,
168,07/20/24 14:50:00,69.964,1024.0,,,,
169,07/20/24 15:00:00,69.793,1088.0,,,,
170,07/20/24 15:10:00,70.995,9216.0,,,,
171,07/20/24 15:20:00,71.168,4608.0,,,,
172,07/20/24 15:30:00,71.339,2176.0,,,,
173,07/20/24 15:40:00,71.339,3840.0,,,,
174,07/20/24 15:50:00,71.512,1920.0,,,,
175,07/20/24 16:00:00,71.339,1344.0,,,,
176,07/20/24 16:10:00,71.168,1408.0,,,,
177,07/20/24 16:20:00,71.168,2944.0,,,,
178,07/20/24 16:30:00,71.168,1984.0,,,,
179,07/20/24 16:40:00,70.824,1728.0,,,,
180,07/20/24 16:50:00,70.651,1152.0,,,,
181,07/20/24 17:00:00,70.651,1472.0,,,,
182,07/20/24 17:10:00,70.308,1536.0,,,,
183,07/20/24 17:20:00,70.137,768.0,,,,
184,07/20/24 17:30:00,70.308,2560.0,,,,
185,07/20/24 17:40:00,70.308,992.0,,,,
186,07/20/24 17:50:00,70.137,960.0,,,,
187,07/20/24 18:00:00,69.449,384.0,,,,
188,07/20/24 18:10:00,69.278,272.0,,,,
189,07/20/24 18:20:00,69.449,208.0,,,,
190,07/20/24 18:30:00,69.278,288.0,,,,
191,07/20/24 18:40:00,70.308,1152.0,,,,
192,07/20/24 18:50:00,69.622,400.0,,,,
193,07/20/24 19:00:00,69.793,512.0,,,,
194,07/20/24 19:10:00,69.793,576.0,,,,
195,07/20/24 19:20:00,69.622,432.0,,,,
196,07/20/24 19:30:00,69.449,320.0,,,,
197,07/20/24 19:40:00,69.449,224.0,,,,
198,07/20/24 19:50:00,69.278,192.0,,,,
199,07/20/24 20:00:00,69.107,240.0,,,,
200,07/20/24 20:10:00,69.107,192.0,,,,
201,07/20/24 20:20:00,68.934,115.0,,,,
202,07/20/24 20:30:00,68.934,75.0,,,,
203,07/20/24 20:40:00,68.763,46.0,,,,
204,07/20/24 20:50:00,68.763,25.0,,,,
205,07/20/24 21:00:00,68.763,11.0,,,,
206,07/20/24 21:10:00,68.763,3.0,,,,
207,07/20/24 21:20:00,68.763,0.0,,,,
208,07/20/24 21:30:00,68.763,0.0,,,,
209,07/20/24 21:40:00,68.592,0.0,,,,
210,07/20/24 21:50:00,68.592,0.0,,,,
211,07/20/24 22:00:00,68.592,0.0,,,,
212,07/20/24 22:10:00,68.592,0.0,,,,
213,07/20/24 22:20:00,68.592,0.0,,,,
214,07/20/24 22:30:00,68.421,0.0,,,,
215,07/20/24 22:40:00,68.421,0.0,,,,
216,07/20/24 22:50:00,68.421,0.0,,,,
217,07/20/24 23:00:00,68.421,0.0,,,,
218,07/20/24 23:10:00,68.421,0.0,,,,
219,07/20/24 23:20:00,68.248,0.0,,,,
220,07/20/24 23:30:00,68.248,0.0,,,,
221,07/20/24 23:40:00,68.248,0.0,,,,
222,07/20/24 23:50:00,68.248,0.0,,,,
223,07/21/24 00:00:00,68.248,0.0,,,,
224,07/21/24 00:10:00,68.077,0.0,,,,
225,07/21/24 00:20:00,68.077,0.0,,,,
226,07/21/24 00:30:00,68.077,0.0,,,,
227,07/21/24 00:40:00,68.077,0.0,,,,
228,07/21/24 00:50:00,67.906,0.0,,,,
229,07/21/24 01:00:00,67.906,0.0,,,,
230,07/21/24 01:10:00,67.906,0.0,,,,
231,07/21/24 01:20:00,67.735,0.0,,,,
232,07/21/24 01:30:00,67.735,0.0,,,,
233,07/21/24 01:40:00,67.735,0.0,,,,
234,07/21/24 01:50:00,67.564,0.0,,,,
235,07/21/24 02:00:00,67.564,0.0,,,,
236,07/21/24 02:10:00,67.564,0.0,,,,
237,07/21/24 02:20:00,67.564,0.0,,,,
238,07/21/24 02:30:00,67.392,0.0,,,,
239,07/21/24 02:40:00,67.392,0.0,,,,
240,07/21/24 02:50:00,67.221,0.0,,,,
241,07/21/24 03:00:00,67.221,0.0,,,,
242,07/21/24 03:10:00,67.221,0.0,,,,
243,07/21/24 03:20:00,67.050,0.0,,,,
244,07/21/24 03:30:00,67.050,0.0,,,,
245,07/21/24 03:40:00,66.879,0.0,,,,
246,07/21/24 03:50:00,66.879,0.0,,,,
247,07/21/24 04:00:00,66.879,0.0,,,,
248,07/21/24 04:10:00,66.708,0.0,,,,
249,07/21/24 04:20:00,66.708,0.0,,,,
250,07/21/24 04:30:00,66.708,0.0,,,,
251,07/21/24 04:40:00,66.537,0.0,,,,
252,07/21/24 04:50:00,66.537,0.0,,,,
253,07/21/24 05:00:00,66.537,0.0,,,,
254,07/21/24 05:10:00,66.537,0.0,,,,
255,07/21/24 05:20:00,66.537,0.0,,,,
256,07/21/24 05:30:00,66.366,0.0,,,,
257,07/21/24 05:40:00,66.366,0.0,,,,
258,07/21/24 05:50:00,66.366,2.0,,,,
259,07/21/24 06:00:00,66.366,8.0,,,,
260,07/21/24 06:10:00,66.366,22.0,,,,
261,07/21/24 06:20:00,66.366,41.0,,,,
262,07/21/24 06:30:00,66.366,63.0,,,,
263,07/21/24 06:40:00,66.366,84.0,,,,
264,07/21/24 06:50:00,66.366,105.0,,,,
265,07/21/24 07:00:00,66.366,128.0,,,,
266,07/21/24 07:10:00,66.366,144.0,,,,
267,07/21/24 07:20:00,66.366,160.0,,,,
268,07/21/24 07:30:00,66.366,184.0,,,,
269,07/21/24 07:40:00,66.366,192.0,,,,
270,07/21/24 07:50:00,66.366,208.0,,,,
271,07/21/24 08:00:00,66.366,216.0,,,,
272,07/21/24 08:10:00,66.193,256.0,,,,
273,07/21/24 08:20:00,66.193,256.0,,,,
274,07/21/24 08:30:00,66.366,400.0,,,,
275,07/21/24 08:40:00,66.366,368.0,,,,
276,07/21/24 08:50:00,66.366,416.0,,,,
277,07/21/24 09:00:00,66.366,384.0,,,,
278,07/21/24 09:10:00,66.366,416.0,,,,
279,07/21/24 09:20:00,66.537,512.0,,,,
280,07/21/24 09:30:00,67.050,1408.0,,,,
281,07/21/24 09:40:00,67.221,960.0,,,,
282,07/21/24 09:50:00,67.221,1088.0,,,,
283,07/21/24 10:00:00,67.392,2176.0,,,,
284,07/21/24 10:10:00,67.735,2176.0,,,,
285,07/21/24 10:20:00,67.906,2688.0,,,,
286,07/21/24 10:30:00,68.077,1728.0,,,,
287,07/21/24 10:40:00,68.248,1600.0,,,,
288,07/21/24 10:50:00,68.421,1472.0,,,,
289,07/21/24 11:00:00,68.421,1344.0,,,,
290,07/21/24 11:10:00,68.592,4352.0,,,,
291,07/21/24 11:20:00,68.763,2048.0,,,,
292,07/21/24 11:30:00,68.934,2560.0,,,,
293,07/21/24 11:40:00,69.107,2688.0,,,,
294,07/21/24 11:50:00,69.107,1856.0,,,,
295,07/21/24 12:00:00,69.449,4096.0,,,,
296,07/21/24 12:10:00,69.449,1920.0,,,,
297,07/21/24 12:20:00,69.622,1472.0,,,,
298,07/21/24 12:30:00,69.622,5632.0,,,,
299,07/21/24 12:40:00,69.964,3072.0,,,,
300,07/21/24 12:50:00,69.964,2304.0,,,,
301,07/21/24 13:00:00,70.308,2176.0,,,,
302,07/21/24 13:10:00,70.137,2048.0,,,,
303,07/21/24 13:20:00,70.308,3200.0,,,,
304,07/21/24 13:30:00,70.308,3328.0,,,,
305,07/21/24 13:40:00,70.480,1984.0,,,,
306,07/21/24 13:50:00,70.480,1728.0,,,,
307,07/21/24 14:00:00,70.651,3328.0,,,,
308,07/21/24 14:10:00,70.824,3968.0,,,,
309,07/21/24 14:20:00,70.824,1920.0,,,,
310,07/21/24 14:30:00,71.339,3200.0,,,,
311,07/21/24 14:40:00,71.512,8192.0,,,,
312,07/21/24 14:50:00,71.512,2304.0,,,,
313,07/21/24 15:00:00,71.683,2816.0,,,,
314,07/21/24 15:10:00,71.683,3072.0,,,,
315,07/21/24 15:20:00,71.512,5632.0,,,,
316,07/21/24 15:30:00,71.339,2432.0,,,,
317,07/21/24 15:40:00,70.824,3840.0,,,,
318,07/21/24 15:50:00,71.168,3584.0,,,,
319,07/21/24 16:00:00,70.995,1792.0,,,,
320,07/21/24 16:10:00,71.339,5888.0,,,,
321,07/21/24 16:20:00,71.339,4864.0,,,,
322,07/21/24 16:30:00,71.168,2816.0,,,,
323,07/21/24 16:40:00,70.995,2944.0,,,,
324,07/21/24 16:50:00,70.651,1984.0,,,,
325,07/21/24 17:00:00,70.651,1664.0,,,,
326,07/21/24 17:10:00,70.824,1792.0,,,,
327,07/21/24 17:20:00,70.480,1024.0,,,,
328,07/21/24 17:30:00,70.651,960.0,,,,
329,07/21/24 17:40:00,70.995,1344.0,,,,
330,07/21/24 17:50:00,70.651,2048.0,,,,
331,07/21/24 18:00:00,71.168,800.0,,,,
332,07/21/24 18:10:00,70.995,992.0,,,,
333,07/21/24 18:20:00,70.824,576.0,,,,
334,07/21/24 18:30:00,70.824,992.0,,,,
335,07/21/24 18:40:00,70.824,800.0,,,,
336,07/21/24 18:50:00,70.480,896.0,,,,
337,07/21/24 19:00:00,69.622,432.0,,,,
338,07/21/24 19:10:00,69.278,352.0,,,,
339,07/21/24 19:20:00,69.278,248.0,,,,
340,07/21/24 19:30:00,69.449,160.0,,,,
341,07/21/24 19:40:00,69.449,160.0,,,,
342,07/21/24 19:50:00,69.449,224.0,,,,
343,07/21/24 20:00:00,69.449,240.0,,,,
344,07/21/24 20:10:00,69.622,184.0,,,,
345,07/21/24 20:20:00,70.137,122.0,,,,
346,07/21/24 20:30:00,69.793,79.0,,,,
347,07/21/24 20:40:00,69.622,48.0,,,,
348,07/21/24 20:50:00,69.622,22.0,,,,
349,07/21/24 21:00:00,69.622,9.0,,,,
350,07/21/24 21:10:00,69.449,2.0,,,,
351,07/21/24 21:20:00,69.449,0.0,,,,
352,07/21/24 21:30:00,69.449,0.0,,,,
353,07/21/24 21:40:00,69.622,0.0,,,,
354,07/21/24 21:50:00,69.622,0.0,,,,
355,07/21/24 22:00:00,69.449,0.0,,,,
356,07/21/24 22:10:00,69.449,0.0,,,,
357,07/21/24 22:20:00,69.449,0.0,,,,
358,07/21/24 22:30:00,69.449,0.0,,,,
359,07/21/24 22:40:00,69.449,0.0,,,,
360,07/21/24 22:50:00,69.278,0.0,,,,
361,07/21/24 23:00:00,69.278,0.0,,,,
362,07/21/24 23:10:00,69.278,0.0,,,,
363,07/21/24 23:20:00,69.278,0.0,,,,
364,07/21/24 23:30:00,69.107,0.0,,,,
365,07/21/24 23:40:00,69.107,0.0,,,,
366,07/21/24 23:50:00,69.107,0.0,,,,
367,07/22/24 00:00:00,69.107,0.0,,,,
368,07/22/24 00:10:00,68.934,0.0,,,,
369,07/22/24 00:20:00,68.934,0.0,,,,
370,07/22/24 00:30:00,68.934,0.0,,,,
371,07/22/24 00:40:00,68.763,0.0,,,,
372,07/22/24 00:50:00,68.763,0.0,,,,
373,07/22/24 01:00:00,68.763,0.0,,,,
374,07/22/24 01:10:00,68.592,0.0,,,,
375,07/22/24 01:20:00,68.592,0.0,,,,
376,07/22/24 01:30:00,68.592,0.0,,,,
377,07/22/24 01:40:00,68.592,0.0,,,,
378,07/22/24 01:50:00,68.421,0.0,,,,
379,07/22/24 02:00:00,68.421,0.0,,,,
380,07/22/24 02:10:00,68.421,0.0,,,,
381,07/22/24 02:20:00,68.421,0.0,,,,
382,07/22/24 02:30:00,68.421,0.0,,,,
383,07/22/24 02:40:00,68.248,0.0,,,,
384,07/22/24 02:50:00,68.248,0.0,,,,
385,07/22/24 03:00:00,68.248,0.0,,,,
386,07/22/24 03:10:00,68.248,0.0,,,,
387,07/22/24 03:20:00,68.077,0.0,,,,
388,07/22/24 03:30:00,68.077,0.0,,,,
389,07/22/24 03:40:00,68.077,0.0,,,,
390,07/22/24 03:50:00,68.077,0.0,,,,
391,07/22/24 04:00:00,68.077,0.0,,,,
392,07/22/24 04:10:00,68.077,0.0,,,,
393,07/22/24 04:20:00,68.077,0.0,,,,
394,07/22/24 04:30:00,67.906,0.0,,,,
395,07/22/24 04:40:00,67.906,0.0,,,,
396,07/22/24 04:50:00,67.906,0.0,,,,
397,07/22/24 05:00:00,67.906,0.0,,,,
398,07/22/24 05:10:00,67.735,0.0,,,,
399,07/22/24 05:20:00,67.735,0.0,,,,
400,07/22/24 05:30:00,67.735,0.0,,,,
401,07/22/24 05:40:00,67.735,0.0,,,,
402,07/22/24 05:50:00,67.735,2.0,,,,
403,07/22/24 06:00:00,67.735,11.0,,,,
404,07/22/24 06:10:00,67.735,24.0,,,,
405,07/22/24 06:20:00,67.735,49.0,,,,
406,07/22/24 06:30:00,67.735,77.0,,,,
407,07/22/24 06:40:00,67.564,108.0,,,,
408,07/22/24 06:50:00,67.564,128.0,,,,
409,07/22/24 07:00:00,67.564,152.0,,,,
410,07/22/24 07:10:00,67.564,184.0,,,,
411,07/22/24 07:20:00,67.564,232.0,,,,
412,07/22/24 07:30:00,67.564,272.0,,,,
413,07/22/24 07:40:00,67.564,304.0,,,,
414,07/22/24 07:50:00,67.564,336.0,,,,
415,07/22/24 08:00:00,67.564,368.0,,,,
416,07/22/24 08:10:00,67.564,384.0,,,,
417,07/22/24 08:20:00,67.735,432.0,,,,
418,07/22/24 08:30:00,67.735,432.0,,,,
419,07/22/24 08:40:00,67.735,480.0,,,,
420,07/22/24 08:50:00,67.735,464.0,,,,
421,07/22/24 09:00:00,67.735,512.0,,,,
422,07/22/24 09:10:00,67.735,576.0,,,,
423,07/22/24 09:20:00,67.906,608.0,,,,
424,07/22/24 09:30:00,68.421,1728.0,,,,
425,07/22/24 09:40:00,68.592,1536.0,,,,
426,07/22/24 09:50:00,68.763,1856.0,,,,
427,07/22/24 10:00:00,69.107,1856.0,,,,
428,07/22/24 10:10:00,69.278,1344.0,,,,
429,07/22/24 10:20:00,69.278,1920.0,,,,
430,07/22/24 10:30:00,69.449,1728.0,,,,
431,07/22/24 10:40:00,69.622,1920.0,,,,
432,07/22/24 10:50:00,69.793,1536.0,,,,
433,07/22/24 11:00:00,69.964,4096.0,,,,
434,07/22/24 11:10:00,69.964,1600.0,,,,
435,07/22/24 11:20:00,70.308,2304.0,,,,
436,07/22/24 11:30:00,70.308,1472.0,,,,
437,07/22/24 11:40:00,70.480,3456.0,,,,
438,07/22/24 11:50:00,70.651,1728.0,,,,
439,07/22/24 12:00:00,70.824,5888.0,,,,
440,07/22/24 12:10:00,70.995,3968.0,,,,
441,07/22/24 12:20:00,70.995,2048.0,,,,
442,07/22/24 12:30:00,71.168,2944.0,,,,
443,07/22/24 12:40:00,71.339,3968.0,,,,
444,07/22/24 12:50:00,71.339,2560.0,,,,
445,07/22/24 13:00:00,71.512,2560.0,,,,
446,07/22/24 13:10:00,71.856,5376.0,,,,
447,07/22/24 13:20:00,71.683,3328.0,,,,
448,07/22/24 13:30:00,71.683,1920.0,,,,
449,07/22/24 13:40:00,71.856,5376.0,,,,
450,07/22/24 13:50:00,71.856,6400.0,,,,
451,07/22/24 14:00:00,71.856,3200.0,,,,
452,07/22/24 14:10:00,72.028,2560.0,,,,
453,07/22/24 14:20:00,72.028,8192.0,,,,
454,07/22/24 14:30:00,72.199,2304.0,,,,
455,07/22/24 14:40:00,72.199,3200.0,,,,
456,07/22/24 14:50:00,72.199,1920.0,,,,
457,07/22/24 15:00:00,72.199,3200.0,,,,
458,07/22/24 15:10:00,72.199,3712.0,,,,
459,07/22/24 15:20:00,71.683,1920.0,,,,
460,07/22/24 15:30:00,71.856,2816.0,,,,
461,07/22/24 15:40:00,71.856,2944.0,,,,
462,07/22/24 15:50:00,71.856,4096.0,,,,
463,07/22/24 16:00:00,71.339,3200.0,,,,
464,07/22/24 16:10:00,71.168,1856.0,,,,
465,07/22/24 16:20:00,71.168,1344.0,,,,
466,07/22/24 16:30:00,71.168,2560.0,,,,
467,07/22/24 16:40:00,71.339,2176.0,,,,
468,07/22/24 16:50:00,70.995,1792.0,,,,
469,07/22/24 17:00:00,71.168,1984.0,,,,
470,07/22/24 17:10:00,71.683,1600.0,,,,
471,07/22/24 17:20:00,70.995,864.0,,,,
472,07/22/24 17:30:00,70.651,896.0,,,,
473,07/22/24 17:40:00,70.824,1216.0,,,,
474,07/22/24 17:50:00,70.480,704.0,,,,
475,07/22/24 18:00:00,70.651,672.0,,,,
476,07/22/24 18:10:00,70.824,1152.0,,,,
477,07/22/24 18:20:00,70.824,608.0,,,,
478,07/22/24 18:30:00,70.824,512.0,,,,
479,07/22/24 18:40:00,70.824,448.0,,,,
480,07/22/24 18:50:00,70.824,368.0,,,,
481,07/22/24 19:00:00,70.651,384.0,,,,
482,07/22/24 19:10:00,70.651,272.0,,,,
483,07/22/24 19:20:00,70.480,256.0,,,,
484,07/22/24 19:30:00,70.308,240.0,,,,
485,07/22/24 19:40:00,70.651,232.0,,,,
486,07/22/24 19:50:00,70.480,184.0,,,,
487,07/22/24 20:00:00,70.308,112.0,,,,
488,07/22/24 20:10:00,70.308,65.0,,,,
489,07/22/24 20:20:00,70.137,47.0,,,,
490,07/22/24 20:30:00,70.137,47.0,,,,
491,07/22/24 20:40:00,70.137,40.0,,,,
492,07/22/24 20:50:00,70.137,17.0,,,,
493,07/22/24 21:00:00,70.137,4.0,,,,
494,07/22/24 21:10:00,70.137,0.0,,,,
495,07/22/24 21:20:00,70.137,0.0,,,,
496,07/22/24 21:30:00,70.137,0.0,,,,
497,07/22/24 21:40:00,70.137,0.0,,,,
498,07/22/24 21:50:00,70.137,0.0,,,,
499,07/22/24 22:00:00,70.137,0.0,,,,
500,07/22/24 22:10:00,70.137,0.0,,,,
501,07/22/24 22:20:00,70.137,0.0,,,,
502,07/22/24 22:30:00,70.137,0.0,,,,
503,07/22/24 22:40:00,70.137,0.0,,,,
504,07/22/24 22:50:00,70.137,0.0,,,,
505,07/22/24 23:00:00,70.137,0.0,,,,
506,07/22/24 23:10:00,70.137,0.0,,,,
507,07/22/24 23:20:00,70.137,0.0,,,,
508,07/22/24 23:30:00,70.137,0.0,,,,
509,07/22/24 23:40:00,70.137,0.0,,,,
510,07/22/24 23:50:00,69.964,0.0,,,,
511,07/23/24 00:00:00,69.964,0.0,,,,
512,07/23/24 00:10:00,69.964,0.0,,,,
513,07/23/24 00:20:00,69.964,0.0,,,,
514,07/23/24 00:30:00,69.964,0.0,,,,
515,07/23/24 00:40:00,69.964,0.0,,,,
516,07/23/24 00:50:00,69.793,0.0,,,,
517,07/23/24 01:00:00,69.793,0.0,,,,
518,07/23/24 01:10:00,69.793,0.0,,,,
519,07/23/24 01:20:00,69.793,0.0,,,,
520,07/23/24 01:30:00,69.793,0.0,,,,
521,07/23/24 01:40:00,69.793,0.0,,,,
522,07/23/24 01:50:00,69.622,0.0,,,,
523,07/23/24 02:00:00,69.622,0.0,,,,
524,07/23/24 02:10:00,69.622,0.0,,,,
525,07/23/24 02:20:00,69.622,0.0,,,,
526,07/23/24 02:30:00,69.622,0.0,,,,
527,07/23/24 02:40:00,69.449,0.0,,,,
528,07/23/24 02:50:00,69.622,0.0,,,,
529,07/23/24 03:00:00,69.449,0.0,,,,
530,07/23/24 03:10:00,69.449,0.0,,,,
531,07/23/24 03:20:00,69.449,0.0,,,,
532,07/23/24 03:30:00,69.449,0.0,,,,
533,07/23/24 03:40:00,69.278,0.0,,,,
534,07/23/24 03:50:00,69.278,0.0,,,,
535,07/23/24 04:00:00,69.278,0.0,,,,
536,07/23/24 04:10:00,69.278,0.0,,,,
537,07/23/24 04:20:00,69.278,0.0,,,,
538,07/23/24 04:30:00,69.278,0.0,,,,
539,07/23/24 04:40:00,69.107,0.0,,,,
540,07/23/24 04:50:00,69.107,0.0,,,,
541,07/23/24 05:00:00,69.107,0.0,,,,
542,07/23/24 05:10:00,69.107,0.0,,,,
543,07/23/24 05:20:00,68.934,0.0,,,,
544,07/23/24 05:30:00,68.934,0.0,,,,
545,07/23/24 05:40:00,68.763,0.0,,,,
546,07/23/24 05:50:00,68.763,1.0,,,,
547,07/23/24 06:00:00,68.763,7.0,,,,
548,07/23/24 06:10:00,68.592,18.0,,,,
549,07/23/24 06:20:00,68.592,37.0,,,,
550,07/23/24 06:30:00,68.592,60.0,,,,
551,07/23/24 06:40:00,68.592,83.0,,,,
552,07/23/24 06:50:00,68.421,104.0,,,,
553,07/23/24 07:00:00,68.592,122.0,,,,
554,07/23/24 07:10:00,68.421,152.0,,,,
555,07/23/24 07:20:00,68.421,176.0,,,,
556,07/23/24 07:30:00,68.421,200.0,,,,
557,07/23/24 07:40:00,68.421,224.0,,,,
558,07/23/24 07:50:00,68.421,248.0,,,,
559,07/23/24 08:00:00,68.421,256.0,,,,
560,07/23/24 08:10:00,68.248,288.0,,,,
561,07/23/24 08:20:00,68.248,352.0,,,,
562,07/23/24 08:30:00,68.248,320.0,,,,
563,07/23/24 08:40:00,68.248,336.0,,,,
564,07/23/24 08:50:00,68.248,416.0,,,,
565,07/23/24 09:00:00,68.421,1024.0,,,,
566,07/23/24 09:10:00,68.763,1280.0,,,,
567,07/23/24 09:20:00,68.934,1536.0,,,,
568,07/23/24 09:30:00,69.107,3328.0,,,,
569,07/23/24 09:40:00,69.107,4096.0,,,,
570,07/23/24 09:50:00,69.278,1728.0,,,,
571,07/23/24 10:00:00,69.449,1984.0,,,,
572,07/23/24 10:10:00,69.622,2176.0,,,,
573,07/23/24 10:20:00,69.622,1280.0,,,,
574,07/23/24 10:30:00,69.964,3968.0,,,,
575,07/23/24 10:40:00,70.137,1728.0,,,,
576,07/23/24 10:50:00,70.308,1216.0,,,,
577,07/23/24 11:00:00,70.651,1600.0,,,,
578,07/23/24 11:10:00,70.995,5120.0,,,,
579,07/23/24 11:20:00,71.168,4096.0,,,,
580,07/23/24 11:30:00,71.339,1984.0,,,,
581,07/23/24 11:40:00,71.512,3840.0,,,,
582,07/23/24 11:50:00,71.512,1984.0,,,,
583,07/23/24 12:00:00,71.683,2176.0,,,,
584,07/23/24 12:10:00,71.856,1344.0,,,,
585,07/23/24 12:20:00,72.028,5120.0,,,,
586,07/23/24 12:30:00,72.199,3712.0,,,,
587,07/23/24 12:40:00,72.199,5120.0,,,,
588,07/23/24 12:50:00,72.372,3072.0,,,,
589,07/23/24 13:00:00,72.372,1408.0,,,,
590,07/23/24 13:10:00,72.545,4352.0,,,,
591,07/23/24 13:20:00,72.545,3840.0,,,,
592,07/23/24 13:30:00,72.718,3072.0,,,,
593,07/23/24 13:40:00,72.718,3968.0,,,,
594,07/23/24 13:50:00,72.891,5120.0,,,,
595,07/23/24 14:00:00,73.062,1984.0,,,,
596,07/23/24 14:10:00,73.234,4608.0,,,,
597,07/23/24 14:20:00,72.891,3328.0,,,,
598,07/23/24 14:30:00,73.062,5120.0,,,,
599,07/23/24 14:40:00,73.062,3072.0,,,,
600,07/23/24 14:50:00,72.891,3328.0,,,,
601,07/23/24 15:00:00,72.891,2944.0,,,,
602,07/23/24 15:10:00,72.718,2432.0,,,,
603,07/23/24 15:20:00,72.718,1920.0,,,,
604,07/23/24 15:30:00,72.545,3456.0,,,,
605,07/23/24 15:40:00,72.891,2816.0,,,,
606,07/23/24 15:50:00,73.062,2304.0,,,,
607,07/23/24 16:00:00,73.407,2432.0,,,,
608,07/23/24 16:10:00,72.891,1152.0,,,,
609,07/23/24 16:20:00,73.580,1152.0,,,,
610,07/23/24 16:30:00,72.545,992.0,,,,
611,07/23/24 16:40:00,73.062,1664.0,,,,
612,07/23/24 16:50:00,73.753,2432.0,,,,
613,07/23/24 17:00:00,73.753,1536.0,,,,
614,07/23/24 17:10:00,73.580,1152.0,,,,
615,07/23/24 17:20:00,73.407,864.0,,,,
616,07/23/24 17:30:00,73.234,896.0,,,,
617,07/23/24 17:40:00,73.062,960.0,,,,
618,07/23/24 17:50:00,72.199,400.0,,,,
619,07/23/24 18:00:00,72.199,320.0,,,,
620,07/23/24 18:10:00,72.199,416.0,,,,
621,07/23/24 18:20:00,72.545,480.0,,,,
622,07/23/24 18:30:00,72.545,432.0,,,,
623,07/23/24 18:40:00,72.545,1024.0,,,,
624,07/23/24 18:50:00,72.545,464.0,,,,
625,07/23/24 19:00:00,72.199,232.0,,,,
626,07/23/24 19:10:00,72.028,136.0,,,,
627,07/23/24 19:20:00,71.856,84.0,,,,
628,07/23/24 19:30:00,71.856,57.0,,,,
629,07/23/24 19:40:00,71.856,40.0,,,,
630,07/23/24 19:50:00,71.856,27.0,,,,
631,07/23/24 20:00:00,71.683,26.0,,,,
632,07/23/24 20:10:00,71.856,45.0,,,,
633,07/23/24 20:20:00,71.683,57.0,,,,
634,07/23/24 20:30:00,71.856,104.0,,,,
635,07/23/24 20:40:00,72.028,49.0,,,,
636,07/23/24 20:50:00,72.028,11.0,,,,
637,07/23/24 21:00:00,72.028,3.0,,,,
638,07/23/24 21:10:00,72.028,1.0,,,,
639,07/23/24 21:20:00,72.028,0.0,,,,
640,07/23/24 21:30:00,71.856,0.0,,,,
641,07/23/24 21:40:00,71.856,0.0,,,,
642,07/23/24 21:50:00,71.856,0.0,,,,
643,07/23/24 22:00:00,71.856,0.0,,,,
644,07/23/24 22:10:00,71.856,0.0,,,,
645,07/23/24 22:20:00,71.856,0.0,,,,
646,07/23/24 22:30:00,71.683,0.0,,,,
647,07/23/24 22:40:00,71.683,0.0,,,,
648,07/23/24 22:50:00,71.683,0.0,,,,
649,07/23/24 23:00:00,71.683,0.0,,,,
650,07/23/24 23:10:00,71.512,0.0,,,,
651,07/23/24 23:20:00,71.512,0.0,,,,
652,07/23/24 23:30:00,71.512,0.0,,,,
653,07/23/24 23:40:00,71.512,0.0,,,,
654,07/23/24 23:50:00,71.339,0.0,,,,
655,07/24/24 00:00:00,71.339,0.0,,,,
656,07/24/24 00:10:00,71.339,0.0,,,,
657,07/24/24 00:20:00,71.168,0.0,,,,
658,07/24/24 00:30:00,71.168,0.0,,,,
659,07/24/24 00:40:00,71.168,0.0,,,,
660,07/24/24 00:50:00,71.168,0.0,,,,
661,07/24/24 01:00:00,70.995,0.0,,,,
662,07/24/24 01:10:00,70.995,0.0,,,,
663,07/24/24 01:20:00,70.995,0.0,,,,
664,07/24/24 01:30:00,70.995,0.0,,,,
665,07/24/24 01:40:00,70.824,0.0,,,,
666,07/24/24 01:50:00,70.824,0.0,,,,
667,07/24/24 02:00:00,70.651,0.0,,,,
668,07/24/24 02:10:00,70.651,0.0,,,,
669,07/24/24 02:20:00,70.480,0.0,,,,
670,07/24/24 02:30:00,70.480,0.0,,,,
671,07/24/24 02:40:00,70.480,0.0,,,,
672,07/24/24 02:50:00,70.480,0.0,,,,
673,07/24/24 03:00:00,70.308,0.0,,,,
674,07/24/24 03:10:00,70.308,0.0,,,,
675,07/24/24 03:20:00,70.308,0.0,,,,
676,07/24/24 03:30:00,70.137,0.0,,,,
677,07/24/24 03:40:00,70.137,0.0,,,,
678,07/24/24 03:50:00,70.137,0.0,,,,
679,07/24/24 04:00:00,70.137,0.0,,,,
680,07/24/24 04:10:00,70.137,0.0,,,,
681,07/24/24 04:20:00,69.964,0.0,,,,
682,07/24/24 04:30:00,69.964,0.0,,,,
683,07/24/24 04:40:00,69.964,0.0,,,,
684,07/24/24 04:50:00,69.964,0.0,,,,
685,07/24/24 05:00:00,69.793,0.0,,,,
686,07/24/24 05:10:00,69.793,0.0,,,,
687,07/24/24 05:20:00,69.793,0.0,,,,
688,07/24/24 05:30:00,69.622,0.0,,,,
689,07/24/24 05:40:00,69.449,0.0,,,,
690,07/24/24 05:50:00,69.449,2.0,,,,
691,07/24/24 06:00:00,69.449,8.0,,,,
692,07/24/24 06:10:00,69.449,20.0,,,,
693,07/24/24 06:20:00,69.449,38.0,,,,
694,07/24/24 06:30:00,69.278,60.0,,,,
695,07/24/24 06:40:00,69.278,81.0,,,,
696,07/24/24 06:50:00,69.278,99.0,,,,
697,07/24/24 07:00:00,69.278,118.0,,,,
698,07/24/24 07:10:00,69.278,136.0,,,,
699,07/24/24 07:20:00,69.278,152.0,,,,
700,07/24/24 07:30:00,69.107,168.0,,,,
701,07/24/24 07:40:00,69.107,176.0,,,,
702,07/24/24 07:50:00,69.107,192.0,,,,
703,07/24/24 08:00:00,69.107,200.0,,,,
704,07/24/24 08:10:00,69.107,224.0,,,,
705,07/24/24 08:20:00,69.107,240.0,,,,
706,07/24/24 08:30:00,69.107,256.0,,,,
707,07/24/24 08:40:00,69.107,288.0,,,,
708,07/24/24 08:50:00,69.107,288.0,,,,
709,07/24/24 09:00:00,69.107,304.0,,,,
710,07/24/24 09:10:00,69.622,1792.0,,,,
711,07/24/24 09:20:00,69.964,2048.0,,,,
712,07/24/24 09:30:00,69.793,1728.0,,,,
713,07/24/24 09:40:00,70.137,672.0,,,,
714,07/24/24 09:50:00,70.308,960.0,,,,
715,07/24/24 10:00:00,70.480,3200.0,,,,
716,07/24/24 10:10:00,70.824,1088.0,,,,
717,07/24/24 10:20:00,70.824,1536.0,,,,
718,07/24/24 10:30:00,70.995,3072.0,,,,
719,07/24/24 10:40:00,70.995,1472.0,,,,
720,07/24/24 10:50:00,71.339,896.0,,,,
721,07/24/24 11:00:00,71.339,1728.0,,,,
722,07/24/24 11:10:00,71.512,3328.0,,,,
723,07/24/24 11:20:00,71.683,1984.0,,,,
724,07/24/24 11:30:00,71.683,2432.0,,,,
725,07/24/24 11:40:00,71.856,3456.0,,,,
726,07/24/24 11:50:00,72.028,5888.0,,,,
727,07/24/24 12:00:00,72.199,1344.0,,,,
728,07/24/24 12:10:00,72.199,2560.0,,,,
729,07/24/24 12:20:00,72.372,1920.0,,,,
730,07/24/24 12:30:00,72.545,5376.0,,,,
731,07/24/24 12:40:00,72.718,3072.0,,,,
732,07/24/24 12:50:00,72.891,4096.0,,,,
733,07/24/24 13:00:00,72.891,1984.0,,,,
734,07/24/24 13:10:00,73.062,2432.0,,,,
735,07/24/24 13:20:00,73.062,2048.0,,,,
736,07/24/24 13:30:00,73.407,2816.0,,,,
737,07/24/24 13:40:00,73.407,2944.0,,,,
738,07/24/24 13:50:00,73.580,6400.0,,,,
739,07/24/24 14:00:00,73.062,3840.0,,,,
740,07/24/24 14:10:00,73.407,3712.0,,,,
741,07/24/24 14:20:00,73.926,4864.0,,,,
742,07/24/24 14:30:00,74.098,4352.0,,,,
743,07/24/24 14:40:00,74.271,3200.0,,,,
744,07/24/24 14:50:00,74.271,1984.0,,,,
745,07/24/24 15:00:00,73.580,1472.0,,,,
746,07/24/24 15:10:00,73.926,5120.0,,,,
747,07/24/24 15:20:00,73.753,3840.0,,,,
748,07/24/24 15:30:00,73.234,1408.0,,,,
749,07/24/24 15:40:00,73.580,1792.0,,,,
750,07/24/24 15:50:00,73.753,2560.0,,,,
751,07/24/24 16:00:00,73.580,2176.0,,,,
752,07/24/24 16:10:00,72.372,704.0,,,,
753,07/24/24 16:20:00,72.199,768.0,,,,
754,07/24/24 16:30:00,71.856,800.0,,,,
755,07/24/24 16:40:00,72.372,1408.0,,,,
756,07/24/24 16:50:00,72.372,960.0,,,,
757,07/24/24 17:00:00,71.856,992.0,,,,
758,07/24/24 17:10:00,72.545,512.0,,,,
759,07/24/24 17:20:00,72.028,464.0,,,,
760,07/24/24 17:30:00,72.372,496.0,,,,
761,07/24/24 17:40:00,72.891,400.0,,,,
762,07/24/24 17:50:00,72.891,352.0,,,,
763,07/24/24 18:00:00,73.234,800.0,,,,
764,07/24/24 18:10:00,72.891,608.0,,,,
765,07/24/24 18:20:00,72.891,672.0,,,,
766,07/24/24 18:30:00,72.891,464.0,,,,
767,07/24/24 18:40:00,72.545,336.0,,,,
768,07/24/24 18:50:00,72.718,336.0,,,,
769,07/24/24 19:00:00,72.545,232.0,,,,
770,07/24/24 19:10:00,72.891,352.0,,,,
771,07/24/24 19:20:00,72.718,272.0,,,,
772,07/24/24 19:30:00,72.718,184.0,,,,
773,07/24/24 19:40:00,72.545,144.0,,,,
774,07/24/24 19:50:00,72.545,118.0,,,,
775,07/24/24 20:00:00,72.545,168.0,,,,
776,07/24/24 20:10:00,72.545,136.0,,,,
777,07/24/24 20:20:00,72.545,87.0,,,,
778,07/24/24 20:30:00,72.545,62.0,,,,
779,07/24/24 20:40:00,72.372,24.0,,,,
780,07/24/24 20:50:00,72.372,10.0,,,,
781,07/24/24 21:00:00,72.199,2.0,,,,
782,07/24/24 21:10:00,72.199,0.0,,,,
783,07/24/24 21:20:00,72.199,0.0,,,,
784,07/24/24 21:30:00,72.199,0.0,,,,
785,07/24/24 21:40:00,72.199,0.0,,,,
786,07/24/24 21:50:00,72.199,0.0,,,,
787,07/24/24 22:00:00,72.028,0.0,,,,
788,07/24/24 22:10:00,72.028,0.0,,,,
789,07/24/24 22:20:00,72.028,0.0,,,,
790,07/24/24 22:30:00,72.028,0.0,,,,
791,07/24/24 22:40:00,72.028,0.0,,,,
792,07/24/24 22:50:00,72.028,0.0,,,,
793,07/24/24 23:00:00,71.856,0.0,,,,
794,07/24/24 23:10:00,71.856,0.0,,,,
795,07/24/24 23:20:00,71.856,0.0,,,,
796,07/24/24 23:30:00,71.856,0.0,,,,
797,07/24/24 23:40:00,71.856,0.0,,,,
798,07/24/24 23:50:00,71.856,0.0,,,,
799,07/25/24 00:00:00,71.856,0.0,,,,
800,07/25/24 00:10:00,71.856,0.0,,,,
801,07/25/24 00:20:00,71.856,0.0,,,,
802,07/25/24 00:30:00,71.856,0.0,,,,
803,07/25/24 00:40:00,71.683,0.0,,,,
804,07/25/24 00:50:00,71.683,0.0,,,,
805,07/25/24 01:00:00,71.683,0.0,,,,
806,07/25/24 01:10:00,71.683,0.0,,,,
807,07/25/24 01:20:00,71.683,0.0,,,,
808,07/25/24 01:30:00,71.683,0.0,,,,
809,07/25/24 01:40:00,71.683,0.0,,,,
810,07/25/24 01:50:00,71.512,0.0,,,,
811,07/25/24 02:00:00,71.512,0.0,,,,
812,07/25/24 02:10:00,71.512,0.0,,,,
813,07/25/24 02:20:00,71.512,0.0,,,,
814,07/25/24 02:30:00,71.512,0.0,,,,
815,07/25/24 02:40:00,71.512,0.0,,,,
816,07/25/24 02:50:00,71.512,0.0,,,,
817,07/25/24 03:00:00,71.339,0.0,,,,
818,07/25/24 03:10:00,71.339,0.0,,,,
819,07/25/24 03:20:00,71.339,0.0,,,,
820,07/25/24 03:30:00,71.339,0.0,,,,
821,07/25/24 03:40:00,71.339,0.0,,,,
822,07/25/24 03:50:00,71.168,0.0,,,,
823,07/25/24 04:00:00,71.168,0.0,,,,
824,07/25/24 04:10:00,71.168,0.0,,,,
825,07/25/24 04:20:00,71.168,0.0,,,,
826,07/25/24 04:30:00,70.995,0.0,,,,
827,07/25/24 04:40:00,70.995,0.0,,,,
828,07/25/24 04:50:00,70.995,0.0,,,,
829,07/25/24 05:00:00,70.995,0.0,,,,
830,07/25/24 05:10:00,70.824,0.0,,,,
831,07/25/24 05:20:00,70.824,0.0,,,,
832,07/25/24 05:30:00,70.824,0.0,,,,
833,07/25/24 05:40:00,70.651,0.0,,,,
834,07/25/24 05:50:00,70.651,1.0,,,,
835,07/25/24 06:00:00,70.651,4.0,,,,
836,07/25/24 06:10:00,70.651,13.0,,,,
837,07/25/24 06:20:00,70.651,37.0,,,,
838,07/25/24 06:30:00,70.651,74.0,,,,
839,07/25/24 06:40:00,70.651,114.0,,,,
840,07/25/24 06:50:00,70.480,116.0,,,,
841,07/25/24 07:00:00,70.480,144.0,,,,
842,07/25/24 07:10:00,70.480,192.0,,,,
843,07/25/24 07:20:00,70.480,256.0,,,,
844,07/25/24 07:30:00,70.480,256.0,,,,
845,07/25/24 07:40:00,70.651,336.0,,,,
846,07/25/24 07:50:00,70.651,480.0,,,,
847,07/25/24 08:00:00,70.651,480.0,,,,
848,07/25/24 08:10:00,70.824,576.0,,,,
849,07/25/24 08:20:00,70.824,512.0,,,,
850,07/25/24 08:30:00,70.824,608.0,,,,
851,07/25/24 08:40:00,70.480,416.0,,,,
852,07/25/24 08:50:00,70.480,304.0,,,,
853,07/25/24 09:00:00,70.480,352.0,,,,
854,07/25/24 09:10:00,70.480,272.0,,,,
855,07/25/24 09:20:00,70.480,256.0,,,,
856,07/25/24 09:30:00,70.308,160.0,,,,
857,07/25/24 09:40:00,70.308,320.0,,,,
858,07/25/24 09:50:00,70.308,256.0,,,,
859,07/25/24 10:00:00,70.308,400.0,,,,
860,07/25/24 10:10:00,70.308,336.0,,,,
861,07/25/24 10:20:00,70.308,288.0,,,,
862,07/25/24 10:30:00,70.480,608.0,,,,
863,07/25/24 10:40:00,70.308,416.0,,,,
864,07/25/24 10:50:00,70.480,512.0,,,,
865,07/25/24 11:00:00,70.651,704.0,,,,
866,07/25/24 11:10:00,70.651,768.0,,,,
867,07/25/24 11:20:00,71.168,2048.0,,,,
868,07/25/24 11:30:00,72.028,5120.0,,,,
869,07/25/24 11:40:00,70.995,1408.0,,,,
870,07/25/24 11:50:00,72.028,4096.0,,,,
871,07/25/24 12:00:00,71.683,2432.0,,,,
872,07/25/24 12:10:00,72.372,3968.0,,,,
873,07/25/24 12:20:00,72.718,2688.0,,,,
874,07/25/24 12:30:00,71.683,1344.0,,,,
875,07/25/24 12:40:00,71.856,1536.0,,,,
876,07/25/24 12:50:00,72.199,1536.0,,,,
877,07/25/24 13:00:00,72.545,2432.0,,,,
878,07/25/24 13:10:00,72.545,2688.0,,,,
879,07/25/24 13:20:00,72.199,1344.0,,,,
880,07/25/24 13:30:00,72.718,2816.0,,,,
881,07/25/24 13:40:00,74.098,3712.0,,,,
882,07/25/24 13:50:00,74.098,2432.0,,,,
883,07/25/24 14:00:00,73.926,2560.0,,,,
884,07/25/24 14:10:00,74.271,5888.0,,,,
885,07/25/24 14:20:00,74.098,2048.0,,,,
886,07/25/24 14:30:00,73.580,1536.0,,,,
887,07/25/24 14:40:00,73.234,1728.0,,,,
888,07/25/24 14:50:00,73.062,1664.0,,,,
889,07/25/24 15:00:00,73.753,4864.0,,,,
890,07/25/24 15:10:00,72.891,960.0,,,,
891,07/25/24 15:20:00,73.062,864.0,,,,
892,07/25/24 15:30:00,73.580,2048.0,,,,
893,07/25/24 15:40:00,74.098,1024.0,,,,
894,07/25/24 15:50:00,73.753,1152.0,,,,
895,07/25/24 16:00:00,73.753,2560.0,,,,
896,07/25/24 16:10:00,73.753,1920.0,,,,
897,07/25/24 16:20:00,73.926,5120.0,,,,
898,07/25/24 16:30:00,72.545,704.0,,,,
899,07/25/24 16:40:00,73.407,416.0,,,,
900,07/25/24 16:50:00,73.062,336.0,,,,
901,07/25/24 17:00:00,73.062,1344.0,,,,
902,07/25/24 17:10:00,72.199,2432.0,,,,
903,07/25/24 17:20:00,72.199,1536.0,,,,
904,07/25/24 17:30:00,72.891,704.0,,,,
905,07/25/24 17:40:00,73.234,2304.0,,,,
906,07/25/24 17:50:00,73.062,800.0,,,,
907,07/25/24 18:00:00,72.718,1664.0,,,,
908,07/25/24 18:10:00,72.372,304.0,,,,
909,07/25/24 18:20:00,72.891,800.0,,,,
910,07/25/24 18:30:00,72.199,232.0,,,,
911,07/25/24 18:40:00,72.028,288.0,,,,
912,07/25/24 18:50:00,71.512,368.0,,,,
913,07/25/24 19:00:00,71.683,512.0,,,,
914,07/25/24 19:10:00,71.339,384.0,,,,
915,07/25/24 19:20:00,71.339,248.0,,,,
916,07/25/24 19:30:00,71.512,352.0,,,,
917,07/25/24 19:40:00,71.512,216.0,,,,
918,07/25/24 19:50:00,71.512,168.0,,,,
919,07/25/24 20:00:00,71.856,192.0,,,,
920,07/25/24 20:10:00,71.683,136.0,,,,
921,07/25/24 20:20:00,71.339,85.0,,,,
922,07/25/24 20:30:00,71.168,41.0,,,,
923,07/25/24 20:40:00,71.339,18.0,,,,
924,07/25/24 20:50:00,71.512,5.0,,,,
925,07/25/24 21:00:00,71.512,2.0,,,,
926,07/25/24 21:10:00,71.512,0.0,,,,
927,07/25/24 21:20:00,71.512,0.0,,,,
928,07/25/24 21:30:00,71.339,0.0,,,,
929,07/25/24 21:40:00,71.339,0.0,,,,
930,07/25/24 21:50:00,71.339,0.0,,,,
931,07/25/24 22:00:00,71.339,0.0,,,,
932,07/25/24 22:10:00,71.339,0.0,,,,
933,07/25/24 22:20:00,71.168,0.0,,,,
934,07/25/24 22:30:00,71.168,0.0,,,,
935,07/25/24 22:40:00,71.168,0.0,,,,
936,07/25/24 22:50:00,70.995,0.0,,,,
937,07/25/24 23:00:00,70.995,0.0,,,,
938,07/25/24 23:10:00,70.995,0.0,,,,
939,07/25/24 23:20:00,70.824,0.0,,,,
940,07/25/24 23:30:00,70.824,0.0,,,,
941,07/25/24 23:40:00,70.824,0.0,,,,
942,07/25/24 23:50:00,70.824,0.0,,,,
943,07/26/24 00:00:00,70.824,0.0,,,,
944,07/26/24 00:10:00,70.651,0.0,,,,
945,07/26/24 00:20:00,70.651,0.0,,,,
946,07/26/24 00:30:00,70.651,0.0,,,,
947,07/26/24 00:40:00,70.651,0.0,,,,
948,07/26/24 00:50:00,70.651,0.0,,,,
949,07/26/24 01:00:00,70.651,0.0,,,,
950,07/26/24 01:10:00,70.651,0.0,,,,
951,07/26/24 01:20:00,70.651,0.0,,,,
952,07/26/24 01:30:00,70.651,0.0,,,,
953,07/26/24 01:40:00,70.651,0.0,,,,
954,07/26/24 01:50:00,70.651,0.0,,,,
955,07/26/24 02:00:00,70.651,0.0,,,,
956,07/26/24 02:10:00,70.480,0.0,,,,
957,07/26/24 02:20:00,70.480,0.0,,,,
958,07/26/24 02:30:00,70.480,0.0,,,,
959,07/26/24 02:40:00,70.480,0.0,,,,
960,07/26/24 02:50:00,70.480,0.0,,,,
961,07/26/24 03:00:00,70.480,0.0,,,,
962,07/26/24 03:10:00,70.480,0.0,,,,
963,07/26/24 03:20:00,70.480,0.0,,,,
964,07/26/24 03:30:00,70.480,0.0,,,,
965,07/26/24 03:40:00,70.480,0.0,,,,
966,07/26/24 03:50:00,70.308,0.0,,,,
967,07/26/24 04:00:00,70.308,0.0,,,,
968,07/26/24 04:10:00,70.308,0.0,,,,
969,07/26/24 04:20:00,70.308,0.0,,,,
970,07/26/24 04:30:00,70.308,0.0,,,,
971,07/26/24 04:40:00,70.308,0.0,,,,
972,07/26/24 04:50:00,70.308,0.0,,,,
973,07/26/24 05:00:00,70.308,0.0,,,,
974,07/26/24 05:10:00,70.308,0.0,,,,
975,07/26/24 05:20:00,70.137,0.0,,,,
976,07/26/24 05:30:00,70.137,0.0,,,,
977,07/26/24 05:40:00,70.137,0.0,,,,
978,07/26/24 05:50:00,70.137,0.0,,,,
979,07/26/24 06:00:00,70.137,4.0,,,,
980,07/26/24 06:10:00,70.137,10.0,,,,
981,07/26/24 06:20:00,70.137,26.0,,,,
982,07/26/24 06:30:00,70.137,35.0,,,,
983,07/26/24 06:40:00,70.137,59.0,,,,
984,07/26/24 06:50:00,70.137,160.0,,,,
985,07/26/24 07:00:00,70.137,114.0,,,,
986,07/26/24 07:10:00,70.137,184.0,,,,
987,07/26/24 07:20:00,70.308,288.0,,,,
988,07/26/24 07:30:00,70.137,256.0,,,,
989,07/26/24 07:40:00,70.137,176.0,,,,
990,07/26/24 07:50:00,70.137,272.0,,,,
991,07/26/24 08:00:00,70.308,352.0,,,,
992,07/26/24 08:10:00,70.308,384.0,,,,
993,07/26/24 08:20:00,70.308,400.0,,,,
994,07/26/24 08:30:00,70.308,496.0,,,,
995,07/26/24 08:40:00,70.480,480.0,,,,
996,07/26/24 08:50:00,70.480,480.0,,,,
997,07/26/24 09:00:00,70.480,512.0,,,,
998,07/26/24 09:10:00,70.480,512.0,,,,
999,07/26/24 09:20:00,70.824,1536.0,,,,
1000,07/26/24 09:30:00,70.824,1088.0,,,,
1001,07/26/24 09:40:00,70.651,704.0,,,,
1002,07/26/24 09:50:00,70.480,672.0,,,,
1003,07/26/24 10:00:00,70.651,896.0,,,,
1004,07/26/24 10:10:00,71.339,3968.0,,,,
1005,07/26/24 10:20:00,71.512,1920.0,,,,
1006,07/26/24 10:30:00,71.856,1536.0,,,,
1007,07/26/24 10:40:00,72.028,7680.0,,,,
1008,07/26/24 10:50:00,71.856,3584.0,,,,
1009,07/26/24 11:00:00,72.028,2304.0,,,,
1010,07/26/24 11:10:00,72.199,3968.0,,,,
1011,07/26/24 11:20:00,72.199,1664.0,,,,
1012,07/26/24 11:30:00,72.028,1344.0,,,,
1013,07/26/24 11:40:00,71.512,1728.0,,,,
1014,07/26/24 11:50:00,71.683,1344.0,,,,
1015,07/26/24 12:00:00,72.028,1344.0,,,,
1016,07/26/24 12:10:00,72.718,2816.0,,,,
1017,07/26/24 12:20:00,72.891,2432.0,,,,
1018,07/26/24 12:30:00,72.891,2048.0,,,,
1019,07/26/24 12:40:00,73.062,4096.0,,,,
1020,07/26/24 12:50:00,73.062,2560.0,,,,
1021,07/26/24 13:00:00,73.062,1984.0,,,,
1022,07/26/24 13:10:00,73.580,3328.0,,,,
1023,07/26/24 13:20:00,73.926,1344.0,,,,
1024,07/26/24 13:30:00,73.926,2944.0,,,,
1025,07/26/24 13:40:00,74.098,4352.0,,,,
1026,07/26/24 13:50:00,73.926,2944.0,,,,
1027,07/26/24 14:00:00,74.098,5120.0,,,,
1028,07/26/24 14:10:00,74.098,5376.0,,,,
1029,07/26/24 14:20:00,73.926,7168.0,,,,
1030,07/26/24 14:30:00,73.407,2688.0,,,,
1031,07/26/24 14:40:00,73.062,1920.0,,,,
1032,07/26/24 14:50:00,71.856,704.0,,,,
1033,07/26/24 15:00:00,71.856,768.0,,,,
1034,07/26/24 15:10:00,71.339,304.0,,,,
1035,07/26/24 15:20:00,71.168,128.0,,,,
1036,07/26/24 15:30:00,72.718,1152.0,,,,
1037,07/26/24 15:40:00,71.856,896.0,,,,
1038,07/26/24 15:50:00,71.683,1152.0,,,,
1039,07/26/24 16:00:00,72.545,2816.0,,,,
1040,07/26/24 16:10:00,72.718,2816.0,,,,
1041,07/26/24 16:20:00,71.856,704.0,,,,
1042,07/26/24 16:30:00,72.718,1280.0,,,,
1043,07/26/24 16:40:00,72.718,1792.0,,,,
1044,07/26/24 16:50:00,72.372,1664.0,,,,
1045,07/26/24 17:00:00,73.062,3584.0,,,,
1046,07/26/24 17:10:00,73.580,1408.0,,,,
1047,07/26/24 17:20:00,73.062,448.0,,,,
1048,07/26/24 17:30:00,72.891,320.0,,,,
1049,07/26/24 17:40:00,73.407,1024.0,,,,
1050,07/26/24 17:50:00,73.753,1280.0,,,,
1051,07/26/24 18:00:00,73.580,1536.0,,,,
1052,07/26/24 18:10:00,73.407,1344.0,,,,
1053,07/26/24 18:20:00,73.234,1088.0,,,,
1054,07/26/24 18:30:00,73.062,896.0,,,,
1055,07/26/24 18:40:00,72.891,768.0,,,,
1056,07/26/24 18:50:00,72.545,512.0,,,,
1057,07/26/24 19:00:00,72.199,416.0,,,,
1058,07/26/24 19:10:00,72.028,336.0,,,,
1059,07/26/24 19:20:00,72.199,288.0,,,,
1060,07/26/24 19:30:00,72.028,232.0,,,,
1061,07/26/24 19:40:00,72.028,160.0,,,,
1062,07/26/24 19:50:00,72.028,126.0,,,,
1063,07/26/24 20:00:00,71.683,104.0,,,,
1064,07/26/24 20:10:00,71.512,73.0,,,,
1065,07/26/24 20:20:00,71.339,53.0,,,,
1066,07/26/24 20:30:00,71.856,34.0,,,,
1067,07/26/24 20:40:00,72.028,18.0,,,,
1068,07/26/24 20:50:00,72.028,8.0,,,,
1069,07/26/24 21:00:00,71.856,2.0,,,,
1070,07/26/24 21:10:00,71.856,0.0,,,,
1071,07/26/24 21:20:00,71.856,0.0,,,,
1072,07/26/24 21:30:00,71.856,0.0,,,,
1073,07/26/24 21:40:00,71.683,0.0,,,,
1074,07/26/24 21:50:00,71.683,0.0,,,,
1075,07/26/24 22:00:00,71.683,0.0,,,,
1076,07/26/24 22:10:00,71.683,0.0,,,,
1077,07/26/24 22:20:00,71.512,0.0,,,,
1078,07/26/24 22:30:00,71.512,0.0,,,,
1079,07/26/24 22:40:00,71.339,0.0,,,,
1080,07/26/24 22:50:00,71.339,0.0,,,,
1081,07/26/24 23:00:00,71.339,0.0,,,,
1082,07/26/24 23:10:00,71.339,0.0,,,,
1083,07/26/24 23:20:00,71.168,0.0,,,,
1084,07/26/24 23:30:00,71.168,0.0,,,,
1085,07/26/24 23:40:00,71.168,0.0,,,,
1086,07/26/24 23:50:00,71.168,0.0,,,,
1087,07/27/24 00:00:00,71.168,0.0,,,,
1088,07/27/24 00:10:00,70.995,0.0,,,,
1089,07/27/24 00:20:00,70.995,0.0,,,,
1090,07/27/24 00:30:00,70.995,0.0,,,,
1091,07/27/24 00:40:00,70.995,0.0,,,,
1092,07/27/24 00:50:00,70.995,0.0,,,,
1093,07/27/24 01:00:00,70.995,0.0,,,,
1094,07/27/24 01:10:00,70.824,0.0,,,,
1095,07/27/24 01:20:00,70.824,0.0,,,,
1096,07/27/24 01:30:00,70.824,0.0,,,,
1097,07/27/24 01:40:00,70.824,0.0,,,,
1098,07/27/24 01:50:00,70.651,0.0,,,,
1099,07/27/24 02:00:00,70.651,0.0,,,,
1100,07/27/24 02:10:00,70.651,0.0,,,,
1101,07/27/24 02:20:00,70.651,0.0,,,,
1102,07/27/24 02:30:00,70.651,0.0,,,,
1103,07/27/24 02:40:00,70.651,0.0,,,,
1104,07/27/24 02:50:00,70.480,0.0,,,,
1105,07/27/24 03:00:00,70.480,0.0,,,,
1106,07/27/24 03:10:00,70.480,0.0,,,,
1107,07/27/24 03:20:00,70.480,0.0,,,,
1108,07/27/24 03:30:00,70.480,0.0,,,,
1109,07/27/24 03:40:00,70.480,0.0,,,,
1110,07/27/24 03:50:00,70.308,0.0,,,,
1111,07/27/24 04:00:00,70.308,0.0,,,,
1112,07/27/24 04:10:00,70.308,0.0,,,,
1113,07/27/24 04:20:00,70.308,0.0,,,,
1114,07/27/24 04:30:00,70.308,0.0,,,,
1115,07/27/24 04:40:00,70.137,0.0,,,,
1116,07/27/24 04:50:00,70.137,0.0,,,,
1117,07/27/24 05:00:00,70.137,0.0,,,,
1118,07/27/24 05:10:00,70.137,0.0,,,,
1119,07/27/24 05:20:00,70.137,0.0,,,,
1120,07/27/24 05:30:00,70.137,0.0,,,,
1121,07/27/24 05:40:00,70.137,0.0,,,,
1122,07/27/24 05:50:00,70.137,0.0,,,,
1123,07/27/24 06:00:00,69.964,4.0,,,,
1124,07/27/24 06:10:00,69.964,13.0,,,,
1125,07/27/24 06:20:00,69.964,25.0,,,,
1126,07/27/24 06:30:00,69.964,46.0,,,,
1127,07/27/24 06:40:00,69.964,70.0,,,,
1128,07/27/24 06:50:00,69.964,97.0,,,,
1129,07/27/24 07:00:00,69.964,125.0,,,,
1130,07/27/24 07:10:00,69.964,152.0,,,,
1131,07/27/24 07:20:00,69.964,192.0,,,,
1132,07/27/24 07:30:00,69.964,288.0,,,,
1133,07/27/24 07:40:00,70.137,352.0,,,,
1134,07/27/24 07:50:00,70.137,368.0,,,,
1135,07/27/24 08:00:00,70.137,448.0,,,,
1136,07/27/24 08:10:00,70.137,448.0,,,,
1137,07/27/24 08:20:00,70.137,496.0,,,,
1138,07/27/24 08:30:00,70.137,480.0,,,,
1139,07/27/24 08:40:00,70.137,480.0,,,,
1140,07/27/24 08:50:00,70.137,448.0,,,,
1141,07/27/24 09:00:00,70.137,480.0,,,,
1142,07/27/24 09:10:00,70.308,704.0,,,,
1143,07/27/24 09:20:00,70.137,480.0,,,,
1144,07/27/24 09:30:00,70.308,672.0,,,,
1145,07/27/24 09:40:00,70.308,800.0,,,,
1146,07/27/24 09:50:00,70.480,896.0,,,,
1147,07/27/24 10:00:00,70.480,704.0,,,,
1148,07/27/24 10:10:00,70.651,1088.0,,,,
1149,07/27/24 10:20:00,70.824,992.0,,,,
1150,07/27/24 10:30:00,70.651,960.0,,,,
1151,07/27/24 10:40:00,70.651,800.0,,,,
1152,07/27/24 10:50:00,70.651,864.0,,,,
1153,07/27/24 11:00:00,70.480,608.0,,,,
1154,07/27/24 11:10:00,70.824,1216.0,,,,
1155,07/27/24 11:20:00,71.339,1664.0,,,,
1156,07/27/24 11:30:00,70.995,1344.0,,,,
1157,07/27/24 11:40:00,71.683,2688.0,,,,
1158,07/27/24 11:50:00,71.683,1856.0,,,,
1159,07/27/24 12:00:00,71.339,1536.0,,,,
1160,07/27/24 12:10:00,72.199,4608.0,,,,
1161,07/27/24 12:20:00,71.856,1856.0,,,,
1162,07/27/24 12:30:00,72.372,3968.0,,,,
1163,07/27/24 12:40:00,72.545,1792.0,,,,
1164,07/27/24 12:50:00,72.718,2048.0,,,,
1165,07/27/24 13:00:00,72.028,1792.0,,,,
1166,07/27/24 13:10:00,71.856,1536.0,,,,
1167,07/27/24 13:20:00,72.891,3968.0,,,,
1168,07/27/24 13:30:00,72.891,4864.0,,,,
1169,07/27/24 13:40:00,72.891,2432.0,,,,
1170,07/27/24 13:50:00,72.545,1536.0,,,,
1171,07/27/24 14:00:00,72.545,3072.0,,,,
1172,07/27/24 14:10:00,72.891,3072.0,,,,
1173,07/27/24 14:20:00,71.856,1408.0,,,,
1174,07/27/24 14:30:00,72.199,2816.0,,,,
1175,07/27/24 14:40:00,71.683,800.0,,,,
1176,07/27/24 14:50:00,71.512,704.0,,,,
1177,07/27/24 15:00:00,71.339,480.0,,,,
1178,07/27/24 15:10:00,71.168,416.0,,,,
1179,07/27/24 15:20:00,70.995,480.0,,,,
1180,07/27/24 15:30:00,71.168,672.0,,,,
1181,07/27/24 15:40:00,71.168,672.0,,,,
1182,07/27/24 15:50:00,70.995,448.0,,,,
1183,07/27/24 16:00:00,70.995,496.0,,,,
1184,07/27/24 16:10:00,70.995,432.0,,,,
1185,07/27/24 16:20:00,70.995,432.0,,,,
1186,07/27/24 16:30:00,70.824,320.0,,,,
1187,07/27/24 16:40:00,70.651,336.0,,,,
1188,07/27/24 16:50:00,70.824,416.0,,,,
1189,07/27/24 17:00:00,70.824,368.0,,,,
1190,07/27/24 17:10:00,70.824,400.0,,,,
1191,07/27/24 17:20:00,70.824,512.0,,,,
1192,07/27/24 17:30:00,71.168,480.0,,,,
1193,07/27/24 17:40:00,70.651,304.0,,,,
1194,07/27/24 17:50:00,70.480,176.0,,,,
1195,07/27/24 18:00:00,70.480,73.0,,,,
1196,07/27/24 18:10:00,70.480,168.0,,,,
1197,07/27/24 18:20:00,70.308,86.0,,,,
1198,07/27/24 18:30:00,70.308,44.0,,,,
1199,07/27/24 18:40:00,70.308,34.0,,,,
1200,07/27/24 18:50:00,70.308,38.0,,,,
1201,07/27/24 19:00:00,70.137,33.0,,,,
1202,07/27/24 19:10:00,70.137,54.0,,,,
1203,07/27/24 19:20:00,69.964,51.0,,,,
1204,07/27/24 19:30:00,69.964,69.0,,,,
1205,07/27/24 19:40:00,69.964,79.0,,,,
1206,07/27/24 19:50:00,69.964,55.0,,,,
1207,07/27/24 20:00:00,69.964,39.0,,,,
1208,07/27/24 20:10:00,69.793,7.0,,,,
1209,07/27/24 20:20:00,69.793,5.0,,,,
1210,07/27/24 20:30:00,69.793,7.0,,,,
1211,07/27/24 20:40:00,69.793,5.0,,,,
1212,07/27/24 20:50:00,69.793,2.0,,,,
1213,07/27/24 21:00:00,69.622,0.0,,,,
1214,07/27/24 21:10:00,69.622,0.0,,,,
1215,07/27/24 21:20:00,69.622,0.0,,,,
1216,07/27/24 21:30:00,69.622,0.0,,,,
1217,07/27/24 21:40:00,69.622,0.0,,,,
1218,07/27/24 21:50:00,69.622,0.0,,,,
1219,07/27/24 22:00:00,69.622,0.0,,,,
1220,07/27/24 22:10:00,69.622,0.0,,,,
1221,07/27/24 22:20:00,69.622,0.0,,,,
1222,07/27/24 22:30:00,69.622,0.0,,,,
1223,07/27/24 22:40:00,69.622,0.0,,,,
1224,07/27/24 22:50:00,69.449,0.0,,,,
1225,07/27/24 23:00:00,69.449,0.0,,,,
1226,07/27/24 23:10:00,69.449,0.0,,,,
1227,07/27/24 23:20:00,69.449,0.0,,,,
1228,07/27/24 23:30:00,69.449,0.0,,,,
1229,07/27/24 23:40:00,69.449,0.0,,,,
1230,07/27/24 23:50:00,69.449,0.0,,,,
1231,07/28/24 00:00:00,69.449,0.0,,,,
1232,07/28/24 00:10:00,69.449,0.0,,,,
1233,07/28/24 00:20:00,69.449,0.0,,,,
1234,07/28/24 00:30:00,69.449,0.0,,,,
1235,07/28/24 00:40:00,69.449,0.0,,,,
1236,07/28/24 00:50:00,69.278,0.0,,,,
1237,07/28/24 01:00:00,69.278,0.0,,,,
1238,07/28/24 01:10:00,69.278,0.0,,,,
1239,07/28/24 01:20:00,69.278,0.0,,,,
1240,07/28/24 01:30:00,69.278,0.0,,,,
1241,07/28/24 01:40:00,69.278,0.0,,,,
1242,07/28/24 01:50:00,69.278,0.0,,,,
1243,07/28/24 02:00:00,69.278,0.0,,,,
1244,07/28/24 02:10:00,69.278,0.0,,,,
1245,07/28/24 02:20:00,69.278,0.0,,,,
1246,07/28/24 02:30:00,69.107,0.0,,,,
1247,07/28/24 02:40:00,69.107,0.0,,,,
1248,07/28/24 02:50:00,69.107,0.0,,,,
1249,07/28/24 03:00:00,69.107,0.0,,,,
1250,07/28/24 03:10:00,69.107,0.0,,,,
1251,07/28/24 03:20:00,68.934,0.0,,,,
1252,07/28/24 03:30:00,68.934,0.0,,,,
1253,07/28/24 03:40:00,68.934,0.0,,,,
1254,07/28/24 03:50:00,68.934,0.0,,,,
1255,07/28/24 04:00:00,68.934,0.0,,,,
1256,07/28/24 04:10:00,68.934,0.0,,,,
1257,07/28/24 04:20:00,68.763,0.0,,,,
1258,07/28/24 04:30:00,68.763,0.0,,,,
1259,07/28/24 04:40:00,68.763,0.0,,,,
1260,07/28/24 04:50:00,68.763,0.0,,,,
1261,07/28/24 05:00:00,68.592,0.0,,,,
1262,07/28/24 05:10:00,68.763,0.0,,,,
1263,07/28/24 05:20:00,68.592,0.0,,,,
1264,07/28/24 05:30:00,68.592,0.0,,,,
1265,07/28/24 05:40:00,68.592,0.0,,,,
1266,07/28/24 05:50:00,68.421,0.0,,,,
1267,07/28/24 06:00:00,68.421,3.0,,,,
1268,07/28/24 06:10:00,68.421,10.0,,,,
1269,07/28/24 06:20:00,68.421,23.0,,,,
1270,07/28/24 06:30:00,68.421,40.0,,,,
1271,07/28/24 06:40:00,68.421,60.0,,,,
1272,07/28/24 06:50:00,68.421,88.0,,,,
1273,07/28/24 07:00:00,68.421,118.0,,,,
1274,07/28/24 07:10:00,68.421,144.0,,,,
1275,07/28/24 07:20:00,68.421,168.0,,,,
1276,07/28/24 07:30:00,68.421,192.0,,,,
1277,07/28/24 07:40:00,68.421,224.0,,,,
1278,07/28/24 07:50:00,68.421,248.0,,,,
1279,07/28/24 08:00:00,68.421,272.0,,,,
1280,07/28/24 08:10:00,68.421,352.0,,,,
1281,07/28/24 08:20:00,68.421,336.0,,,,
1282,07/28/24 08:30:00,68.421,464.0,,,,
1283,07/28/24 08:40:00,68.421,416.0,,,,
1284,07/28/24 08:50:00,68.421,400.0,,,,
1285,07/28/24 09:00:00,68.421,448.0,,,,
1286,07/28/24 09:10:00,68.592,480.0,,,,
1287,07/28/24 09:20:00,68.763,896.0,,,,
1288,07/28/24 09:30:00,68.763,800.0,,,,
1289,07/28/24 09:40:00,69.107,1088.0,,,,
1290,07/28/24 09:50:00,69.278,992.0,,,,
1291,07/28/24 10:00:00,69.278,1216.0,,,,
1292,07/28/24 10:10:00,69.107,1152.0,,,,
1293,07/28/24 10:20:00,69.449,1728.0,,,,
1294,07/28/24 10:30:00,69.449,2304.0,,,,
1295,07/28/24 10:40:00,69.793,2048.0,,,,
1296,07/28/24 10:50:00,69.793,2048.0,,,,
1297,07/28/24 11:00:00,69.622,1408.0,,,,
1298,07/28/24 11:10:00,69.964,2176.0,,,,
1299,07/28/24 11:20:00,70.137,1344.0,,,,
1300,07/28/24 11:30:00,70.308,1792.0,,,,
1301,07/28/24 11:40:00,70.480,2560.0,,,,
1302,07/28/24 11:50:00,70.480,1408.0,,,,
1303,07/28/24 12:00:00,70.824,6144.0,,,,
1304,07/28/24 12:10:00,70.995,7168.0,,,,
1305,07/28/24 12:20:00,70.995,2432.0,,,,
1306,07/28/24 12:30:00,70.995,2304.0,,,,
1307,07/28/24 12:40:00,71.168,1344.0,,,,
1308,07/28/24 12:50:00,71.339,1920.0,,,,
1309,07/28/24 13:00:00,71.512,2432.0,,,,
1310,07/28/24 13:10:00,71.512,2048.0,,,,
1311,07/28/24 13:20:00,71.683,2432.0,,,,
1312,07/28/24 13:30:00,71.683,1792.0,,,,
1313,07/28/24 13:40:00,71.856,1728.0,,,,
1314,07/28/24 13:50:00,71.339,3072.0,,,,
1315,07/28/24 14:00:00,71.339,2432.0,,,,
1316,07/28/24 14:10:00,71.683,4864.0,,,,
1317,07/28/24 14:20:00,71.683,1920.0,,,,
1318,07/28/24 14:30:00,71.512,2944.0,,,,
1319,07/28/24 14:40:00,71.856,3200.0,,,,
1320,07/28/24 14:50:00,72.028,6656.0,,,,
1321,07/28/24 15:00:00,72.028,3840.0,,,,
1322,07/28/24 15:10:00,71.856,4608.0,,,,
1323,07/28/24 15:20:00,72.028,1920.0,,,,
1324,07/28/24 15:30:00,71.339,864.0,,,,
1325,07/28/24 15:40:00,71.856,2048.0,,,,
1326,07/28/24 15:50:00,71.168,512.0,,,,
1327,07/28/24 16:00:00,71.168,512.0,,,,
1328,07/28/24 16:10:00,71.856,1536.0,,,,
1329,07/28/24 16:20:00,71.683,1728.0,,,,
1330,07/28/24 16:30:00,71.512,1536.0,,,,
1331,07/28/24 16:40:00,70.995,576.0,,,,
1332,07/28/24 16:50:00,70.995,480.0,,,,
1333,07/28/24 17:00:00,71.683,1216.0,,,,
1334,07/28/24 17:10:00,71.168,2432.0,,,,
1335,07/28/24 17:20:00,70.308,480.0,,,,
1336,07/28/24 17:30:00,70.824,608.0,,,,
1337,07/28/24 17:40:00,70.480,432.0,,,,
1338,07/28/24 17:50:00,71.168,1152.0,,,,
1339,07/28/24 18:00:00,70.995,1216.0,,,,
1340,07/28/24 18:10:00,71.168,704.0,,,,
1341,07/28/24 18:20:00,71.168,512.0,,,,
1342,07/28/24 18:30:00,70.824,960.0,,,,
1343,07/28/24 18:40:00,70.824,768.0,,,,
1344,07/28/24 18:50:00,70.651,464.0,,,,
1345,07/28/24 19:00:00,70.480,576.0,,,,
1346,07/28/24 19:10:00,70.308,400.0,,,,
1347,07/28/24 19:20:00,70.137,368.0,,,,
1348,07/28/24 19:30:00,70.137,320.0,,,,
1349,07/28/24 19:40:00,70.137,248.0,,,,
1350,07/28/24 19:50:00,70.137,200.0,,,,
1351,07/28/24 20:00:00,70.308,152.0,,,,
1352,07/28/24 20:10:00,70.308,88.0,,,,
1353,07/28/24 20:20:00,70.308,72.0,,,,
1354,07/28/24 20:30:00,69.964,43.0,,,,
1355,07/28/24 20:40:00,69.964,20.0,,,,
1356,07/28/24 20:50:00,69.964,7.0,,,,
1357,07/28/24 21:00:00,69.793,1.0,,,,
1358,07/28/24 21:10:00,69.793,0.0,,,,
1359,07/28/24 21:20:00,69.793,0.0,,,,
1360,07/28/24 21:30:00,69.622,0.0,,,,
1361,07/28/24 21:40:00,69.622,0.0,,,,
1362,07/28/24 21:50:00,69.622,0.0,,,,
1363,07/28/24 22:00:00,69.622,0.0,,,,
1364,07/28/24 22:10:00,69.622,0.0,,,,
1365,07/28/24 22:20:00,69.449,0.0,,,,
1366,07/28/24 22:30:00,69.449,0.0,,,,
1367,07/28/24 22:40:00,69.449,0.0,,,,
1368,07/28/24 22:50:00,69.449,0.0,,,,
1369,07/28/24 23:00:00,69.278,0.0,,,,
1370,07/28/24 23:10:00,69.278,0.0,,,,
1371,07/28/24 23:20:00,69.278,0.0,,,,
1372,07/28/24 23:30:00,69.278,0.0,,,,
1373,07/28/24 23:40:00,69.107,0.0,,,,
1374,07/28/24 23:50:00,69.107,0.0,,,,
1375,07/29/24 00:00:00,69.107,0.0,,,,
1376,07/29/24 00:10:00,69.107,0.0,,,,
1377,07/29/24 00:20:00,69.107,0.0,,,,
1378,07/29/24 00:30:00,68.934,0.0,,,,
1379,07/29/24 00:40:00,68.934,0.0,,,,
1380,07/29/24 00:50:00,68.934,0.0,,,,
1381,07/29/24 01:00:00,68.934,0.0,,,,
1382,07/29/24 01:10:00,68.934,0.0,,,,
1383,07/29/24 01:20:00,68.763,0.0,,,,
1384,07/29/24 01:30:00,68.763,0.0,,,,
1385,07/29/24 01:40:00,68.763,0.0,,,,
1386,07/29/24 01:50:00,68.763,0.0,,,,
1387,07/29/24 02:00:00,68.763,0.0,,,,
1388,07/29/24 02:10:00,68.763,0.0,,,,
1389,07/29/24 02:20:00,68.592,0.0,,,,
1390,07/29/24 02:30:00,68.592,0.0,,,,
1391,07/29/24 02:40:00,68.592,0.0,,,,
1392,07/29/24 02:50:00,68.592,0.0,,,,
1393,07/29/24 03:00:00,68.592,0.0,,,,
1394,07/29/24 03:10:00,68.592,0.0,,,,
1395,07/29/24 03:20:00,68.421,0.0,,,,
1396,07/29/24 03:30:00,68.421,0.0,,,,
1397,07/29/24 03:40:00,68.421,0.0,,,,
1398,07/29/24 03:50:00,68.421,0.0,,,,
1399,07/29/24 04:00:00,68.421,0.0,,,,
1400,07/29/24 04:10:00,68.421,0.0,,,,
1401,07/29/24 04:20:00,68.248,0.0,,,,
1402,07/29/24 04:30:00,68.248,0.0,,,,
1403,07/29/24 04:40:00,68.248,0.0,,,,
1404,07/29/24 04:50:00,68.248,0.0,,,,
1405,07/29/24 05:00:00,68.077,0.0,,,,
1406,07/29/24 05:10:00,68.077,0.0,,,,
1407,07/29/24 05:20:00,68.077,0.0,,,,
1408,07/29/24 05:30:00,68.077,0.0,,,,
1409,07/29/24 05:40:00,68.077,0.0,,,,
1410,07/29/24 05:50:00,67.906,0.0,,,,
1411,07/29/24 06:00:00,67.906,2.0,,,,
1412,07/29/24 06:10:00,67.906,9.0,,,,
1413,07/29/24 06:20:00,67.906,18.0,,,,
1414,07/29/24 06:30:00,67.735,36.0,,,,
1415,07/29/24 06:40:00,67.906,58.0,,,,
1416,07/29/24 06:50:00,67.906,82.0,,,,
1417,07/29/24 07:00:00,67.906,107.0,,,,
1418,07/29/24 07:10:00,67.735,128.0,,,,
1419,07/29/24 07:20:00,67.735,160.0,,,,
1420,07/29/24 07:30:00,67.735,200.0,,,,
1421,07/29/24 07:40:00,67.735,216.0,,,,
1422,07/29/24 07:50:00,67.735,240.0,,,,
1423,07/29/24 08:00:00,67.735,304.0,,,,
1424,07/29/24 08:10:00,67.906,336.0,,,,
1425,07/29/24 08:20:00,67.735,304.0,,,,
1426,07/29/24 08:30:00,67.906,416.0,,,,
1427,07/29/24 08:40:00,67.906,384.0,,,,
1428,07/29/24 08:50:00,67.906,416.0,,,,
1429,07/29/24 09:00:00,67.906,448.0,,,,
1430,07/29/24 09:10:00,67.906,480.0,,,,
1431,07/29/24 09:20:00,67.906,480.0,,,,
1432,07/29/24 09:30:00,68.077,576.0,,,,
1433,07/29/24 09:40:00,68.592,704.0,,,,
1434,07/29/24 09:50:00,68.421,864.0,,,,
1435,07/29/24 10:00:00,68.592,960.0,,,,
1436,07/29/24 10:10:00,68.763,960.0,,,,
1437,07/29/24 10:20:00,68.934,992.0,,,,
1438,07/29/24 10:30:00,68.934,1088.0,,,,
1439,07/29/24 10:40:00,69.107,1024.0,,,,
1440,07/29/24 10:50:00,69.449,1408.0,,,,
1441,07/29/24 11:00:00,69.449,3072.0,,,,
1442,07/29/24 11:10:00,69.793,1408.0,,,,
1443,07/29/24 11:20:00,69.622,1216.0,,,,
1444,07/29/24 11:30:00,69.964,2176.0,,,,
1445,07/29/24 11:40:00,70.137,1792.0,,,,
1446,07/29/24 11:50:00,70.480,1472.0,,,,
1447,07/29/24 12:00:00,70.824,2688.0,,,,
1448,07/29/24 12:10:00,69.793,1024.0,,,,
1449,07/29/24 12:20:00,70.480,2432.0,,,,
1450,07/29/24 12:30:00,70.651,1792.0,,,,
1451,07/29/24 12:40:00,70.824,5376.0,,,,
1452,07/29/24 12:50:00,70.824,2304.0,,,,
1453,07/29/24 13:00:00,71.168,2816.0,,,,
1454,07/29/24 13:10:00,70.824,992.0,,,,
1455,07/29/24 13:20:00,70.137,576.0,,,,
1456,07/29/24 13:30:00,71.168,704.0,,,,
1457,07/29/24 13:40:00,71.339,2176.0,,,,
1458,07/29/24 13:50:00,70.308,608.0,,,,
1459,07/29/24 14:00:00,70.651,4096.0,,,,
1460,07/29/24 14:10:00,71.339,1600.0,,,,
1461,07/29/24 14:20:00,70.137,768.0,,,,
1462,07/29/24 14:30:00,70.824,2304.0,,,,
1463,07/29/24 14:40:00,71.339,704.0,,,,
1464,07/29/24 14:50:00,71.168,1920.0,,,,
1465,07/29/24 15:00:00,71.856,2304.0,,,,
1466,07/29/24 15:10:00,71.856,1920.0,,,,
1467,07/29/24 15:20:00,71.339,1280.0,,,,
1468,07/29/24 15:30:00,71.856,3968.0,,,,
1469,07/29/24 15:40:00,71.856,5120.0,,,,
1470,07/29/24 15:50:00,71.339,672.0,,,,
1471,07/29/24 16:00:00,71.512,2560.0,,,,
1472,07/29/24 16:10:00,70.824,1280.0,,,,
1473,07/29/24 16:20:00,71.168,1088.0,,,,
1474,07/29/24 16:30:00,71.168,1152.0,,,,
1475,07/29/24 16:40:00,70.824,1920.0,,,,
1476,07/29/24 16:50:00,70.824,2048.0,,,,
1477,07/29/24 17:00:00,70.824,960.0,,,,
1478,07/29/24 17:10:00,70.480,2816.0,,,,
1479,07/29/24 17:20:00,70.651,896.0,,,,
1480,07/29/24 17:30:00,70.824,1664.0,,,,
1481,07/29/24 17:40:00,70.824,800.0,,,,
1482,07/29/24 17:50:00,70.995,1088.0,,,,
1483,07/29/24 18:00:00,70.480,1152.0,,,,
1484,07/29/24 18:10:00,70.480,512.0,,,,
1485,07/29/24 18:20:00,70.651,512.0,,,,
1486,07/29/24 18:30:00,70.480,416.0,,,,
1487,07/29/24 18:40:00,70.480,496.0,,,,
1488,07/29/24 18:50:00,70.480,416.0,,,,
1489,07/29/24 19:00:00,70.308,480.0,,,,
1490,07/29/24 19:10:00,70.308,288.0,,,,
1491,07/29/24 19:20:00,70.308,352.0,,,,
1492,07/29/24 19:30:00,70.137,240.0,,,,
1493,07/29/24 19:40:00,70.137,192.0,,,,
1494,07/29/24 19:50:00,70.137,176.0,,,,
1495,07/29/24 20:00:00,69.964,136.0,,,,
1496,07/29/24 20:10:00,69.964,78.0,,,,
1497,07/29/24 20:20:00,69.964,60.0,,,,
1498,07/29/24 20:30:00,69.793,35.0,,,,
1499,07/29/24 20:40:00,69.793,18.0,,,,
1500,07/29/24 20:50:00,69.793,8.0,,,,
1501,07/29/24 21:00:00,69.793,1.0,,,,
1502,07/29/24 21:10:00,69.622,0.0,,,,
1503,07/29/24 21:20:00,69.622,0.0,,,,
1504,07/29/24 21:30:00,69.622,0.0,,,,
1505,07/29/24 21:40:00,69.622,0.0,,,,
1506,07/29/24 21:50:00,69.449,0.0,,,,
1507,07/29/24 22:00:00,69.449,0.0,,,,
1508,07/29/24 22:10:00,69.449,0.0,,,,
1509,07/29/24 22:20:00,69.278,0.0,,,,
1510,07/29/24 22:30:00,69.278,0.0,,,,
1511,07/29/24 22:40:00,69.278,0.0,,,,
1512,07/29/24 22:50:00,69.278,0.0,,,,
1513,07/29/24 23:00:00,69.278,0.0,,,,
1514,07/29/24 23:10:00,69.107,0.0,,,,
1515,07/29/24 23:20:00,69.107,0.0,,,,
1516,07/29/24 23:30:00,69.107,0.0,,,,
1517,07/29/24 23:40:00,69.107,0.0,,,,
1518,07/29/24 23:50:00,69.107,0.0,,,,
1519,07/30/24 00:00:00,68.934,0.0,,,,
1520,07/30/24 00:10:00,68.934,0.0,,,,
1521,07/30/24 00:20:00,68.934,0.0,,,,
1522,07/30/24 00:30:00,68.934,0.0,,,,
1523,07/30/24 00:40:00,68.934,0.0,,,,
1524,07/30/24 00:50:00,68.934,0.0,,,,
1525,07/30/24 01:00:00,68.934,0.0,,,,
1526,07/30/24 01:10:00,68.763,0.0,,,,
1527,07/30/24 01:20:00,68.763,0.0,,,,
1528,07/30/24 01:30:00,68.763,0.0,,,,
1529,07/30/24 01:40:00,68.763,0.0,,,,
1530,07/30/24 01:50:00,68.763,0.0,,,,
1531,07/30/24 02:00:00,68.763,0.0,,,,
1532,07/30/24 02:10:00,68.763,0.0,,,,
1533,07/30/24 02:20:00,68.763,0.0,,,,
1534,07/30/24 02:30:00,68.592,0.0,,,,
1535,07/30/24 02:40:00,68.592,0.0,,,,
1536,07/30/24 02:50:00,68.592,0.0,,,,
1537,07/30/24 03:00:00,68.592,0.0,,,,
1538,07/30/24 03:10:00,68.421,0.0,,,,
1539,07/30/24 03:20:00,68.592,0.0,,,,
1540,07/30/24 03:30:00,68.421,0.0,,,,
1541,07/30/24 03:40:00,68.421,0.0,,,,
1542,07/30/24 03:50:00,68.421,0.0,,,,
1543,07/30/24 04:00:00,68.421,0.0,,,,
1544,07/30/24 04:10:00,68.421,0.0,,,,
1545,07/30/24 04:20:00,68.421,0.0,,,,
1546,07/30/24 04:30:00,68.421,0.0,,,,
1547,07/30/24 04:40:00,68.421,0.0,,,,
1548,07/30/24 04:50:00,68.248,0.0,,,,
1549,07/30/24 05:00:00,68.248,0.0,,,,
1550,07/30/24 05:10:00,68.248,0.0,,,,
1551,07/30/24 05:20:00,68.248,0.0,,,,
1552,07/30/24 05:30:00,68.248,0.0,,,,
1553,07/30/24 05:40:00,68.248,0.0,,,,
1554,07/30/24 05:50:00,68.248,0.0,,,,
1555,07/30/24 06:00:00,68.077,2.0,,,,
1556,07/30/24 06:10:00,68.077,8.0,,,,
1557,07/30/24 06:20:00,68.077,18.0,,,,
1558,07/30/24 06:30:00,68.077,36.0,,,,
1559,07/30/24 06:40:00,68.077,56.0,,,,
1560,07/30/24 06:50:00,68.077,84.0,,,,
1561,07/30/24 07:00:00,68.077,100.0,,,,
1562,07/30/24 07:10:00,68.077,144.0,,,,
1563,07/30/24 07:20:00,68.077,168.0,,,,
1564,07/30/24 07:30:00,68.077,176.0,,,,
1565,07/30/24 07:40:00,68.077,192.0,,,,
1566,07/30/24 07:50:00,68.077,248.0,,,,
1567,07/30/24 08:00:00,68.077,240.0,,,,
1568,07/30/24 08:10:00,68.077,288.0,,,,
1569,07/30/24 08:20:00,68.077,336.0,,,,
1570,07/30/24 08:30:00,68.248,304.0,,,,
1571,07/30/24 08:40:00,68.248,352.0,,,,
1572,07/30/24 08:50:00,68.077,416.0,,,,
1573,07/30/24 09:00:00,68.248,448.0,,,,
1574,07/30/24 09:10:00,68.248,496.0,,,,
1575,07/30/24 09:20:00,68.248,512.0,,,,
1576,07/30/24 09:30:00,68.421,608.0,,,,
1577,07/30/24 09:40:00,68.592,672.0,,,,
1578,07/30/24 09:50:00,68.592,1280.0,,,,
1579,07/30/24 10:00:00,68.763,704.0,,,,
1580,07/30/24 10:10:00,68.592,608.0,,,,
1581,07/30/24 10:20:00,68.934,2432.0,,,,
1582,07/30/24 10:30:00,68.934,2048.0,,,,
1583,07/30/24 10:40:00,69.278,1152.0,,,,
1584,07/30/24 10:50:00,69.278,1536.0,,,,
1585,07/30/24 11:00:00,68.934,1088.0,,,,
1586,07/30/24 11:10:00,69.107,1024.0,,,,
1587,07/30/24 11:20:00,68.934,768.0,,,,
1588,07/30/24 11:30:00,69.278,1536.0,,,,
1589,07/30/24 11:40:00,69.449,1536.0,,,,
1590,07/30/24 11:50:00,70.137,2176.0,,,,
1591,07/30/24 12:00:00,69.964,2176.0,,,,
1592,07/30/24 12:10:00,69.964,1856.0,,,,
1593,07/30/24 12:20:00,69.964,1920.0,,,,
1594,07/30/24 12:30:00,69.622,1344.0,,,,
1595,07/30/24 12:40:00,69.793,1280.0,,,,
1596,07/30/24 12:50:00,69.793,1152.0,,,,
1597,07/30/24 13:00:00,69.278,864.0,,,,
1598,07/30/24 13:10:00,69.278,960.0,,,,
1599,07/30/24 13:20:00,69.278,704.0,,,,
1600,07/30/24 13:30:00,69.278,512.0,,,,
1601,07/30/24 13:40:00,69.278,672.0,,,,
1602,07/30/24 13:50:00,69.278,800.0,,,,
1603,07/30/24 14:00:00,69.278,864.0,,,,
1604,07/30/24 14:10:00,69.278,576.0,,,,
1605,07/30/24 14:20:00,69.107,768.0,,,,
1606,07/30/24 14:30:00,69.278,768.0,,,,
1607,07/30/24 14:40:00,69.107,800.0,,,,
1608,07/30/24 14:50:00,69.278,992.0,,,,
1609,07/30/24 15:00:00,69.449,1344.0,,,,
1610,07/30/24 15:10:00,69.107,512.0,,,,
1611,07/30/24 15:20:00,68.763,368.0,,,,
1612,07/30/24 15:30:00,68.763,248.0,,,,
1613,07/30/24 15:40:00,68.592,288.0,,,,
1614,07/30/24 15:50:00,68.763,384.0,,,,
1615,07/30/24 16:00:00,69.107,864.0,,,,
1616,07/30/24 16:10:00,68.763,480.0,,,,
1617,07/30/24 16:20:00,68.763,608.0,,,,
1618,07/30/24 16:30:00,68.934,704.0,,,,
1619,07/30/24 16:40:00,68.763,608.0,,,,
1620,07/30/24 16:50:00,68.763,480.0,,,,
1621,07/30/24 17:00:00,68.592,576.0,,,,
1622,07/30/24 17:10:00,68.934,1152.0,,,,
1623,07/30/24 17:20:00,69.107,2944.0,,,,
1624,07/30/24 17:30:00,69.278,1472.0,,,,
1625,07/30/24 17:40:00,69.107,1152.0,,,,
1626,07/30/24 17:50:00,68.934,1536.0,,,,
1627,07/30/24 18:00:00,69.107,576.0,,,,
1628,07/30/24 18:10:00,68.763,1792.0,,,,
1629,07/30/24 18:20:00,68.592,288.0,,,,
1630,07/30/24 18:30:00,68.592,256.0,,,,
1631,07/30/24 18:40:00,68.592,288.0,,,,
1632,07/30/24 18:50:00,68.763,400.0,,,,
1633,07/30/24 19:00:00,68.592,176.0,,,,
1634,07/30/24 19:10:00,68.592,208.0,,,,
1635,07/30/24 19:20:00,68.592,224.0,,,,
1636,07/30/24 19:30:00,68.592,128.0,,,,
1637,07/30/24 19:40:00,68.592,58.0,,,,
1638,07/30/24 19:50:00,68.421,38.0,,,,
1639,07/30/24 20:00:00,68.421,27.0,,,,
1640,07/30/24 20:10:00,68.421,24.0,,,,
1641,07/30/24 20:20:00,68.421,16.0,,,,
1642,07/30/24 20:30:00,68.421,13.0,,,,
1643,07/30/24 20:40:00,68.421,3.0,,,,
1644,07/30/24 20:50:00,68.248,0.0,,,,
1645,07/30/24 21:00:00,68.248,0.0,,,,
1646,07/30/24 21:10:00,68.248,0.0,,,,
1647,07/30/24 21:20:00,68.248,0.0,,,,
1648,07/30/24 21:30:00,68.248,0.0,,,,
1649,07/30/24 21:40:00,68.248,0.0,,,,
1650,07/30/24 21:50:00,68.248,0.0,,,,
1651,07/30/24 22:00:00,68.077,0.0,,,,
1652,07/30/24 22:10:00,68.077,0.0,,,,
1653,07/30/24 22:20:00,68.077,0.0,,,,
1654,07/30/24 22:30:00,68.077,0.0,,,,
1655,07/30/24 22:40:00,68.077,0.0,,,,
1656,07/30/24 22:50:00,68.077,0.0,,,,
1657,07/30/24 23:00:00,68.077,0.0,,,,
1658,07/30/24 23:10:00,68.077,0.0,,,,
1659,07/30/24 23:20:00,68.077,0.0,,,,
1660,07/30/24 23:30:00,67.906,0.0,,,,
1661,07/30/24 23:40:00,67.906,0.0,,,,
1662,07/30/24 23:50:00,67.906,0.0,,,,
1663,07/31/24 00:00:00,67.906,0.0,,,,
1664,07/31/24 00:10:00,67.906,0.0,,,,
1665,07/31/24 00:20:00,67.906,0.0,,,,
1666,07/31/24 00:30:00,67.906,0.0,,,,
1667,07/31/24 00:40:00,67.906,0.0,,,,
1668,07/31/24 00:50:00,67.735,0.0,,,,
1669,07/31/24 01:00:00,67.906,0.0,,,,
1670,07/31/24 01:10:00,67.735,0.0,,,,
1671,07/31/24 01:20:00,67.735,0.0,,,,
1672,07/31/24 01:30:00,67.735,0.0,,,,
1673,07/31/24 01:40:00,67.735,0.0,,,,
1674,07/31/24 01:50:00,67.735,0.0,,,,
1675,07/31/24 02:00:00,67.735,0.0,,,,
1676,07/31/24 02:10:00,67.735,0.0,,,,
1677,07/31/24 02:20:00,67.564,0.0,,,,
1678,07/31/24 02:30:00,67.564,0.0,,,,
1679,07/31/24 02:40:00,67.564,0.0,,,,
1680,07/31/24 02:50:00,67.564,0.0,,,,
1681,07/31/24 03:00:00,67.564,0.0,,,,
1682,07/31/24 03:10:00,67.564,0.0,,,,
1683,07/31/24 03:20:00,67.564,0.0,,,,
1684,07/31/24 03:30:00,67.564,0.0,,,,
1685,07/31/24 03:40:00,67.392,0.0,,,,
1686,07/31/24 03:50:00,67.564,0.0,,,,
1687,07/31/24 04:00:00,67.392,0.0,,,,
1688,07/31/24 04:10:00,67.392,0.0,,,,
1689,07/31/24 04:20:00,67.392,0.0,,,,
1690,07/31/24 04:30:00,67.392,0.0,,,,
1691,07/31/24 04:40:00,67.392,0.0,,,,
1692,07/31/24 04:50:00,67.392,0.0,,,,
1693,07/31/24 05:00:00,67.221,0.0,,,,
1694,07/31/24 05:10:00,67.221,0.0,,,,
1695,07/31/24 05:20:00,67.221,0.0,,,,
1696,07/31/24 05:30:00,67.221,0.0,,,,
1697,07/31/24 05:40:00,67.221,0.0,,,,
1698,07/31/24 05:50:00,67.221,0.0,,,,
1699,07/31/24 06:00:00,67.221,1.0,,,,
1700,07/31/24 06:10:00,67.221,7.0,,,,
1701,07/31/24 06:20:00,67.221,16.0,,,,
1702,07/31/24 06:30:00,67.221,30.0,,,,
1703,07/31/24 06:40:00,67.050,36.0,,,,
1704,07/31/24 06:50:00,67.221,52.0,,,,
1705,07/31/24 07:00:00,67.221,58.0,,,,
1706,07/31/24 07:10:00,67.221,84.0,,,,
1707,07/31/24 07:20:00,67.050,80.0,,,,
1708,07/31/24 07:30:00,67.050,99.0,,,,
1709,07/31/24 07:40:00,67.050,115.0,,,,
1710,07/31/24 07:50:00,67.050,192.0,,,,
1711,07/31/24 08:00:00,67.050,115.0,,,,
1712,07/31/24 08:10:00,67.050,114.0,,,,
1713,07/31/24 08:20:00,67.050,136.0,,,,
1714,07/31/24 08:30:00,67.050,168.0,,,,
1715,07/31/24 08:40:00,67.050,160.0,,,,
1716,07/31/24 08:50:00,67.050,200.0,,,,
1717,07/31/24 09:00:00,67.392,5376.0,,,,
1718,07/31/24 09:10:00,67.564,1600.0,,,,
1719,07/31/24 09:20:00,67.735,896.0,,,,
1720,07/31/24 09:30:00,67.906,1728.0,,,,
1721,07/31/24 09:40:00,67.906,512.0,,,,
1722,07/31/24 09:50:00,68.077,1152.0,,,,
1723,07/31/24 10:00:00,68.248,1664.0,,,,
1724,07/31/24 10:10:00,68.248,1344.0,,,,
1725,07/31/24 10:20:00,68.421,1472.0,,,,
1726,07/31/24 10:30:00,68.421,1920.0,,,,
1727,07/31/24 10:40:00,68.592,1536.0,,,,
1728,07/31/24 10:50:00,68.763,1856.0,,,,
1729,07/31/24 11:00:00,68.934,1088.0,,,,
1730,07/31/24 11:10:00,69.107,896.0,,,,
1731,07/31/24 11:20:00,69.278,1344.0,,,,
1732,07/31/24 11:30:00,69.449,1536.0,,,,
1733,07/31/24 11:40:00,69.449,2304.0,,,,
1734,07/31/24 11:50:00,69.622,2304.0,,,,
1735,07/31/24 12:00:00,69.793,3072.0,,,,
1736,07/31/24 12:10:00,69.964,4608.0,,,,
1737,07/31/24 12:20:00,69.964,2944.0,,,,
1738,07/31/24 12:30:00,70.308,5376.0,,,,
1739,07/31/24 12:40:00,70.137,4608.0,,,,
1740,07/31/24 12:50:00,70.308,2432.0,,,,
1741,07/31/24 13:00:00,70.308,1024.0,,,,
1742,07/31/24 13:10:00,70.480,3200.0,,,,
1743,07/31/24 13:20:00,70.651,1728.0,,,,
1744,07/31/24 13:30:00,70.651,2432.0,,,,
1745,07/31/24 13:40:00,70.824,2048.0,,,,
1746,07/31/24 13:50:00,70.995,1728.0,,,,
1747,07/31/24 14:00:00,71.168,1472.0,,,,
1748,07/31/24 14:10:00,70.995,5632.0,,,,
1749,07/31/24 14:20:00,70.995,1152.0,,,,
1750,07/31/24 14:30:00,71.339,4096.0,,,,
1751,07/31/24 14:40:00,71.168,992.0,,,,
1752,07/31/24 14:50:00,71.339,1536.0,,,,
1753,07/31/24 15:00:00,71.512,1344.0,,,,
1754,07/31/24 15:10:00,71.512,2176.0,,,,
1755,07/31/24 15:20:00,71.683,1984.0,,,,
1756,07/31/24 15:30:00,72.028,2304.0,,,,
1757,07/31/24 15:40:00,71.339,1472.0,,,,
1758,07/31/24 15:50:00,71.168,1664.0,,,,
1759,07/31/24 16:00:00,71.168,1152.0,,,,
1760,07/31/24 16:10:00,71.168,1920.0,,,,
1761,07/31/24 16:20:00,71.168,1728.0,,,,
1762,07/31/24 16:30:00,71.512,1728.0,,,,
1763,07/31/24 16:40:00,71.168,1984.0,,,,
1764,07/31/24 16:50:00,71.339,768.0,,,,
1765,07/31/24 17:00:00,71.339,1024.0,,,,
1766,07/31/24 17:10:00,71.168,1152.0,,,,
1767,07/31/24 17:20:00,70.824,800.0,,,,
1768,07/31/24 17:30:00,70.995,512.0,,,,
1769,07/31/24 17:40:00,70.995,768.0,,,,
1770,07/31/24 17:50:00,70.824,576.0,,,,
1771,07/31/24 18:00:00,70.995,672.0,,,,
1772,07/31/24 18:10:00,71.683,336.0,,,,
1773,07/31/24 18:20:00,71.856,320.0,,,,
1774,07/31/24 18:30:00,71.683,576.0,,,,
1775,07/31/24 18:40:00,71.683,320.0,,,,
1776,07/31/24 18:50:00,71.512,256.0,,,,
1777,07/31/24 19:00:00,71.512,432.0,,,,
1778,07/31/24 19:10:00,71.168,272.0,,,,
1779,07/31/24 19:20:00,70.824,168.0,,,,
1780,07/31/24 19:30:00,70.824,168.0,,,,
1781,07/31/24 19:40:00,70.824,224.0,,,,
1782,07/31/24 19:50:00,70.651,98.0,,,,
1783,07/31/24 20:00:00,70.651,83.0,,,,
1784,07/31/24 20:10:00,70.480,54.0,,,,
1785,07/31/24 20:20:00,70.308,40.0,,,,
1786,07/31/24 20:30:00,70.308,28.0,,,,
1787,07/31/24 20:40:00,70.137,16.0,,,,
1788,07/31/24 20:50:00,70.137,8.0,,,,
1789,07/31/24 21:00:00,70.137,2.0,,,,
1790,07/31/24 21:10:00,70.137,0.0,,,,
1791,07/31/24 21:20:00,69.964,0.0,,,,
1792,07/31/24 21:30:00,69.964,0.0,,,,
1793,07/31/24 21:40:00,69.964,0.0,,,,
1794,07/31/24 21:50:00,69.964,0.0,,,,
1795,07/31/24 22:00:00,69.793,0.0,,,,
1796,07/31/24 22:10:00,69.793,0.0,,,,
1797,07/31/24 22:20:00,69.622,0.0,,,,
1798,07/31/24 22:30:00,69.622,0.0,,,,
1799,07/31/24 22:40:00,69.622,0.0,,,,
1800,07/31/24 22:50:00,69.622,0.0,,,,
1801,07/31/24 23:00:00,69.449,0.0,,,,
1802,07/31/24 23:10:00,69.449,0.0,,,,
1803,07/31/24 23:20:00,69.278,0.0,,,,
1804,07/31/24 23:30:00,69.278,0.0,,,,
1805,07/31/24 23:40:00,69.278,0.0,,,,
1806,07/31/24 23:50:00,69.107,0.0,,,,
1807,08/01/24 00:00:00,69.107,0.0,,,,
1808,08/01/24 00:10:00,69.107,0.0,,,,
1809,08/01/24 00:20:00,69.107,0.0,,,,
1810,08/01/24 00:30:00,69.107,0.0,,,,
1811,08/01/24 00:40:00,68.934,0.0,,,,
1812,08/01/24 00:50:00,68.934,0.0,,,,
1813,08/01/24 01:00:00,68.934,0.0,,,,
1814,08/01/24 01:10:00,68.934,0.0,,,,
1815,08/01/24 01:20:00,68.934,0.0,,,,
1816,08/01/24 01:30:00,68.763,0.0,,,,
1817,08/01/24 01:40:00,68.763,0.0,,,,
1818,08/01/24 01:50:00,68.592,0.0,,,,
1819,08/01/24 02:00:00,68.592,0.0,,,,
1820,08/01/24 02:10:00,68.421,0.0,,,,
1821,08/01/24 02:20:00,68.248,0.0,,,,
1822,08/01/24 02:30:00,68.248,0.0,,,,
1823,08/01/24 02:40:00,68.248,0.0,,,,
1824,08/01/24 02:50:00,68.077,0.0,,,,
1825,08/01/24 03:00:00,68.077,0.0,,,,
1826,08/01/24 03:10:00,68.077,0.0,,,,
1827,08/01/24 03:20:00,68.077,0.0,,,,
1828,08/01/24 03:30:00,67.906,0.0,,,,
1829,08/01/24 03:40:00,67.906,0.0,,,,
1830,08/01/24 03:50:00,67.906,0.0,,,,
1831,08/01/24 04:00:00,67.906,0.0,,,,
1832,08/01/24 04:10:00,67.906,0.0,,,,
1833,08/01/24 04:20:00,67.906,0.0,,,,
1834,08/01/24 04:30:00,67.735,0.0,,,,
1835,08/01/24 04:40:00,67.735,0.0,,,,
1836,08/01/24 04:50:00,67.564,0.0,,,,
1837,08/01/24 05:00:00,67.564,0.0,,,,
1838,08/01/24 05:10:00,67.564,0.0,,,,
1839,08/01/24 05:20:00,67.392,0.0,,,,
1840,08/01/24 05:30:00,67.392,0.0,,,,
1841,08/01/24 05:40:00,67.221,0.0,,,,
1842,08/01/24 05:50:00,67.221,0.0,,,,
1843,08/01/24 06:00:00,67.050,1.0,,,,
1844,08/01/24 06:10:00,67.050,7.0,,,,
1845,08/01/24 06:20:00,67.050,16.0,,,,
1846,08/01/24 06:30:00,66.879,26.0,,,,
1847,08/01/24 06:40:00,66.879,36.0,,,,
1848,08/01/24 06:50:00,66.879,44.0,,,,
1849,08/01/24 07:00:00,66.879,51.0,,,,
1850,08/01/24 07:10:00,66.879,56.0,,,,
1851,08/01/24 07:20:00,66.879,61.0,,,,
1852,08/01/24 07:30:00,66.879,65.0,,,,
1853,08/01/24 07:40:00,66.879,71.0,,,,
1854,08/01/24 07:50:00,66.879,73.0,,,,
1855,08/01/24 08:00:00,66.879,76.0,,,,
1856,08/01/24 08:10:00,66.708,80.0,,,,
1857,08/01/24 08:20:00,66.708,86.0,,,,
1858,08/01/24 08:30:00,66.537,83.0,,,,
1859,08/01/24 08:40:00,66.537,88.0,,,,
1860,08/01/24 08:50:00,66.537,93.0,,,,
1861,08/01/24 09:00:00,66.537,160.0,,,,
1862,08/01/24 09:10:00,67.050,960.0,,,,
1863,08/01/24 09:20:00,67.221,2048.0,,,,
1864,08/01/24 09:30:00,67.564,576.0,,,,
1865,08/01/24 09:40:00,67.564,480.0,,,,
1866,08/01/24 09:50:00,67.564,992.0,,,,
1867,08/01/24 10:00:00,67.735,1728.0,,,,
1868,08/01/24 10:10:00,67.906,704.0,,,,
1869,08/01/24 10:20:00,68.248,704.0,,,,
1870,08/01/24 10:30:00,68.248,1600.0,,,,
1871,08/01/24 10:40:00,68.592,1344.0,,,,
1872,08/01/24 10:50:00,68.763,3584.0,,,,
1873,08/01/24 11:00:00,68.934,1600.0,,,,
1874,08/01/24 11:10:00,68.934,2816.0,,,,
1875,08/01/24 11:20:00,69.107,2432.0,,,,
1876,08/01/24 11:30:00,69.278,2176.0,,,,
1877,08/01/24 11:40:00,69.278,3840.0,,,,
1878,08/01/24 11:50:00,69.622,1408.0,,,,
1879,08/01/24 12:00:00,69.793,3328.0,,,,
1880,08/01/24 12:10:00,69.964,1472.0,,,,
1881,08/01/24 12:20:00,70.308,960.0,,,,
1882,08/01/24 12:30:00,70.308,1216.0,,,,
1883,08/01/24 12:40:00,70.480,1216.0,,,,
1884,08/01/24 12:50:00,70.824,2688.0,,,,
1885,08/01/24 13:00:00,70.824,1536.0,,,,
1886,08/01/24 13:10:00,70.995,2560.0,,,,
1887,08/01/24 13:20:00,71.168,3456.0,,,,
1888,08/01/24 13:30:00,71.168,3072.0,,,,
1889,08/01/24 13:40:00,71.168,1216.0,,,,
1890,08/01/24 13:50:00,71.339,4608.0,,,,
1891,08/01/24 14:00:00,71.512,2560.0,,,,
1892,08/01/24 14:10:00,71.512,3072.0,,,,
1893,08/01/24 14:20:00,71.512,2432.0,,,,
1894,08/01/24 14:30:00,71.683,1728.0,,,,
1895,08/01/24 14:40:00,71.512,1280.0,,,,
1896,08/01/24 14:50:00,71.683,5376.0,,,,
1897,08/01/24 15:00:00,71.683,3072.0,,,,
1898,08/01/24 15:10:00,71.683,2304.0,,,,
1899,08/01/24 15:20:00,71.856,2304.0,,,,
1900,08/01/24 15:30:00,71.683,12288.0,,,,
1901,08/01/24 15:40:00,71.856,2048.0,,,,
1902,08/01/24 15:50:00,71.512,1856.0,,,,
1903,08/01/24 16:00:00,70.995,1728.0,,,,
1904,08/01/24 16:10:00,70.995,1600.0,,,,
1905,08/01/24 16:20:00,70.651,512.0,,,,
1906,08/01/24 16:30:00,70.824,896.0,,,,
1907,08/01/24 16:40:00,70.824,1920.0,,,,
1908,08/01/24 16:50:00,70.995,480.0,,,,
1909,08/01/24 17:00:00,70.824,576.0,,,,
1910,08/01/24 17:10:00,70.995,1216.0,,,,
1911,08/01/24 17:20:00,70.995,608.0,,,,
1912,08/01/24 17:30:00,70.995,1280.0,,,,
1913,08/01/24 17:40:00,70.480,608.0,,,,
1914,08/01/24 17:50:00,70.651,672.0,,,,
1915,08/01/24 18:00:00,70.480,672.0,,,,
1916,08/01/24 18:10:00,70.308,608.0,,,,
1917,08/01/24 18:20:00,69.964,352.0,,,,
1918,08/01/24 18:30:00,69.964,232.0,,,,
1919,08/01/24 18:40:00,69.622,448.0,,,,
1920,08/01/24 18:50:00,69.449,576.0,,,,
1921,08/01/24 19:00:00,70.137,608.0,,,,
1922,08/01/24 19:10:00,70.995,240.0,,,,
1923,08/01/24 19:20:00,71.339,272.0,,,,
1924,08/01/24 19:30:00,70.995,288.0,,,,
1925,08/01/24 19:40:00,70.651,128.0,,,,
1926,08/01/24 19:50:00,70.651,128.0,,,,
1927,08/01/24 20:00:00,70.480,97.0,,,,
1928,08/01/24 20:10:00,70.480,55.0,,,,
1929,08/01/24 20:20:00,70.480,43.0,,,,
1930,08/01/24 20:30:00,70.480,29.0,,,,
1931,08/01/24 20:40:00,70.480,16.0,,,,
1932,08/01/24 20:50:00,70.480,6.0,,,,
1933,08/01/24 21:00:00,70.480,1.0,,,,
1934,08/01/24 21:10:00,70.480,0.0,,,,
1935,08/01/24 21:20:00,70.480,0.0,,,,
1936,08/01/24 21:30:00,70.480,0.0,,,,
1937,08/01/24 21:40:00,70.480,0.0,,,,
1938,08/01/24 21:50:00,70.480,0.0,,,,
1939,08/01/24 22:00:00,70.308,0.0,,,,
1940,08/01/24 22:10:00,70.308,0.0,,,,
1941,08/01/24 22:20:00,70.308,0.0,,,,
1942,08/01/24 22:30:00,70.137,0.0,,,,
1943,08/01/24 22:40:00,70.137,0.0,,,,
1944,08/01/24 22:50:00,70.137,0.0,,,,
1945,08/01/24 23:00:00,69.964,0.0,,,,
1946,08/01/24 23:10:00,69.964,0.0,,,,
1947,08/01/24 23:20:00,69.793,0.0,,,,
1948,08/01/24 23:30:00,69.793,0.0,,,,
1949,08/01/24 23:40:00,69.793,0.0,,,,
1950,08/01/24 23:50:00,69.793,0.0,,,,
1951,08/02/24 00:00:00,69.622,0.0,,,,
1952,08/02/24 00:10:00,69.622,0.0,,,,
1953,08/02/24 00:20:00,69.622,0.0,,,,
1954,08/02/24 00:30:00,69.622,0.0,,,,
1955,08/02/24 00:40:00,69.622,0.0,,,,
1956,08/02/24 00:50:00,69.622,0.0,,,,
1957,08/02/24 01:00:00,69.449,0.0,,,,
1958,08/02/24 01:10:00,69.449,0.0,,,,
1959,08/02/24 01:20:00,69.449,0.0,,,,
1960,08/02/24 01:30:00,69.278,0.0,,,,
1961,08/02/24 01:40:00,69.278,0.0,,,,
1962,08/02/24 01:50:00,69.107,0.0,,,,
1963,08/02/24 02:00:00,69.107,0.0,,,,
1964,08/02/24 02:10:00,69.107,0.0,,,,
1965,08/02/24 02:20:00,69.107,0.0,,,,
1966,08/02/24 02:30:00,68.934,0.0,,,,
1967,08/02/24 02:40:00,68.763,0.0,,,,
1968,08/02/24 02:50:00,68.763,0.0,,,,
1969,08/02/24 03:00:00,68.763,0.0,,,,
1970,08/02/24 03:10:00,68.763,0.0,,,,
1971,08/02/24 03:20:00,68.763,0.0,,,,
1972,08/02/24 03:30:00,68.592,0.0,,,,
1973,08/02/24 03:40:00,68.592,0.0,,,,
1974,08/02/24 03:50:00,68.592,0.0,,,,
1975,08/02/24 04:00:00,68.421,0.0,,,,
1976,08/02/24 04:10:00,68.421,0.0,,,,
1977,08/02/24 04:20:00,68.421,0.0,,,,
1978,08/02/24 04:30:00,68.248,0.0,,,,
1979,08/02/24 04:40:00,68.248,0.0,,,,
1980,08/02/24 04:50:00,68.077,0.0,,,,
1981,08/02/24 05:00:00,68.077,0.0,,,,
1982,08/02/24 05:10:00,68.077,0.0,,,,
1983,08/02/24 05:20:00,67.906,0.0,,,,
1984,08/02/24 05:30:00,67.906,0.0,,,,
1985,08/02/24 05:40:00,67.906,0.0,,,,
1986,08/02/24 05:50:00,67.735,0.0,,,,
1987,08/02/24 06:00:00,67.735,1.0,,,,
1988,08/02/24 06:10:00,67.564,7.0,,,,
1989,08/02/24 06:20:00,67.564,17.0,,,,
1990,08/02/24 06:30:00,67.392,34.0,,,,
1991,08/02/24 06:40:00,67.050,51.0,,,,
1992,08/02/24 06:50:00,66.879,74.0,,,,
1993,08/02/24 07:00:00,66.708,77.0,,,,
1994,08/02/24 07:10:00,67.050,86.0,,,,
1995,08/02/24 07:20:00,67.050,96.0,,,,
1996,08/02/24 07:30:00,67.221,97.0,,,,
1997,08/02/24 07:40:00,67.050,105.0,,,,
1998,08/02/24 07:50:00,67.050,108.0,,,,
1999,08/02/24 08:00:00,66.879,114.0,,,,
2000,08/02/24 08:10:00,66.879,116.0,,,,
2001,08/02/24 08:20:00,66.879,128.0,,,,
2002,08/02/24 08:30:00,66.879,144.0,,,,
2003,08/02/24 08:40:00,66.879,152.0,,,,
2004,08/02/24 08:50:00,66.879,168.0,,,,
2005,08/02/24 09:00:00,67.050,960.0,,,,
2006,08/02/24 09:10:00,67.221,864.0,,,,
2007,08/02/24 09:20:00,67.392,1216.0,,,,
2008,08/02/24 09:30:00,67.392,960.0,,,,
2009,08/02/24 09:40:00,67.564,960.0,,,,
2010,08/02/24 09:50:00,67.735,1280.0,,,,
2011,08/02/24 10:00:00,68.077,960.0,,,,
2012,08/02/24 10:10:00,68.421,1856.0,,,,
2013,08/02/24 10:20:00,68.421,608.0,,,,
2014,08/02/24 10:30:00,68.248,2048.0,,,,
2015,08/02/24 10:40:00,67.906,608.0,,,,
2016,08/02/24 10:43:50,,,Logged,,,
2017,08/02/24 10:43:51,,,,Logged,,
2018,08/02/24 10:45:45,,,,,Logged,Logged
