"#","Date Time, GMT-06:00","Temp, °F (LGR S/N: 22008792, SEN S/N: 22008792)","Intensity, lum/ft² (LGR S/N: 22008792, SEN S/N: 22008792)"
1,06/20/24 15:50:00,58.993,672.0
2,06/20/24 16:00:00,58.647,2048.0
3,06/20/24 16:10:00,59.508,704.0
4,06/20/24 16:20:00,61.054,2304.0
5,06/20/24 16:30:00,59.508,576.0
6,06/20/24 16:40:00,59.164,576.0
7,06/20/24 16:50:00,59.337,1088.0
8,06/20/24 17:00:00,59.164,768.0
9,06/20/24 17:10:00,59.164,1408.0
10,06/20/24 17:20:00,60.195,1536.0
11,06/20/24 17:30:00,60.024,1920.0
12,06/20/24 17:40:00,59.680,864.0
13,06/20/24 17:50:00,60.024,1536.0
14,06/20/24 18:00:00,59.851,896.0
15,06/20/24 18:10:00,60.024,1984.0
16,06/20/24 18:20:00,59.508,608.0
17,06/20/24 18:30:00,59.337,480.0
18,06/20/24 18:40:00,59.164,384.0
19,06/20/24 18:50:00,59.164,304.0
20,06/20/24 19:00:00,58.993,320.0
21,06/20/24 19:10:00,58.993,288.0
22,06/20/24 19:20:00,58.993,336.0
23,06/20/24 19:30:00,58.820,320.0
24,06/20/24 19:40:00,58.647,288.0
25,06/20/24 19:50:00,58.476,304.0
26,06/20/24 20:00:00,58.476,136.0
27,06/20/24 20:10:00,58.303,144.0
28,06/20/24 20:20:00,58.303,144.0
29,06/20/24 20:30:00,58.131,111.0
30,06/20/24 20:40:00,58.131,95.0
31,06/20/24 20:50:00,57.958,34.0
32,06/20/24 21:00:00,57.958,15.0
33,06/20/24 21:10:00,57.958,4.0
34,06/20/24 21:20:00,57.958,1.0
35,06/20/24 21:30:00,57.785,0.0
36,06/20/24 21:40:00,57.785,0.0
37,06/20/24 21:50:00,57.785,0.0
38,06/20/24 22:00:00,57.785,0.0
39,06/20/24 22:10:00,57.785,0.0
40,06/20/24 22:20:00,57.785,0.0
41,06/20/24 22:30:00,57.958,0.0
42,06/20/24 22:40:00,57.958,0.0
43,06/20/24 22:50:00,57.785,0.0
44,06/20/24 23:00:00,57.785,0.0
45,06/20/24 23:10:00,57.785,0.0
46,06/20/24 23:20:00,57.785,0.0
47,06/20/24 23:30:00,57.785,0.0
48,06/20/24 23:40:00,57.785,0.0
49,06/20/24 23:50:00,57.785,0.0
50,06/21/24 00:00:00,57.785,0.0
51,06/21/24 00:10:00,57.785,0.0
52,06/21/24 00:20:00,57.785,0.0
53,06/21/24 00:30:00,57.785,0.0
54,06/21/24 00:40:00,57.785,0.0
55,06/21/24 00:50:00,57.785,0.0
56,06/21/24 01:00:00,57.785,0.0
57,06/21/24 01:10:00,57.785,0.0
58,06/21/24 01:20:00,57.785,0.0
59,06/21/24 01:30:00,57.785,0.0
60,06/21/24 01:40:00,57.614,0.0
61,06/21/24 01:50:00,57.614,0.0
62,06/21/24 02:00:00,57.614,0.0
63,06/21/24 02:10:00,57.614,0.0
64,06/21/24 02:20:00,57.614,0.0
65,06/21/24 02:30:00,57.614,0.0
66,06/21/24 02:40:00,57.614,0.0
67,06/21/24 02:50:00,57.614,0.0
68,06/21/24 03:00:00,57.614,0.0
69,06/21/24 03:10:00,57.614,0.0
70,06/21/24 03:20:00,57.441,0.0
71,06/21/24 03:30:00,57.441,0.0
72,06/21/24 03:40:00,57.441,0.0
73,06/21/24 03:50:00,57.441,0.0
74,06/21/24 04:00:00,57.441,0.0
75,06/21/24 04:10:00,57.441,0.0
76,06/21/24 04:20:00,57.441,0.0
77,06/21/24 04:30:00,57.441,0.0
78,06/21/24 04:40:00,57.441,0.0
79,06/21/24 04:50:00,57.441,0.0
80,06/21/24 05:00:00,57.441,0.0
81,06/21/24 05:10:00,57.441,0.0
82,06/21/24 05:20:00,57.441,0.0
83,06/21/24 05:30:00,57.441,2.0
84,06/21/24 05:40:00,57.441,8.0
85,06/21/24 05:50:00,57.441,21.0
86,06/21/24 06:00:00,57.268,38.0
87,06/21/24 06:10:00,57.441,63.0
88,06/21/24 06:20:00,57.441,88.0
89,06/21/24 06:30:00,57.441,200.0
90,06/21/24 06:40:00,57.441,368.0
91,06/21/24 06:50:00,57.614,480.0
92,06/21/24 07:00:00,57.614,512.0
93,06/21/24 07:10:00,57.614,672.0
94,06/21/24 07:20:00,57.614,464.0
95,06/21/24 07:30:00,57.785,768.0
96,06/21/24 07:40:00,57.614,208.0
97,06/21/24 07:50:00,57.785,224.0
98,06/21/24 08:00:00,57.785,256.0
99,06/21/24 08:10:00,57.785,288.0
100,06/21/24 08:20:00,57.958,336.0
101,06/21/24 08:30:00,58.131,368.0
102,06/21/24 08:40:00,58.131,368.0
103,06/21/24 08:50:00,58.303,368.0
104,06/21/24 09:00:00,58.303,480.0
105,06/21/24 09:10:00,58.131,400.0
106,06/21/24 09:20:00,58.131,576.0
107,06/21/24 09:30:00,58.131,416.0
108,06/21/24 09:40:00,58.303,352.0
109,06/21/24 09:50:00,58.303,304.0
110,06/21/24 10:00:00,58.820,512.0
111,06/21/24 10:10:00,58.820,576.0
112,06/21/24 10:20:00,58.993,576.0
113,06/21/24 10:30:00,58.993,672.0
114,06/21/24 10:40:00,59.164,576.0
115,06/21/24 10:50:00,59.164,704.0
116,06/21/24 11:00:00,59.337,800.0
117,06/21/24 11:10:00,59.164,704.0
118,06/21/24 11:20:00,59.337,704.0
119,06/21/24 11:30:00,59.508,896.0
120,06/21/24 11:40:00,59.337,864.0
121,06/21/24 11:50:00,59.508,992.0
122,06/21/24 12:00:00,59.680,1280.0
123,06/21/24 12:10:00,59.508,704.0
124,06/21/24 12:20:00,59.680,896.0
125,06/21/24 12:30:00,59.680,704.0
126,06/21/24 12:40:00,59.851,1344.0
127,06/21/24 12:50:00,60.195,1600.0
128,06/21/24 13:00:00,60.024,2304.0
129,06/21/24 13:10:00,60.368,1856.0
130,06/21/24 13:20:00,59.508,336.0
131,06/21/24 13:30:00,60.368,1536.0
132,06/21/24 13:40:00,60.195,2560.0
133,06/21/24 13:50:00,60.195,1024.0
134,06/21/24 14:00:00,60.195,1152.0
135,06/21/24 14:10:00,59.851,2176.0
136,06/21/24 14:20:00,60.024,992.0
137,06/21/24 14:30:00,58.993,800.0
138,06/21/24 14:40:00,59.164,1024.0
139,06/21/24 14:50:00,58.993,704.0
140,06/21/24 15:00:00,59.508,1344.0
141,06/21/24 15:10:00,59.851,3328.0
142,06/21/24 15:20:00,59.851,2816.0
143,06/21/24 15:30:00,61.054,3840.0
144,06/21/24 15:40:00,60.368,2176.0
145,06/21/24 15:50:00,61.054,5376.0
146,06/21/24 16:00:00,62.083,7936.0
147,06/21/24 16:10:00,62.254,3200.0
148,06/21/24 16:20:00,62.083,7424.0
149,06/21/24 16:30:00,62.254,1728.0
150,06/21/24 16:40:00,61.569,1152.0
151,06/21/24 16:50:00,61.741,1728.0
152,06/21/24 17:00:00,61.227,1280.0
153,06/21/24 17:10:00,61.398,2432.0
154,06/21/24 17:20:00,60.883,1152.0
155,06/21/24 17:30:00,61.398,2048.0
156,06/21/24 17:40:00,61.398,1024.0
157,06/21/24 17:50:00,61.227,1280.0
158,06/21/24 18:00:00,61.054,864.0
159,06/21/24 18:10:00,60.883,896.0
160,06/21/24 18:20:00,60.883,1152.0
161,06/21/24 18:30:00,60.883,864.0
162,06/21/24 18:40:00,60.712,1152.0
163,06/21/24 18:50:00,60.883,1088.0
164,06/21/24 19:00:00,60.712,1664.0
165,06/21/24 19:10:00,60.539,672.0
166,06/21/24 19:20:00,60.368,448.0
167,06/21/24 19:30:00,60.195,512.0
168,06/21/24 19:40:00,60.024,368.0
169,06/21/24 19:50:00,60.024,416.0
170,06/21/24 20:00:00,59.851,232.0
171,06/21/24 20:10:00,59.851,232.0
172,06/21/24 20:20:00,59.851,128.0
173,06/21/24 20:30:00,59.680,83.0
174,06/21/24 20:40:00,59.680,60.0
175,06/21/24 20:50:00,59.680,44.0
176,06/21/24 21:00:00,59.508,24.0
177,06/21/24 21:10:00,59.508,10.0
178,06/21/24 21:20:00,59.508,3.0
179,06/21/24 21:30:00,59.508,0.0
180,06/21/24 21:40:00,59.508,0.0
181,06/21/24 21:50:00,59.508,0.0
182,06/21/24 22:00:00,59.337,0.0
183,06/21/24 22:10:00,59.337,0.0
184,06/21/24 22:20:00,59.337,0.0
185,06/21/24 22:30:00,59.337,0.0
186,06/21/24 22:40:00,59.337,0.0
187,06/21/24 22:50:00,59.337,0.0
188,06/21/24 23:00:00,59.164,0.0
189,06/21/24 23:10:00,59.337,0.0
190,06/21/24 23:20:00,59.164,0.0
191,06/21/24 23:30:00,59.164,0.0
192,06/21/24 23:40:00,59.164,0.0
193,06/21/24 23:50:00,59.164,0.0
194,06/22/24 00:00:00,59.164,0.0
195,06/22/24 00:10:00,59.337,0.0
196,06/22/24 00:20:00,59.337,0.0
197,06/22/24 00:30:00,59.337,0.0
198,06/22/24 00:40:00,59.337,0.0
199,06/22/24 00:50:00,59.337,0.0
200,06/22/24 01:00:00,59.337,0.0
201,06/22/24 01:10:00,59.164,0.0
202,06/22/24 01:20:00,59.337,0.0
203,06/22/24 01:30:00,59.337,0.0
204,06/22/24 01:40:00,59.337,0.0
205,06/22/24 01:50:00,59.337,0.0
206,06/22/24 02:00:00,59.337,0.0
207,06/22/24 02:10:00,59.337,0.0
208,06/22/24 02:20:00,59.337,0.0
209,06/22/24 02:30:00,59.337,0.0
210,06/22/24 02:40:00,59.164,0.0
211,06/22/24 02:50:00,59.337,0.0
212,06/22/24 03:00:00,59.508,0.0
213,06/22/24 03:10:00,59.680,0.0
214,06/22/24 03:20:00,59.680,0.0
215,06/22/24 03:30:00,59.508,0.0
216,06/22/24 03:40:00,59.508,0.0
217,06/22/24 03:50:00,59.508,0.0
218,06/22/24 04:00:00,59.508,0.0
219,06/22/24 04:10:00,59.508,0.0
220,06/22/24 04:20:00,59.508,0.0
221,06/22/24 04:30:00,59.508,0.0
222,06/22/24 04:40:00,59.508,0.0
223,06/22/24 04:50:00,59.508,0.0
224,06/22/24 05:00:00,59.508,0.0
225,06/22/24 05:10:00,59.508,0.0
226,06/22/24 05:20:00,59.508,0.0
227,06/22/24 05:30:00,59.508,3.0
228,06/22/24 05:40:00,59.508,9.0
229,06/22/24 05:50:00,59.508,20.0
230,06/22/24 06:00:00,59.508,41.0
231,06/22/24 06:10:00,59.508,54.0
232,06/22/24 06:20:00,59.508,84.0
233,06/22/24 06:30:00,59.508,102.0
234,06/22/24 06:40:00,59.508,144.0
235,06/22/24 06:50:00,59.680,116.0
236,06/22/24 07:00:00,59.680,136.0
237,06/22/24 07:10:00,59.851,192.0
238,06/22/24 07:20:00,59.851,208.0
239,06/22/24 07:30:00,59.851,304.0
240,06/22/24 07:40:00,60.024,368.0
241,06/22/24 07:50:00,60.024,512.0
242,06/22/24 08:00:00,60.368,272.0
243,06/22/24 08:10:00,60.368,1152.0
244,06/22/24 08:20:00,60.539,448.0
245,06/22/24 08:30:00,60.539,416.0
246,06/22/24 08:40:00,60.368,384.0
247,06/22/24 08:50:00,60.539,400.0
248,06/22/24 09:00:00,60.539,416.0
249,06/22/24 09:10:00,60.539,512.0
250,06/22/24 09:20:00,60.539,480.0
251,06/22/24 09:30:00,60.712,480.0
252,06/22/24 09:40:00,61.054,576.0
253,06/22/24 09:50:00,60.883,576.0
254,06/22/24 10:00:00,60.712,576.0
255,06/22/24 10:10:00,60.883,896.0
256,06/22/24 10:20:00,61.054,608.0
257,06/22/24 10:30:00,61.054,672.0
258,06/22/24 10:40:00,61.054,704.0
259,06/22/24 10:50:00,61.227,768.0
260,06/22/24 11:00:00,61.227,768.0
261,06/22/24 11:10:00,61.227,800.0
262,06/22/24 11:20:00,61.398,864.0
263,06/22/24 11:30:00,61.569,992.0
264,06/22/24 11:40:00,61.741,1088.0
265,06/22/24 11:50:00,62.254,2048.0
266,06/22/24 12:00:00,62.425,2688.0
267,06/22/24 12:10:00,62.598,3328.0
268,06/22/24 12:20:00,62.769,3328.0
269,06/22/24 12:30:00,62.940,4608.0
270,06/22/24 12:40:00,62.769,2688.0
271,06/22/24 12:50:00,62.598,6144.0
272,06/22/24 13:00:00,62.940,1856.0
273,06/22/24 13:10:00,62.940,1856.0
274,06/22/24 13:20:00,62.940,1856.0
275,06/22/24 13:30:00,62.769,1536.0
276,06/22/24 13:40:00,63.111,1536.0
277,06/22/24 13:50:00,63.111,2816.0
278,06/22/24 14:00:00,62.940,1344.0
279,06/22/24 14:10:00,63.282,2432.0
280,06/22/24 14:20:00,64.481,4608.0
281,06/22/24 14:30:00,64.481,9216.0
282,06/22/24 14:40:00,63.968,3072.0
283,06/22/24 14:50:00,63.282,480.0
284,06/22/24 15:00:00,64.139,672.0
285,06/22/24 15:10:00,63.968,704.0
286,06/22/24 15:20:00,64.996,576.0
287,06/22/24 15:30:00,65.167,3584.0
288,06/22/24 15:40:00,65.167,3456.0
289,06/22/24 15:50:00,64.481,2304.0
290,06/22/24 16:00:00,64.310,1408.0
291,06/22/24 16:10:00,63.455,4096.0
292,06/22/24 16:20:00,63.455,2432.0
293,06/22/24 16:30:00,63.282,1920.0
294,06/22/24 16:40:00,63.282,3712.0
295,06/22/24 16:50:00,62.940,1856.0
296,06/22/24 17:00:00,62.598,2816.0
297,06/22/24 17:10:00,62.769,1792.0
298,06/22/24 17:20:00,62.425,3200.0
299,06/22/24 17:30:00,62.769,1920.0
300,06/22/24 17:40:00,62.598,2176.0
301,06/22/24 17:50:00,62.425,1088.0
302,06/22/24 18:00:00,62.425,960.0
303,06/22/24 18:10:00,62.254,3968.0
304,06/22/24 18:20:00,62.254,4352.0
305,06/22/24 18:30:00,62.083,576.0
306,06/22/24 18:40:00,62.254,864.0
307,06/22/24 18:50:00,62.083,800.0
308,06/22/24 19:00:00,62.083,432.0
309,06/22/24 19:10:00,62.083,768.0
310,06/22/24 19:20:00,61.912,448.0
311,06/22/24 19:30:00,61.912,512.0
312,06/22/24 19:40:00,61.912,608.0
313,06/22/24 19:50:00,61.912,464.0
314,06/22/24 20:00:00,61.912,768.0
315,06/22/24 20:10:00,61.741,216.0
316,06/22/24 20:20:00,61.741,288.0
317,06/22/24 20:30:00,61.569,98.0
318,06/22/24 20:40:00,61.569,58.0
319,06/22/24 20:50:00,61.569,36.0
320,06/22/24 21:00:00,61.398,25.0
321,06/22/24 21:10:00,61.398,8.0
322,06/22/24 21:20:00,61.741,2.0
323,06/22/24 21:30:00,61.741,0.0
324,06/22/24 21:40:00,61.569,0.0
325,06/22/24 21:50:00,61.569,0.0
326,06/22/24 22:00:00,61.741,0.0
327,06/22/24 22:10:00,61.741,0.0
328,06/22/24 22:20:00,61.912,0.0
329,06/22/24 22:30:00,61.912,0.0
330,06/22/24 22:40:00,62.083,0.0
331,06/22/24 22:50:00,62.083,0.0
332,06/22/24 23:00:00,62.083,0.0
333,06/22/24 23:10:00,62.083,0.0
334,06/22/24 23:20:00,62.083,0.0
335,06/22/24 23:30:00,62.083,0.0
336,06/22/24 23:40:00,61.912,0.0
337,06/22/24 23:50:00,62.083,0.0
338,06/23/24 00:00:00,62.083,0.0
339,06/23/24 00:10:00,61.912,0.0
340,06/23/24 00:20:00,61.912,0.0
341,06/23/24 00:30:00,61.912,0.0
342,06/23/24 00:40:00,61.912,0.0
343,06/23/24 00:50:00,61.912,0.0
344,06/23/24 01:00:00,61.741,0.0
345,06/23/24 01:10:00,61.741,0.0
346,06/23/24 01:20:00,61.741,0.0
347,06/23/24 01:30:00,61.741,0.0
348,06/23/24 01:40:00,61.741,0.0
349,06/23/24 01:50:00,61.569,0.0
350,06/23/24 02:00:00,61.569,0.0
351,06/23/24 02:10:00,61.398,0.0
352,06/23/24 02:20:00,61.398,0.0
353,06/23/24 02:30:00,61.398,0.0
354,06/23/24 02:40:00,61.227,0.0
355,06/23/24 02:50:00,61.227,0.0
356,06/23/24 03:00:00,61.227,0.0
357,06/23/24 03:10:00,61.227,0.0
358,06/23/24 03:20:00,61.227,0.0
359,06/23/24 03:30:00,61.227,0.0
360,06/23/24 03:40:00,61.054,0.0
361,06/23/24 03:50:00,61.054,0.0
362,06/23/24 04:00:00,61.054,0.0
363,06/23/24 04:10:00,60.883,0.0
364,06/23/24 04:20:00,60.883,0.0
365,06/23/24 04:30:00,60.883,0.0
366,06/23/24 04:40:00,60.883,0.0
367,06/23/24 04:50:00,60.883,0.0
368,06/23/24 05:00:00,60.883,0.0
369,06/23/24 05:10:00,60.883,0.0
370,06/23/24 05:20:00,60.712,0.0
371,06/23/24 05:30:00,60.712,3.0
372,06/23/24 05:40:00,60.712,10.0
373,06/23/24 05:50:00,60.712,21.0
374,06/23/24 06:00:00,60.712,37.0
375,06/23/24 06:10:00,60.712,61.0
376,06/23/24 06:20:00,60.712,87.0
377,06/23/24 06:30:00,60.712,110.0
378,06/23/24 06:40:00,60.883,144.0
379,06/23/24 06:50:00,60.883,152.0
380,06/23/24 07:00:00,61.054,200.0
381,06/23/24 07:10:00,61.054,216.0
382,06/23/24 07:20:00,61.227,336.0
383,06/23/24 07:30:00,61.227,480.0
384,06/23/24 07:40:00,61.398,352.0
385,06/23/24 07:50:00,61.398,576.0
386,06/23/24 08:00:00,61.569,1408.0
387,06/23/24 08:10:00,61.741,1472.0
388,06/23/24 08:20:00,61.912,768.0
389,06/23/24 08:30:00,62.083,896.0
390,06/23/24 08:40:00,62.254,1088.0
391,06/23/24 08:50:00,62.254,1152.0
392,06/23/24 09:00:00,62.425,1792.0
393,06/23/24 09:10:00,62.598,1280.0
394,06/23/24 09:20:00,62.769,1856.0
395,06/23/24 09:30:00,62.598,2176.0
396,06/23/24 09:40:00,62.425,1344.0
397,06/23/24 09:50:00,62.940,3072.0
398,06/23/24 10:00:00,62.940,3456.0
399,06/23/24 10:10:00,62.940,4096.0
400,06/23/24 10:20:00,63.455,3072.0
401,06/23/24 10:30:00,63.282,3968.0
402,06/23/24 10:40:00,63.111,3968.0
403,06/23/24 10:50:00,62.940,4096.0
404,06/23/24 11:00:00,63.111,4096.0
405,06/23/24 11:10:00,63.626,3968.0
406,06/23/24 11:20:00,63.797,2176.0
407,06/23/24 11:30:00,63.797,1152.0
408,06/23/24 11:40:00,64.139,1984.0
409,06/23/24 11:50:00,64.310,3072.0
410,06/23/24 12:00:00,64.481,5888.0
411,06/23/24 12:10:00,64.310,3584.0
412,06/23/24 12:20:00,64.310,704.0
413,06/23/24 12:30:00,65.167,1984.0
414,06/23/24 12:40:00,65.338,3712.0
415,06/23/24 12:50:00,65.167,3840.0
416,06/23/24 13:00:00,65.167,3712.0
417,06/23/24 13:10:00,65.167,2688.0
418,06/23/24 13:20:00,64.481,4864.0
419,06/23/24 13:30:00,64.310,4096.0
420,06/23/24 13:40:00,64.652,2816.0
421,06/23/24 13:50:00,64.652,3712.0
422,06/23/24 14:00:00,65.338,3072.0
423,06/23/24 14:10:00,64.825,3712.0
424,06/23/24 14:20:00,64.825,3200.0
425,06/23/24 14:30:00,64.825,2048.0
426,06/23/24 14:40:00,64.825,3456.0
427,06/23/24 14:50:00,64.652,2944.0
428,06/23/24 15:00:00,64.652,3968.0
429,06/23/24 15:10:00,64.652,2560.0
430,06/23/24 15:20:00,64.652,2816.0
431,06/23/24 15:30:00,64.652,2688.0
432,06/23/24 15:40:00,64.652,2304.0
433,06/23/24 15:50:00,64.652,3072.0
434,06/23/24 16:00:00,64.310,3072.0
435,06/23/24 16:10:00,64.310,704.0
436,06/23/24 16:20:00,64.310,1920.0
437,06/23/24 16:30:00,64.139,3200.0
438,06/23/24 16:40:00,64.139,1152.0
439,06/23/24 16:50:00,63.968,1472.0
440,06/23/24 17:00:00,63.968,1152.0
441,06/23/24 17:10:00,63.797,1920.0
442,06/23/24 17:20:00,63.626,1920.0
443,06/23/24 17:30:00,63.626,992.0
444,06/23/24 17:40:00,63.455,1024.0
445,06/23/24 17:50:00,63.455,960.0
446,06/23/24 18:00:00,63.282,864.0
447,06/23/24 18:10:00,63.111,1344.0
448,06/23/24 18:20:00,63.282,864.0
449,06/23/24 18:30:00,63.282,1088.0
450,06/23/24 18:40:00,62.940,960.0
451,06/23/24 18:50:00,62.769,448.0
452,06/23/24 19:00:00,62.769,400.0
453,06/23/24 19:10:00,62.940,896.0
454,06/23/24 19:20:00,63.111,480.0
455,06/23/24 19:30:00,62.940,400.0
456,06/23/24 19:40:00,62.940,496.0
457,06/23/24 19:50:00,62.940,800.0
458,06/23/24 20:00:00,62.769,672.0
459,06/23/24 20:10:00,62.598,256.0
460,06/23/24 20:20:00,62.425,320.0
461,06/23/24 20:30:00,62.425,144.0
462,06/23/24 20:40:00,62.254,62.0
463,06/23/24 20:50:00,62.254,45.0
464,06/23/24 21:00:00,62.083,23.0
465,06/23/24 21:10:00,62.083,11.0
466,06/23/24 21:20:00,62.083,2.0
467,06/23/24 21:30:00,62.083,0.0
468,06/23/24 21:40:00,62.083,0.0
469,06/23/24 21:50:00,62.083,0.0
470,06/23/24 22:00:00,62.083,0.0
471,06/23/24 22:10:00,62.083,0.0
472,06/23/24 22:20:00,62.083,0.0
473,06/23/24 22:30:00,62.083,0.0
474,06/23/24 22:40:00,62.083,0.0
475,06/23/24 22:50:00,61.227,0.0
476,06/23/24 23:00:00,61.227,0.0
477,06/23/24 23:10:00,61.227,0.0
478,06/23/24 23:20:00,61.227,0.0
479,06/23/24 23:30:00,61.054,0.0
480,06/23/24 23:40:00,61.054,0.0
481,06/23/24 23:50:00,61.227,0.0
482,06/24/24 00:00:00,61.398,0.0
483,06/24/24 00:10:00,61.398,0.0
484,06/24/24 00:20:00,61.398,0.0
485,06/24/24 00:30:00,61.398,0.0
486,06/24/24 00:40:00,61.569,0.0
487,06/24/24 00:50:00,61.741,0.0
488,06/24/24 01:00:00,61.741,0.0
489,06/24/24 01:10:00,61.741,0.0
490,06/24/24 01:20:00,61.741,0.0
491,06/24/24 01:30:00,61.741,0.0
492,06/24/24 01:40:00,61.741,0.0
493,06/24/24 01:50:00,61.741,0.0
494,06/24/24 02:00:00,61.741,0.0
495,06/24/24 02:10:00,61.741,0.0
496,06/24/24 02:20:00,61.741,0.0
497,06/24/24 02:30:00,61.912,0.0
498,06/24/24 02:40:00,61.741,0.0
499,06/24/24 02:50:00,61.912,0.0
500,06/24/24 03:00:00,61.912,0.0
501,06/24/24 03:10:00,61.912,0.0
502,06/24/24 03:20:00,61.912,0.0
503,06/24/24 03:30:00,61.912,0.0
504,06/24/24 03:40:00,61.912,0.0
505,06/24/24 03:50:00,61.912,0.0
506,06/24/24 04:00:00,61.912,0.0
507,06/24/24 04:10:00,61.912,0.0
508,06/24/24 04:20:00,61.912,0.0
509,06/24/24 04:30:00,62.083,0.0
510,06/24/24 04:40:00,61.912,0.0
511,06/24/24 04:50:00,61.912,0.0
512,06/24/24 05:00:00,61.912,0.0
513,06/24/24 05:10:00,61.912,0.0
514,06/24/24 05:20:00,61.912,0.0
515,06/24/24 05:30:00,61.912,4.0
516,06/24/24 05:40:00,61.912,12.0
517,06/24/24 05:50:00,61.912,26.0
518,06/24/24 06:00:00,61.741,49.0
519,06/24/24 06:10:00,61.741,73.0
520,06/24/24 06:20:00,61.569,128.0
521,06/24/24 06:30:00,61.569,144.0
522,06/24/24 06:40:00,61.569,272.0
523,06/24/24 06:50:00,61.569,256.0
524,06/24/24 07:00:00,61.741,248.0
525,06/24/24 07:10:00,61.741,336.0
526,06/24/24 07:20:00,61.741,464.0
527,06/24/24 07:30:00,61.912,960.0
528,06/24/24 07:40:00,61.912,896.0
529,06/24/24 07:50:00,62.083,3072.0
530,06/24/24 08:00:00,62.254,1024.0
531,06/24/24 08:10:00,62.254,1920.0
532,06/24/24 08:20:00,62.425,1600.0
533,06/24/24 08:30:00,62.598,1984.0
534,06/24/24 08:40:00,62.769,1856.0
535,06/24/24 08:50:00,62.769,2048.0
536,06/24/24 09:00:00,62.940,2304.0
537,06/24/24 09:10:00,63.111,2560.0
538,06/24/24 09:20:00,63.282,2432.0
539,06/24/24 09:30:00,63.455,3072.0
540,06/24/24 09:40:00,63.455,2816.0
541,06/24/24 09:50:00,63.455,2560.0
542,06/24/24 10:00:00,63.626,3584.0
543,06/24/24 10:10:00,63.626,2688.0
544,06/24/24 10:20:00,63.797,3456.0
545,06/24/24 10:30:00,63.797,3584.0
546,06/24/24 10:40:00,63.797,3072.0
547,06/24/24 10:50:00,64.139,2176.0
548,06/24/24 11:00:00,64.310,2560.0
549,06/24/24 11:10:00,63.968,1152.0
550,06/24/24 11:20:00,64.652,1856.0
551,06/24/24 11:30:00,64.310,1728.0
552,06/24/24 11:40:00,64.481,1984.0
553,06/24/24 11:50:00,64.481,3968.0
554,06/24/24 12:00:00,65.338,2944.0
555,06/24/24 12:10:00,65.167,3584.0
556,06/24/24 12:20:00,65.167,6656.0
557,06/24/24 12:30:00,64.996,2560.0
558,06/24/24 12:40:00,64.825,2432.0
559,06/24/24 12:50:00,64.825,2816.0
560,06/24/24 13:00:00,64.825,2304.0
561,06/24/24 13:10:00,64.825,5376.0
562,06/24/24 13:20:00,64.996,3968.0
563,06/24/24 13:30:00,64.996,3584.0
564,06/24/24 13:40:00,64.481,6656.0
565,06/24/24 13:50:00,64.310,2944.0
566,06/24/24 14:00:00,64.310,2304.0
567,06/24/24 14:10:00,64.139,1216.0
568,06/24/24 14:20:00,63.797,2176.0
569,06/24/24 14:30:00,63.797,4864.0
570,06/24/24 14:40:00,63.968,3968.0
571,06/24/24 14:50:00,64.139,2688.0
572,06/24/24 15:00:00,63.968,1920.0
573,06/24/24 15:10:00,64.139,3584.0
574,06/24/24 15:20:00,64.139,3328.0
575,06/24/24 15:30:00,64.139,3584.0
576,06/24/24 15:40:00,64.139,2560.0
577,06/24/24 15:50:00,63.968,272.0
578,06/24/24 16:00:00,64.139,4352.0
579,06/24/24 16:10:00,63.797,3840.0
580,06/24/24 16:20:00,63.797,5632.0
581,06/24/24 16:30:00,64.481,2944.0
582,06/24/24 16:40:00,64.996,2304.0
583,06/24/24 16:50:00,64.996,576.0
584,06/24/24 17:00:00,64.825,1856.0
585,06/24/24 17:10:00,64.825,1664.0
586,06/24/24 17:20:00,64.652,2816.0
587,06/24/24 17:30:00,64.481,1152.0
588,06/24/24 17:40:00,64.139,2048.0
589,06/24/24 17:50:00,63.968,1472.0
590,06/24/24 18:00:00,63.797,400.0
591,06/24/24 18:10:00,63.626,384.0
592,06/24/24 18:20:00,63.455,1664.0
593,06/24/24 18:30:00,63.455,480.0
594,06/24/24 18:40:00,63.111,2048.0
595,06/24/24 18:50:00,62.940,94.0
596,06/24/24 19:00:00,62.769,224.0
597,06/24/24 19:10:00,62.769,464.0
598,06/24/24 19:20:00,62.598,160.0
599,06/24/24 19:30:00,62.598,128.0
600,06/24/24 19:40:00,62.425,115.0
601,06/24/24 19:50:00,62.254,98.0
602,06/24/24 20:00:00,62.254,75.0
603,06/24/24 20:10:00,62.425,78.0
604,06/24/24 20:20:00,62.425,53.0
605,06/24/24 20:30:00,62.254,54.0
606,06/24/24 20:40:00,62.254,22.0
607,06/24/24 20:50:00,62.083,22.0
608,06/24/24 21:00:00,62.083,6.0
609,06/24/24 21:10:00,61.912,7.0
610,06/24/24 21:20:00,62.083,3.0
611,06/24/24 21:30:00,61.912,0.0
612,06/24/24 21:40:00,61.912,0.0
613,06/24/24 21:50:00,61.912,0.0
614,06/24/24 22:00:00,61.741,0.0
615,06/24/24 22:10:00,61.398,0.0
616,06/24/24 22:20:00,61.398,0.0
617,06/24/24 22:30:00,61.398,0.0
618,06/24/24 22:40:00,61.398,0.0
619,06/24/24 22:50:00,61.741,0.0
620,06/24/24 23:00:00,61.741,0.0
621,06/24/24 23:10:00,61.741,0.0
622,06/24/24 23:20:00,61.398,0.0
623,06/24/24 23:30:00,61.569,0.0
624,06/24/24 23:40:00,61.741,0.0
625,06/24/24 23:50:00,61.741,0.0
626,06/25/24 00:00:00,61.741,0.0
627,06/25/24 00:10:00,61.741,0.0
628,06/25/24 00:20:00,61.741,0.0
629,06/25/24 00:30:00,61.741,0.0
630,06/25/24 00:40:00,61.741,0.0
631,06/25/24 00:50:00,61.741,0.0
632,06/25/24 01:00:00,61.741,0.0
633,06/25/24 01:10:00,61.741,0.0
634,06/25/24 01:20:00,61.741,0.0
635,06/25/24 01:30:00,61.741,0.0
636,06/25/24 01:40:00,61.741,0.0
637,06/25/24 01:50:00,61.741,0.0
638,06/25/24 02:00:00,61.741,0.0
639,06/25/24 02:10:00,61.741,0.0
640,06/25/24 02:20:00,61.569,0.0
641,06/25/24 02:30:00,61.569,0.0
642,06/25/24 02:40:00,61.569,0.0
643,06/25/24 02:50:00,61.398,0.0
644,06/25/24 03:00:00,61.398,0.0
645,06/25/24 03:10:00,61.398,0.0
646,06/25/24 03:20:00,61.398,0.0
647,06/25/24 03:30:00,61.227,0.0
648,06/25/24 03:40:00,61.227,0.0
649,06/25/24 03:50:00,61.227,0.0
650,06/25/24 04:00:00,61.054,0.0
651,06/25/24 04:10:00,61.054,0.0
652,06/25/24 04:20:00,61.054,0.0
653,06/25/24 04:30:00,61.054,0.0
654,06/25/24 04:40:00,61.054,0.0
655,06/25/24 04:50:00,61.054,0.0
656,06/25/24 05:00:00,61.054,0.0
657,06/25/24 05:10:00,61.054,0.0
658,06/25/24 05:20:00,61.054,0.0
659,06/25/24 05:30:00,61.054,3.0
660,06/25/24 05:40:00,61.054,5.0
661,06/25/24 05:50:00,61.054,11.0
662,06/25/24 06:00:00,61.054,25.0
663,06/25/24 06:10:00,61.054,51.0
664,06/25/24 06:20:00,61.054,128.0
665,06/25/24 06:30:00,61.054,320.0
666,06/25/24 06:40:00,61.054,768.0
667,06/25/24 06:50:00,61.054,512.0
668,06/25/24 07:00:00,61.227,272.0
669,06/25/24 07:10:00,61.227,232.0
670,06/25/24 07:20:00,61.227,352.0
671,06/25/24 07:30:00,61.398,1216.0
672,06/25/24 07:40:00,61.398,960.0
673,06/25/24 07:50:00,61.398,368.0
674,06/25/24 08:00:00,61.398,384.0
675,06/25/24 08:10:00,61.398,272.0
676,06/25/24 08:20:00,61.398,352.0
677,06/25/24 08:30:00,61.398,304.0
678,06/25/24 08:40:00,61.569,336.0
679,06/25/24 08:50:00,61.569,288.0
680,06/25/24 09:00:00,61.569,320.0
681,06/25/24 09:10:00,61.569,240.0
682,06/25/24 09:20:00,61.741,248.0
683,06/25/24 09:30:00,61.741,216.0
684,06/25/24 09:40:00,61.912,208.0
685,06/25/24 09:50:00,62.083,208.0
686,06/25/24 10:00:00,62.083,192.0
687,06/25/24 10:10:00,62.254,192.0
688,06/25/24 10:20:00,62.254,192.0
689,06/25/24 10:30:00,62.425,176.0
690,06/25/24 10:40:00,62.425,192.0
691,06/25/24 10:50:00,62.598,192.0
692,06/25/24 11:00:00,62.598,192.0
693,06/25/24 11:10:00,62.769,192.0
694,06/25/24 11:20:00,62.769,184.0
695,06/25/24 11:30:00,62.769,176.0
696,06/25/24 11:40:00,63.111,168.0
697,06/25/24 11:50:00,62.940,200.0
698,06/25/24 12:00:00,62.940,208.0
699,06/25/24 12:10:00,63.111,144.0
700,06/25/24 12:20:00,63.111,160.0
701,06/25/24 12:30:00,63.111,192.0
702,06/25/24 12:40:00,63.111,168.0
703,06/25/24 12:50:00,63.111,200.0
704,06/25/24 13:00:00,63.455,160.0
705,06/25/24 13:10:00,63.626,320.0
706,06/25/24 13:20:00,63.626,288.0
707,06/25/24 13:30:00,63.626,2560.0
708,06/25/24 13:40:00,63.797,464.0
709,06/25/24 13:50:00,63.455,992.0
710,06/25/24 14:00:00,64.139,384.0
711,06/25/24 14:10:00,64.310,192.0
712,06/25/24 14:20:00,64.310,496.0
713,06/25/24 14:30:00,64.481,184.0
714,06/25/24 14:40:00,64.825,480.0
715,06/25/24 14:50:00,65.167,256.0
716,06/25/24 15:00:00,65.338,480.0
717,06/25/24 15:10:00,65.509,288.0
718,06/25/24 15:20:00,65.338,704.0
719,06/25/24 15:30:00,64.996,1024.0
720,06/25/24 15:40:00,65.338,448.0
721,06/25/24 15:50:00,65.338,1216.0
722,06/25/24 16:00:00,65.338,304.0
723,06/25/24 16:10:00,65.338,336.0
724,06/25/24 16:20:00,64.996,576.0
725,06/25/24 16:30:00,64.996,200.0
726,06/25/24 16:40:00,65.167,496.0
727,06/25/24 16:50:00,64.996,1664.0
728,06/25/24 17:00:00,64.652,176.0
729,06/25/24 17:10:00,64.652,320.0
730,06/25/24 17:20:00,64.652,608.0
731,06/25/24 17:30:00,64.652,152.0
732,06/25/24 17:40:00,64.652,416.0
733,06/25/24 17:50:00,64.652,3456.0
734,06/25/24 18:00:00,64.652,152.0
735,06/25/24 18:10:00,64.652,496.0
736,06/25/24 18:20:00,64.481,176.0
737,06/25/24 18:30:00,64.481,416.0
738,06/25/24 18:40:00,64.481,800.0
739,06/25/24 18:50:00,64.310,192.0
740,06/25/24 19:00:00,64.310,416.0
741,06/25/24 19:10:00,64.652,896.0
742,06/25/24 19:20:00,64.481,176.0
743,06/25/24 19:30:00,64.139,42.0
744,06/25/24 19:40:00,64.139,248.0
745,06/25/24 19:50:00,63.968,84.0
746,06/25/24 20:00:00,63.797,57.0
747,06/25/24 20:10:00,63.797,55.0
748,06/25/24 20:20:00,63.797,45.0
749,06/25/24 20:30:00,63.797,41.0
750,06/25/24 20:40:00,63.797,17.0
751,06/25/24 20:50:00,63.626,9.0
752,06/25/24 21:00:00,63.455,6.0
753,06/25/24 21:10:00,63.282,2.0
754,06/25/24 21:20:00,63.455,0.0
755,06/25/24 21:30:00,63.282,0.0
756,06/25/24 21:40:00,63.282,0.0
757,06/25/24 21:50:00,63.282,0.0
758,06/25/24 22:00:00,63.282,0.0
759,06/25/24 22:10:00,63.111,0.0
760,06/25/24 22:20:00,63.111,0.0
761,06/25/24 22:30:00,63.111,0.0
762,06/25/24 22:40:00,63.111,0.0
763,06/25/24 22:50:00,63.111,0.0
764,06/25/24 23:00:00,63.111,0.0
765,06/25/24 23:10:00,63.111,0.0
766,06/25/24 23:20:00,63.111,0.0
767,06/25/24 23:30:00,63.111,0.0
768,06/25/24 23:40:00,63.111,0.0
769,06/25/24 23:50:00,63.111,0.0
770,06/26/24 00:00:00,63.111,0.0
771,06/26/24 00:10:00,63.111,0.0
772,06/26/24 00:20:00,63.282,0.0
773,06/26/24 00:30:00,63.455,0.0
774,06/26/24 00:40:00,63.626,0.0
775,06/26/24 00:50:00,63.626,0.0
776,06/26/24 01:00:00,63.626,0.0
777,06/26/24 01:10:00,63.626,0.0
778,06/26/24 01:20:00,63.797,0.0
779,06/26/24 01:30:00,63.626,0.0
780,06/26/24 01:40:00,63.626,0.0
781,06/26/24 01:50:00,63.626,0.0
782,06/26/24 02:00:00,63.626,0.0
783,06/26/24 02:10:00,63.626,0.0
784,06/26/24 02:20:00,63.626,0.0
785,06/26/24 02:30:00,63.626,0.0
786,06/26/24 02:40:00,63.626,0.0
787,06/26/24 02:50:00,63.455,0.0
788,06/26/24 03:00:00,63.455,0.0
789,06/26/24 03:10:00,63.455,0.0
790,06/26/24 03:20:00,63.282,0.0
791,06/26/24 03:30:00,63.282,0.0
792,06/26/24 03:40:00,63.282,0.0
793,06/26/24 03:50:00,63.282,0.0
794,06/26/24 04:00:00,63.111,0.0
795,06/26/24 04:10:00,63.111,0.0
796,06/26/24 04:20:00,63.111,0.0
797,06/26/24 04:30:00,63.111,0.0
798,06/26/24 04:40:00,63.111,0.0
799,06/26/24 04:50:00,63.111,0.0
800,06/26/24 05:00:00,63.111,0.0
801,06/26/24 05:10:00,63.111,0.0
802,06/26/24 05:20:00,62.940,0.0
803,06/26/24 05:30:00,62.940,0.0
804,06/26/24 05:40:00,62.940,1.0
805,06/26/24 05:50:00,62.940,2.0
806,06/26/24 06:00:00,62.940,9.0
807,06/26/24 06:10:00,62.940,8.0
808,06/26/24 06:20:00,62.940,10.0
809,06/26/24 06:30:00,62.940,10.0
810,06/26/24 06:40:00,62.940,16.0
811,06/26/24 06:50:00,62.940,12.0
812,06/26/24 07:00:00,62.940,12.0
813,06/26/24 07:10:00,62.769,12.0
814,06/26/24 07:20:00,62.940,44.0
815,06/26/24 07:30:00,62.940,54.0
816,06/26/24 07:40:00,62.940,58.0
817,06/26/24 07:50:00,62.940,65.0
818,06/26/24 08:00:00,62.940,86.0
819,06/26/24 08:10:00,62.940,168.0
820,06/26/24 08:20:00,62.940,107.0
821,06/26/24 08:30:00,62.940,288.0
822,06/26/24 08:40:00,62.940,168.0
823,06/26/24 08:50:00,62.940,288.0
824,06/26/24 09:00:00,63.282,960.0
825,06/26/24 09:10:00,63.455,1216.0
826,06/26/24 09:20:00,63.455,768.0
827,06/26/24 09:30:00,63.111,288.0
828,06/26/24 09:40:00,63.111,192.0
829,06/26/24 09:50:00,63.282,248.0
830,06/26/24 10:00:00,63.282,192.0
831,06/26/24 10:10:00,63.282,288.0
832,06/26/24 10:20:00,63.455,384.0
833,06/26/24 10:30:00,63.282,200.0
834,06/26/24 10:40:00,63.282,168.0
835,06/26/24 10:50:00,63.626,232.0
836,06/26/24 11:00:00,63.968,256.0
837,06/26/24 11:10:00,63.626,208.0
838,06/26/24 11:20:00,63.797,200.0
839,06/26/24 11:30:00,63.968,160.0
840,06/26/24 11:40:00,63.968,152.0
841,06/26/24 11:50:00,64.310,176.0
842,06/26/24 12:00:00,64.310,352.0
843,06/26/24 12:10:00,63.626,208.0
844,06/26/24 12:20:00,63.797,136.0
845,06/26/24 12:30:00,63.797,1088.0
846,06/26/24 12:40:00,64.481,1024.0
847,06/26/24 12:50:00,64.652,384.0
848,06/26/24 13:00:00,65.167,4864.0
849,06/26/24 13:10:00,64.825,128.0
850,06/26/24 13:20:00,64.996,368.0
851,06/26/24 13:30:00,65.509,608.0
852,06/26/24 13:40:00,64.481,232.0
853,06/26/24 13:50:00,64.825,448.0
854,06/26/24 14:00:00,64.825,384.0
855,06/26/24 14:10:00,64.481,464.0
856,06/26/24 14:20:00,64.825,480.0
857,06/26/24 14:30:00,64.652,240.0
858,06/26/24 14:40:00,64.481,224.0
859,06/26/24 14:50:00,64.996,304.0
860,06/26/24 15:00:00,65.167,496.0
861,06/26/24 15:10:00,64.481,160.0
862,06/26/24 15:20:00,64.310,216.0
863,06/26/24 15:30:00,64.481,240.0
864,06/26/24 15:40:00,64.825,176.0
865,06/26/24 15:50:00,65.680,336.0
866,06/26/24 16:00:00,65.509,288.0
867,06/26/24 16:10:00,66.193,272.0
868,06/26/24 16:20:00,65.680,320.0
869,06/26/24 16:30:00,64.996,34.0
870,06/26/24 16:40:00,65.338,152.0
871,06/26/24 16:50:00,64.652,256.0
872,06/26/24 17:00:00,64.825,1856.0
873,06/26/24 17:10:00,64.652,2944.0
874,06/26/24 17:20:00,64.996,992.0
875,06/26/24 17:30:00,64.652,2688.0
876,06/26/24 17:40:00,64.652,576.0
877,06/26/24 17:50:00,64.825,400.0
878,06/26/24 18:00:00,64.825,608.0
879,06/26/24 18:10:00,65.167,160.0
880,06/26/24 18:20:00,64.996,288.0
881,06/26/24 18:30:00,64.652,92.0
882,06/26/24 18:40:00,64.481,152.0
883,06/26/24 18:50:00,64.481,89.0
884,06/26/24 19:00:00,64.825,105.0
885,06/26/24 19:10:00,64.652,105.0
886,06/26/24 19:20:00,64.825,102.0
887,06/26/24 19:30:00,64.996,87.0
888,06/26/24 19:40:00,64.996,68.0
889,06/26/24 19:50:00,64.825,40.0
890,06/26/24 20:00:00,64.825,38.0
891,06/26/24 20:10:00,64.825,20.0
892,06/26/24 20:20:00,64.825,18.0
893,06/26/24 20:30:00,64.825,16.0
894,06/26/24 20:40:00,64.825,12.0
895,06/26/24 20:50:00,64.825,16.0
896,06/26/24 21:00:00,64.825,5.0
897,06/26/24 21:10:00,64.652,0.0
898,06/26/24 21:20:00,64.652,0.0
899,06/26/24 21:30:00,64.481,0.0
900,06/26/24 21:40:00,64.481,0.0
901,06/26/24 21:50:00,64.652,0.0
902,06/26/24 22:00:00,64.652,0.0
903,06/26/24 22:10:00,64.652,0.0
904,06/26/24 22:20:00,64.481,0.0
905,06/26/24 22:30:00,64.481,0.0
906,06/26/24 22:40:00,64.481,0.0
907,06/26/24 22:50:00,64.310,0.0
908,06/26/24 23:00:00,64.310,0.0
909,06/26/24 23:10:00,64.310,0.0
910,06/26/24 23:20:00,64.481,0.0
911,06/26/24 23:30:00,64.310,0.0
912,06/26/24 23:40:00,64.310,0.0
913,06/26/24 23:50:00,64.139,0.0
914,06/27/24 00:00:00,64.139,0.0
915,06/27/24 00:10:00,64.139,0.0
916,06/27/24 00:20:00,63.968,0.0
917,06/27/24 00:30:00,63.968,0.0
918,06/27/24 00:40:00,63.968,0.0
919,06/27/24 00:50:00,64.139,0.0
920,06/27/24 01:00:00,63.968,0.0
921,06/27/24 01:10:00,63.968,0.0
922,06/27/24 01:20:00,63.797,0.0
923,06/27/24 01:30:00,63.797,0.0
924,06/27/24 01:40:00,63.797,0.0
925,06/27/24 01:50:00,63.626,0.0
926,06/27/24 02:00:00,63.626,0.0
927,06/27/24 02:10:00,63.626,0.0
928,06/27/24 02:20:00,63.455,0.0
929,06/27/24 02:30:00,63.455,0.0
930,06/27/24 02:40:00,63.282,0.0
931,06/27/24 02:50:00,63.282,0.0
932,06/27/24 03:00:00,63.282,0.0
933,06/27/24 03:10:00,63.282,0.0
934,06/27/24 03:20:00,63.282,0.0
935,06/27/24 03:30:00,63.282,0.0
936,06/27/24 03:40:00,63.282,0.0
937,06/27/24 03:50:00,63.282,0.0
938,06/27/24 04:00:00,62.940,0.0
939,06/27/24 04:10:00,62.940,0.0
940,06/27/24 04:20:00,62.769,0.0
941,06/27/24 04:30:00,62.769,0.0
942,06/27/24 04:40:00,62.598,0.0
943,06/27/24 04:50:00,62.598,0.0
944,06/27/24 05:00:00,62.769,0.0
945,06/27/24 05:10:00,63.111,0.0
946,06/27/24 05:20:00,63.111,0.0
947,06/27/24 05:30:00,63.111,0.0
948,06/27/24 05:40:00,63.282,0.0
949,06/27/24 05:50:00,63.282,3.0
950,06/27/24 06:00:00,63.455,1.0
951,06/27/24 06:10:00,63.455,7.0
952,06/27/24 06:20:00,63.282,6.0
953,06/27/24 06:30:00,63.282,31.0
954,06/27/24 06:40:00,63.282,34.0
955,06/27/24 06:50:00,63.282,72.0
956,06/27/24 07:00:00,63.282,70.0
957,06/27/24 07:10:00,63.455,176.0
958,06/27/24 07:20:00,63.111,110.0
959,06/27/24 07:30:00,62.940,208.0
960,06/27/24 07:40:00,62.940,94.0
961,06/27/24 07:50:00,62.940,56.0
962,06/27/24 08:00:00,63.111,96.0
963,06/27/24 08:10:00,63.282,608.0
964,06/27/24 08:20:00,63.282,248.0
965,06/27/24 08:30:00,63.282,106.0
966,06/27/24 08:40:00,63.282,110.0
967,06/27/24 08:50:00,63.626,68.0
968,06/27/24 09:00:00,63.968,704.0
969,06/27/24 09:10:00,63.968,2432.0
970,06/27/24 09:20:00,63.968,168.0
971,06/27/24 09:30:00,64.139,432.0
972,06/27/24 09:40:00,63.797,3072.0
973,06/27/24 09:50:00,63.797,768.0
974,06/27/24 10:00:00,63.626,768.0
975,06/27/24 10:10:00,63.626,992.0
976,06/27/24 10:20:00,63.282,2816.0
977,06/27/24 10:30:00,63.282,512.0
978,06/27/24 10:40:00,62.940,152.0
979,06/27/24 10:50:00,63.111,160.0
980,06/27/24 11:00:00,63.455,200.0
981,06/27/24 11:10:00,63.626,104.0
982,06/27/24 11:20:00,63.455,336.0
983,06/27/24 11:30:00,63.455,272.0
984,06/27/24 11:40:00,63.455,224.0
985,06/27/24 11:50:00,63.455,152.0
986,06/27/24 12:00:00,63.797,144.0
987,06/27/24 12:10:00,63.626,608.0
988,06/27/24 12:20:00,63.626,576.0
989,06/27/24 12:30:00,63.968,110.0
990,06/27/24 12:40:00,63.797,288.0
991,06/27/24 12:50:00,63.968,384.0
992,06/27/24 13:00:00,64.310,416.0
993,06/27/24 13:10:00,63.797,256.0
994,06/27/24 13:20:00,63.626,114.0
995,06/27/24 13:30:00,63.797,192.0
996,06/27/24 13:40:00,63.797,168.0
997,06/27/24 13:50:00,63.968,672.0
998,06/27/24 14:00:00,63.797,168.0
999,06/27/24 14:10:00,64.310,992.0
1000,06/27/24 14:20:00,63.455,352.0
1001,06/27/24 14:30:00,63.111,208.0
1002,06/27/24 14:40:00,63.968,352.0
1003,06/27/24 14:50:00,63.968,272.0
1004,06/27/24 15:00:00,63.455,432.0
1005,06/27/24 15:10:00,63.968,3840.0
1006,06/27/24 15:20:00,64.139,4608.0
1007,06/27/24 15:30:00,63.626,992.0
1008,06/27/24 15:40:00,63.968,184.0
1009,06/27/24 15:50:00,63.626,512.0
1010,06/27/24 16:00:00,63.797,800.0
1011,06/27/24 16:10:00,63.797,384.0
1012,06/27/24 16:20:00,63.797,232.0
1013,06/27/24 16:30:00,63.968,464.0
1014,06/27/24 16:40:00,63.626,352.0
1015,06/27/24 16:50:00,63.797,3840.0
1016,06/27/24 17:00:00,63.626,480.0
1017,06/27/24 17:10:00,63.626,768.0
1018,06/27/24 17:20:00,63.797,960.0
1019,06/27/24 17:30:00,63.797,2432.0
1020,06/27/24 17:40:00,63.797,4096.0
1021,06/27/24 17:50:00,63.626,2816.0
1022,06/27/24 18:00:00,63.455,608.0
1023,06/27/24 18:10:00,63.455,1792.0
1024,06/27/24 18:20:00,63.282,864.0
1025,06/27/24 18:30:00,63.111,105.0
1026,06/27/24 18:40:00,63.111,200.0
1027,06/27/24 18:50:00,62.940,480.0
1028,06/27/24 19:00:00,62.940,152.0
1029,06/27/24 19:10:00,62.769,128.0
1030,06/27/24 19:20:00,62.769,896.0
1031,06/27/24 19:30:00,62.598,512.0
1032,06/27/24 19:40:00,62.598,107.0
1033,06/27/24 19:50:00,62.425,94.0
1034,06/27/24 20:00:00,62.254,448.0
1035,06/27/24 20:10:00,62.254,416.0
1036,06/27/24 20:20:00,62.254,160.0
1037,06/27/24 20:30:00,62.083,77.0
1038,06/27/24 20:40:00,61.912,25.0
1039,06/27/24 20:50:00,61.912,11.0
1040,06/27/24 21:00:00,61.912,7.0
1041,06/27/24 21:10:00,61.912,4.0
1042,06/27/24 21:20:00,61.912,2.0
1043,06/27/24 21:30:00,61.912,0.0
1044,06/27/24 21:40:00,62.083,0.0
1045,06/27/24 21:50:00,62.083,0.0
1046,06/27/24 22:00:00,62.083,0.0
1047,06/27/24 22:10:00,62.083,0.0
1048,06/27/24 22:20:00,62.083,0.0
1049,06/27/24 22:30:00,62.083,0.0
1050,06/27/24 22:40:00,62.083,0.0
1051,06/27/24 22:50:00,62.083,0.0
1052,06/27/24 23:00:00,62.083,0.0
1053,06/27/24 23:10:00,61.912,0.0
1054,06/27/24 23:20:00,61.912,0.0
1055,06/27/24 23:30:00,61.912,0.0
1056,06/27/24 23:40:00,61.912,0.0
1057,06/27/24 23:50:00,61.912,0.0
1058,06/28/24 00:00:00,61.912,0.0
1059,06/28/24 00:10:00,61.912,0.0
1060,06/28/24 00:20:00,61.741,0.0
1061,06/28/24 00:30:00,61.741,0.0
1062,06/28/24 00:40:00,61.741,0.0
1063,06/28/24 00:50:00,61.741,0.0
1064,06/28/24 01:00:00,61.741,0.0
1065,06/28/24 01:10:00,61.569,0.0
1066,06/28/24 01:20:00,61.569,0.0
1067,06/28/24 01:30:00,61.569,0.0
1068,06/28/24 01:40:00,61.569,0.0
1069,06/28/24 01:50:00,61.569,0.0
1070,06/28/24 02:00:00,61.569,0.0
1071,06/28/24 02:10:00,61.569,0.0
1072,06/28/24 02:20:00,61.569,0.0
1073,06/28/24 02:30:00,61.569,0.0
1074,06/28/24 02:40:00,61.569,0.0
1075,06/28/24 02:50:00,61.569,0.0
1076,06/28/24 03:00:00,61.398,0.0
1077,06/28/24 03:10:00,61.398,0.0
1078,06/28/24 03:20:00,61.398,0.0
1079,06/28/24 03:30:00,61.398,0.0
1080,06/28/24 03:40:00,61.398,0.0
1081,06/28/24 03:50:00,61.398,0.0
1082,06/28/24 04:00:00,61.398,0.0
1083,06/28/24 04:10:00,61.398,0.0
1084,06/28/24 04:20:00,61.398,0.0
1085,06/28/24 04:30:00,61.398,0.0
1086,06/28/24 04:40:00,61.398,0.0
1087,06/28/24 04:50:00,61.398,0.0
1088,06/28/24 05:00:00,61.227,0.0
1089,06/28/24 05:10:00,61.398,0.0
1090,06/28/24 05:20:00,61.227,0.0
1091,06/28/24 05:30:00,61.227,2.0
1092,06/28/24 05:40:00,61.227,7.0
1093,06/28/24 05:50:00,61.227,4.0
1094,06/28/24 06:00:00,61.227,22.0
1095,06/28/24 06:10:00,61.227,65.0
1096,06/28/24 06:20:00,61.227,111.0
1097,06/28/24 06:30:00,61.227,136.0
1098,06/28/24 06:40:00,61.398,136.0
1099,06/28/24 06:50:00,61.227,216.0
1100,06/28/24 07:00:00,61.398,76.0
1101,06/28/24 07:10:00,61.398,128.0
1102,06/28/24 07:20:00,61.398,256.0
1103,06/28/24 07:30:00,61.569,120.0
1104,06/28/24 07:40:00,61.569,248.0
1105,06/28/24 07:50:00,61.569,672.0
1106,06/28/24 08:00:00,61.741,176.0
1107,06/28/24 08:10:00,61.741,128.0
1108,06/28/24 08:20:00,61.741,152.0
1109,06/28/24 08:30:00,61.741,992.0
1110,06/28/24 08:40:00,61.741,144.0
1111,06/28/24 08:50:00,61.741,128.0
1112,06/28/24 09:00:00,61.912,152.0
1113,06/28/24 09:10:00,62.083,128.0
1114,06/28/24 09:20:00,61.912,118.0
1115,06/28/24 09:30:00,62.083,144.0
1116,06/28/24 09:40:00,62.254,128.0
1117,06/28/24 09:50:00,62.254,216.0
1118,06/28/24 10:00:00,62.254,160.0
1119,06/28/24 10:10:00,62.254,110.0
1120,06/28/24 10:20:00,62.254,200.0
1121,06/28/24 10:30:00,62.083,144.0
1122,06/28/24 10:40:00,62.254,160.0
1123,06/28/24 10:50:00,62.254,168.0
1124,06/28/24 11:00:00,62.083,208.0
1125,06/28/24 11:10:00,62.083,224.0
1126,06/28/24 11:20:00,62.254,232.0
1127,06/28/24 11:30:00,62.769,1344.0
1128,06/28/24 11:40:00,63.111,800.0
1129,06/28/24 11:50:00,63.111,1984.0
1130,06/28/24 12:00:00,63.111,152.0
1131,06/28/24 12:10:00,63.111,368.0
1132,06/28/24 12:20:00,62.940,176.0
1133,06/28/24 12:30:00,62.940,1536.0
1134,06/28/24 12:40:00,63.111,136.0
1135,06/28/24 12:50:00,63.282,248.0
1136,06/28/24 13:00:00,63.455,320.0
1137,06/28/24 13:10:00,63.626,480.0
1138,06/28/24 13:20:00,63.282,336.0
1139,06/28/24 13:30:00,63.455,608.0
1140,06/28/24 13:40:00,63.455,608.0
1141,06/28/24 13:50:00,63.282,320.0
1142,06/28/24 14:00:00,62.940,232.0
1143,06/28/24 14:10:00,63.455,864.0
1144,06/28/24 14:20:00,63.282,368.0
1145,06/28/24 14:30:00,63.455,2048.0
1146,06/28/24 14:40:00,63.282,1600.0
1147,06/28/24 14:50:00,62.940,136.0
1148,06/28/24 15:00:00,63.282,336.0
1149,06/28/24 15:10:00,62.769,2688.0
1150,06/28/24 15:20:00,63.111,3072.0
1151,06/28/24 15:30:00,63.282,2432.0
1152,06/28/24 15:40:00,63.111,512.0
1153,06/28/24 15:50:00,62.940,272.0
1154,06/28/24 16:00:00,62.425,464.0
1155,06/28/24 16:10:00,62.254,1152.0
1156,06/28/24 16:20:00,62.425,288.0
1157,06/28/24 16:30:00,62.769,512.0
1158,06/28/24 16:40:00,62.769,2560.0
1159,06/28/24 16:50:00,62.769,256.0
1160,06/28/24 17:00:00,62.425,110.0
1161,06/28/24 17:10:00,63.282,672.0
1162,06/28/24 17:20:00,63.111,1344.0
1163,06/28/24 17:30:00,62.425,1600.0
1164,06/28/24 17:40:00,62.940,2688.0
1165,06/28/24 17:50:00,62.940,1152.0
1166,06/28/24 18:00:00,62.940,464.0
1167,06/28/24 18:10:00,62.598,1728.0
1168,06/28/24 18:20:00,62.598,576.0
1169,06/28/24 18:30:00,62.425,512.0
1170,06/28/24 18:40:00,62.254,448.0
1171,06/28/24 18:50:00,62.083,128.0
1172,06/28/24 19:00:00,62.083,368.0
1173,06/28/24 19:10:00,61.912,128.0
1174,06/28/24 19:20:00,61.569,368.0
1175,06/28/24 19:30:00,61.398,53.0
1176,06/28/24 19:40:00,61.569,40.0
1177,06/28/24 19:50:00,61.741,70.0
1178,06/28/24 20:00:00,61.741,53.0
1179,06/28/24 20:10:00,61.569,48.0
1180,06/28/24 20:20:00,61.741,200.0
1181,06/28/24 20:30:00,61.741,100.0
1182,06/28/24 20:40:00,61.741,15.0
1183,06/28/24 20:50:00,61.569,7.0
1184,06/28/24 21:00:00,61.912,17.0
1185,06/28/24 21:10:00,62.083,7.0
1186,06/28/24 21:20:00,62.083,0.0
1187,06/28/24 21:30:00,62.083,0.0
1188,06/28/24 21:40:00,62.083,0.0
1189,06/28/24 21:50:00,62.254,0.0
1190,06/28/24 22:00:00,62.083,0.0
1191,06/28/24 22:10:00,62.083,0.0
1192,06/28/24 22:20:00,61.912,0.0
1193,06/28/24 22:30:00,61.912,0.0
1194,06/28/24 22:40:00,61.569,0.0
1195,06/28/24 22:50:00,61.569,0.0
1196,06/28/24 23:00:00,61.569,0.0
1197,06/28/24 23:10:00,61.569,0.0
1198,06/28/24 23:20:00,61.569,0.0
1199,06/28/24 23:30:00,61.398,0.0
1200,06/28/24 23:40:00,61.398,0.0
1201,06/28/24 23:50:00,61.398,0.0
1202,06/29/24 00:00:00,61.912,0.0
1203,06/29/24 00:10:00,62.083,0.0
1204,06/29/24 00:20:00,62.083,0.0
1205,06/29/24 00:30:00,62.083,0.0
1206,06/29/24 00:40:00,61.912,0.0
1207,06/29/24 00:50:00,61.912,0.0
1208,06/29/24 01:00:00,62.083,0.0
1209,06/29/24 01:10:00,62.083,0.0
1210,06/29/24 01:20:00,62.083,0.0
1211,06/29/24 01:30:00,62.083,0.0
1212,06/29/24 01:40:00,62.083,0.0
1213,06/29/24 01:50:00,62.083,0.0
1214,06/29/24 02:00:00,62.083,0.0
1215,06/29/24 02:10:00,61.912,0.0
1216,06/29/24 02:20:00,61.912,0.0
1217,06/29/24 02:30:00,61.912,0.0
1218,06/29/24 02:40:00,61.741,0.0
1219,06/29/24 02:50:00,61.741,0.0
1220,06/29/24 03:00:00,61.741,0.0
1221,06/29/24 03:10:00,61.741,0.0
1222,06/29/24 03:20:00,61.569,0.0
1223,06/29/24 03:30:00,61.569,0.0
1224,06/29/24 03:40:00,61.569,0.0
1225,06/29/24 03:50:00,61.569,0.0
1226,06/29/24 04:00:00,61.569,0.0
1227,06/29/24 04:10:00,61.569,0.0
1228,06/29/24 04:20:00,61.569,0.0
1229,06/29/24 04:30:00,61.569,0.0
1230,06/29/24 04:40:00,61.398,0.0
1231,06/29/24 04:50:00,61.398,0.0
1232,06/29/24 05:00:00,61.398,0.0
1233,06/29/24 05:10:00,61.398,0.0
1234,06/29/24 05:20:00,61.398,0.0
1235,06/29/24 05:30:00,61.398,1.0
1236,06/29/24 05:40:00,61.398,3.0
1237,06/29/24 05:50:00,61.227,6.0
1238,06/29/24 06:00:00,61.398,34.0
1239,06/29/24 06:10:00,61.398,14.0
1240,06/29/24 06:20:00,61.398,114.0
1241,06/29/24 06:30:00,61.227,89.0
1242,06/29/24 06:40:00,61.398,78.0
1243,06/29/24 06:50:00,61.398,90.0
1244,06/29/24 07:00:00,61.398,1408.0
1245,06/29/24 07:10:00,61.398,768.0
1246,06/29/24 07:20:00,61.398,136.0
1247,06/29/24 07:30:00,61.569,352.0
1248,06/29/24 07:40:00,61.569,1920.0
1249,06/29/24 07:50:00,61.569,576.0
1250,06/29/24 08:00:00,61.741,192.0
1251,06/29/24 08:10:00,61.741,384.0
1252,06/29/24 08:20:00,61.569,896.0
1253,06/29/24 08:30:00,61.741,128.0
1254,06/29/24 08:40:00,61.741,184.0
1255,06/29/24 08:50:00,61.912,119.0
1256,06/29/24 09:00:00,61.912,112.0
1257,06/29/24 09:10:00,61.741,208.0
1258,06/29/24 09:20:00,61.912,992.0
1259,06/29/24 09:30:00,61.912,352.0
1260,06/29/24 09:40:00,62.083,224.0
1261,06/29/24 09:50:00,62.083,152.0
1262,06/29/24 10:00:00,62.254,160.0
1263,06/29/24 10:10:00,62.425,152.0
1264,06/29/24 10:20:00,62.598,115.0
1265,06/29/24 10:30:00,62.598,176.0
1266,06/29/24 10:40:00,62.598,200.0
1267,06/29/24 10:50:00,62.425,184.0
1268,06/29/24 11:00:00,62.425,272.0
1269,06/29/24 11:10:00,62.425,272.0
1270,06/29/24 11:20:00,62.598,208.0
1271,06/29/24 11:30:00,62.769,208.0
1272,06/29/24 11:40:00,62.769,320.0
1273,06/29/24 11:50:00,62.769,192.0
1274,06/29/24 12:00:00,62.940,232.0
1275,06/29/24 12:10:00,63.455,6400.0
1276,06/29/24 12:20:00,63.797,416.0
1277,06/29/24 12:30:00,63.797,240.0
1278,06/29/24 12:40:00,63.626,1280.0
1279,06/29/24 12:50:00,63.626,288.0
1280,06/29/24 13:00:00,63.626,1216.0
1281,06/29/24 13:10:00,63.626,256.0
1282,06/29/24 13:20:00,63.626,8192.0
1283,06/29/24 13:30:00,63.626,248.0
1284,06/29/24 13:40:00,63.797,272.0
1285,06/29/24 13:50:00,63.626,2688.0
1286,06/29/24 14:00:00,63.111,768.0
1287,06/29/24 14:10:00,63.626,3840.0
1288,06/29/24 14:20:00,63.626,8192.0
1289,06/29/24 14:30:00,63.626,2432.0
1290,06/29/24 14:40:00,63.968,208.0
1291,06/29/24 14:50:00,63.968,304.0
1292,06/29/24 15:00:00,63.968,256.0
1293,06/29/24 15:10:00,64.139,1728.0
1294,06/29/24 15:20:00,63.968,2944.0
1295,06/29/24 15:30:00,63.797,304.0
1296,06/29/24 15:40:00,63.968,432.0
1297,06/29/24 15:50:00,64.139,352.0
1298,06/29/24 16:00:00,63.968,704.0
1299,06/29/24 16:10:00,63.626,116.0
1300,06/29/24 16:20:00,63.626,144.0
1301,06/29/24 16:30:00,63.797,352.0
1302,06/29/24 16:40:00,63.797,368.0
1303,06/29/24 16:50:00,63.968,240.0
1304,06/29/24 17:00:00,63.968,256.0
1305,06/29/24 17:10:00,63.968,2432.0
1306,06/29/24 17:20:00,63.968,288.0
1307,06/29/24 17:30:00,64.310,992.0
1308,06/29/24 17:40:00,63.626,184.0
1309,06/29/24 17:50:00,63.455,384.0
1310,06/29/24 18:00:00,63.797,128.0
1311,06/29/24 18:10:00,63.626,672.0
1312,06/29/24 18:20:00,63.455,480.0
1313,06/29/24 18:30:00,63.455,352.0
1314,06/29/24 18:40:00,63.797,256.0
1315,06/29/24 18:50:00,63.968,704.0
1316,06/29/24 19:00:00,63.968,256.0
1317,06/29/24 19:10:00,63.797,896.0
1318,06/29/24 19:20:00,63.797,800.0
1319,06/29/24 19:30:00,63.797,384.0
1320,06/29/24 19:40:00,63.626,304.0
1321,06/29/24 19:50:00,63.626,256.0
1322,06/29/24 20:00:00,63.626,152.0
1323,06/29/24 20:10:00,63.455,68.0
1324,06/29/24 20:20:00,63.455,59.0
1325,06/29/24 20:30:00,63.455,31.0
1326,06/29/24 20:40:00,63.455,18.0
1327,06/29/24 20:50:00,63.282,15.0
1328,06/29/24 21:00:00,63.282,8.0
1329,06/29/24 21:10:00,63.282,3.0
1330,06/29/24 21:20:00,63.282,0.0
1331,06/29/24 21:30:00,63.282,0.0
1332,06/29/24 21:40:00,63.111,0.0
1333,06/29/24 21:50:00,63.111,0.0
1334,06/29/24 22:00:00,63.111,0.0
1335,06/29/24 22:10:00,63.111,0.0
1336,06/29/24 22:20:00,63.111,0.0
1337,06/29/24 22:30:00,63.111,0.0
1338,06/29/24 22:40:00,63.111,0.0
1339,06/29/24 22:50:00,63.111,0.0
1340,06/29/24 23:00:00,63.111,0.0
1341,06/29/24 23:10:00,63.111,0.0
1342,06/29/24 23:20:00,63.111,0.0
1343,06/29/24 23:30:00,63.111,0.0
1344,06/29/24 23:40:00,63.111,0.0
1345,06/29/24 23:50:00,63.111,0.0
1346,06/30/24 00:00:00,63.111,0.0
1347,06/30/24 00:10:00,62.940,0.0
1348,06/30/24 00:20:00,62.940,0.0
1349,06/30/24 00:30:00,62.940,0.0
1350,06/30/24 00:40:00,62.769,0.0
1351,06/30/24 00:50:00,62.769,0.0
1352,06/30/24 01:00:00,62.769,0.0
1353,06/30/24 01:10:00,62.769,0.0
1354,06/30/24 01:20:00,62.769,0.0
1355,06/30/24 01:30:00,62.769,0.0
1356,06/30/24 01:40:00,62.598,0.0
1357,06/30/24 01:50:00,62.598,0.0
1358,06/30/24 02:00:00,62.598,0.0
1359,06/30/24 02:10:00,62.598,0.0
1360,06/30/24 02:20:00,62.598,0.0
1361,06/30/24 02:30:00,62.598,0.0
1362,06/30/24 02:40:00,62.598,0.0
1363,06/30/24 02:50:00,62.598,0.0
1364,06/30/24 03:00:00,62.598,0.0
1365,06/30/24 03:10:00,62.598,0.0
1366,06/30/24 03:20:00,62.598,0.0
1367,06/30/24 03:30:00,62.425,0.0
1368,06/30/24 03:40:00,62.598,0.0
1369,06/30/24 03:50:00,62.425,0.0
1370,06/30/24 04:00:00,62.425,0.0
1371,06/30/24 04:10:00,62.425,0.0
1372,06/30/24 04:20:00,62.425,0.0
1373,06/30/24 04:30:00,62.425,0.0
1374,06/30/24 04:40:00,62.425,0.0
1375,06/30/24 04:50:00,62.425,0.0
1376,06/30/24 05:00:00,62.425,0.0
1377,06/30/24 05:10:00,62.425,0.0
1378,06/30/24 05:20:00,62.254,0.0
1379,06/30/24 05:30:00,62.254,0.0
1380,06/30/24 05:40:00,62.254,4.0
1381,06/30/24 05:50:00,62.254,12.0
1382,06/30/24 06:00:00,62.254,12.0
1383,06/30/24 06:10:00,62.254,10.0
1384,06/30/24 06:20:00,62.254,66.0
1385,06/30/24 06:30:00,62.254,46.0
1386,06/30/24 06:40:00,62.254,208.0
1387,06/30/24 06:50:00,62.425,248.0
1388,06/30/24 07:00:00,62.425,184.0
1389,06/30/24 07:10:00,62.425,136.0
1390,06/30/24 07:20:00,62.425,800.0
1391,06/30/24 07:30:00,62.425,123.0
1392,06/30/24 07:40:00,62.598,992.0
1393,06/30/24 07:50:00,62.769,768.0
1394,06/30/24 08:00:00,62.940,1152.0
1395,06/30/24 08:10:00,62.769,102.0
1396,06/30/24 08:20:00,63.111,144.0
1397,06/30/24 08:30:00,63.282,128.0
1398,06/30/24 08:40:00,63.282,184.0
1399,06/30/24 08:50:00,63.111,124.0
1400,06/30/24 09:00:00,63.282,168.0
1401,06/30/24 09:10:00,63.282,101.0
1402,06/30/24 09:20:00,63.282,336.0
1403,06/30/24 09:30:00,63.455,152.0
1404,06/30/24 09:40:00,63.455,304.0
1405,06/30/24 09:50:00,63.626,126.0
1406,06/30/24 10:00:00,63.626,91.0
1407,06/30/24 10:10:00,63.626,256.0
1408,06/30/24 10:20:00,63.797,136.0
1409,06/30/24 10:30:00,63.797,122.0
1410,06/30/24 10:40:00,63.797,144.0
1411,06/30/24 10:50:00,63.797,160.0
1412,06/30/24 11:00:00,63.968,152.0
1413,06/30/24 11:10:00,63.968,160.0
1414,06/30/24 11:20:00,63.968,224.0
1415,06/30/24 11:30:00,64.825,136.0
1416,06/30/24 11:40:00,64.825,216.0
1417,06/30/24 11:50:00,64.825,3840.0
1418,06/30/24 12:00:00,64.652,3968.0
1419,06/30/24 12:10:00,64.481,4608.0
1420,06/30/24 12:20:00,64.310,4096.0
1421,06/30/24 12:30:00,64.310,464.0
1422,06/30/24 12:40:00,64.310,336.0
1423,06/30/24 12:50:00,64.310,1024.0
1424,06/30/24 13:00:00,63.797,4608.0
1425,06/30/24 13:10:00,63.797,3456.0
1426,06/30/24 13:20:00,63.626,4096.0
1427,06/30/24 13:30:00,63.626,2688.0
1428,06/30/24 13:40:00,63.797,2048.0
1429,06/30/24 13:50:00,64.139,304.0
1430,06/30/24 14:00:00,63.968,3584.0
1431,06/30/24 14:10:00,63.455,95.0
1432,06/30/24 14:20:00,63.626,272.0
1433,06/30/24 14:30:00,66.022,256.0
1434,06/30/24 14:40:00,64.996,800.0
1435,06/30/24 14:50:00,64.825,109.0
1436,06/30/24 15:00:00,65.338,2432.0
1437,06/30/24 15:10:00,65.509,512.0
1438,06/30/24 15:20:00,65.338,448.0
1439,06/30/24 15:30:00,64.825,128.0
1440,06/30/24 15:40:00,64.825,92.0
1441,06/30/24 15:50:00,64.139,94.0
1442,06/30/24 16:00:00,63.797,768.0
1443,06/30/24 16:10:00,64.310,2432.0
1444,06/30/24 16:20:00,64.139,704.0
1445,06/30/24 16:30:00,62.940,84.0
1446,06/30/24 16:40:00,63.111,368.0
1447,06/30/24 16:50:00,62.940,208.0
1448,06/30/24 17:00:00,62.598,105.0
1449,06/30/24 17:10:00,63.282,512.0
1450,06/30/24 17:20:00,63.282,352.0
1451,06/30/24 17:30:00,63.455,672.0
1452,06/30/24 17:40:00,63.282,208.0
1453,06/30/24 17:50:00,63.455,400.0
1454,06/30/24 18:00:00,63.455,192.0
1455,06/30/24 18:10:00,63.111,128.0
1456,06/30/24 18:20:00,62.769,110.0
1457,06/30/24 18:30:00,63.282,384.0
1458,06/30/24 18:40:00,63.111,576.0
1459,06/30/24 18:50:00,63.111,384.0
1460,06/30/24 19:00:00,62.940,1856.0
1461,06/30/24 19:10:00,62.769,1728.0
1462,06/30/24 19:20:00,62.769,960.0
1463,06/30/24 19:30:00,62.598,576.0
1464,06/30/24 19:40:00,62.598,50.0
1465,06/30/24 19:50:00,62.425,384.0
1466,06/30/24 20:00:00,62.254,168.0
1467,06/30/24 20:10:00,62.254,47.0
1468,06/30/24 20:20:00,62.254,114.0
1469,06/30/24 20:30:00,62.083,12.0
1470,06/30/24 20:40:00,62.083,21.0
1471,06/30/24 20:50:00,62.083,17.0
1472,06/30/24 21:00:00,62.083,3.0
1473,06/30/24 21:10:00,62.083,1.0
1474,06/30/24 21:20:00,62.083,0.0
1475,06/30/24 21:30:00,62.083,0.0
1476,06/30/24 21:40:00,62.083,0.0
1477,06/30/24 21:50:00,62.083,0.0
1478,06/30/24 22:00:00,62.083,0.0
1479,06/30/24 22:10:00,62.083,0.0
1480,06/30/24 22:20:00,61.912,0.0
1481,06/30/24 22:30:00,61.912,0.0
1482,06/30/24 22:40:00,62.083,0.0
1483,06/30/24 22:50:00,62.083,0.0
1484,06/30/24 23:00:00,62.254,0.0
1485,06/30/24 23:10:00,62.425,0.0
1486,06/30/24 23:20:00,62.598,0.0
1487,06/30/24 23:30:00,62.425,0.0
1488,06/30/24 23:40:00,62.425,0.0
1489,06/30/24 23:50:00,62.425,0.0
1490,07/01/24 00:00:00,62.425,0.0
1491,07/01/24 00:10:00,62.425,0.0
1492,07/01/24 00:20:00,62.425,0.0
1493,07/01/24 00:30:00,62.598,0.0
1494,07/01/24 00:40:00,62.425,0.0
1495,07/01/24 00:50:00,62.598,0.0
1496,07/01/24 01:00:00,62.598,0.0
1497,07/01/24 01:10:00,62.769,0.0
1498,07/01/24 01:20:00,62.769,0.0
1499,07/01/24 01:30:00,62.769,0.0
1500,07/01/24 01:40:00,62.769,0.0
1501,07/01/24 01:50:00,62.598,0.0
1502,07/01/24 02:00:00,62.598,0.0
1503,07/01/24 02:10:00,62.598,0.0
1504,07/01/24 02:20:00,62.598,0.0
1505,07/01/24 02:30:00,62.598,0.0
1506,07/01/24 02:40:00,62.598,0.0
1507,07/01/24 02:50:00,62.598,0.0
1508,07/01/24 03:00:00,62.598,0.0
1509,07/01/24 03:10:00,62.425,0.0
1510,07/01/24 03:20:00,62.425,0.0
1511,07/01/24 03:30:00,62.254,0.0
1512,07/01/24 03:40:00,62.083,0.0
1513,07/01/24 03:50:00,62.083,0.0
1514,07/01/24 04:00:00,61.912,0.0
1515,07/01/24 04:10:00,61.912,0.0
1516,07/01/24 04:20:00,61.741,0.0
1517,07/01/24 04:30:00,61.741,0.0
1518,07/01/24 04:40:00,61.741,0.0
1519,07/01/24 04:50:00,61.569,0.0
1520,07/01/24 05:00:00,61.569,0.0
1521,07/01/24 05:10:00,61.398,0.0
1522,07/01/24 05:20:00,61.227,0.0
1523,07/01/24 05:30:00,61.054,0.0
1524,07/01/24 05:40:00,60.883,0.0
1525,07/01/24 05:50:00,60.712,0.0
1526,07/01/24 06:00:00,60.539,0.0
1527,07/01/24 06:10:00,60.368,15.0
1528,07/01/24 06:20:00,60.024,16.0
1529,07/01/24 06:30:00,60.024,14.0
1530,07/01/24 06:40:00,60.024,21.0
1531,07/01/24 06:50:00,60.024,26.0
1532,07/01/24 07:00:00,60.024,152.0
1533,07/01/24 07:10:00,60.195,32.0
1534,07/01/24 07:20:00,60.195,37.0
1535,07/01/24 07:30:00,60.368,25.0
1536,07/01/24 07:40:00,60.368,40.0
1537,07/01/24 07:50:00,60.368,59.0
1538,07/01/24 08:00:00,60.712,24.0
1539,07/01/24 08:10:00,60.883,96.0
1540,07/01/24 08:20:00,60.883,192.0
1541,07/01/24 08:30:00,60.883,224.0
1542,07/01/24 08:40:00,60.712,126.0
1543,07/01/24 08:50:00,60.539,120.0
1544,07/01/24 09:00:00,61.398,368.0
1545,07/01/24 09:10:00,61.569,128.0
1546,07/01/24 09:20:00,61.569,168.0
1547,07/01/24 09:30:00,61.741,1600.0
1548,07/01/24 09:40:00,61.912,121.0
1549,07/01/24 09:50:00,61.741,1344.0
1550,07/01/24 10:00:00,62.083,120.0
1551,07/01/24 10:10:00,62.254,576.0
1552,07/01/24 10:20:00,62.083,768.0
1553,07/01/24 10:30:00,62.425,152.0
1554,07/01/24 10:40:00,62.254,288.0
1555,07/01/24 10:50:00,61.569,320.0
1556,07/01/24 11:00:00,61.054,78.0
1557,07/01/24 11:10:00,62.083,288.0
1558,07/01/24 11:20:00,61.054,336.0
1559,07/01/24 11:30:00,61.054,38.0
1560,07/01/24 11:40:00,60.883,68.0
1561,07/01/24 11:50:00,60.883,48.0
1562,07/01/24 12:00:00,60.712,10.0
1563,07/01/24 12:10:00,60.712,113.0
1564,07/01/24 12:20:00,61.054,512.0
1565,07/01/24 12:30:00,60.883,117.0
1566,07/01/24 12:40:00,61.227,512.0
1567,07/01/24 12:50:00,61.912,216.0
1568,07/01/24 13:00:00,61.912,288.0
1569,07/01/24 13:10:00,61.912,1152.0
1570,07/01/24 13:20:00,61.741,800.0
1571,07/01/24 13:30:00,62.083,288.0
1572,07/01/24 13:40:00,62.083,208.0
1573,07/01/24 13:50:00,62.254,320.0
1574,07/01/24 14:00:00,62.254,1280.0
1575,07/01/24 14:10:00,61.569,176.0
1576,07/01/24 14:20:00,61.912,4096.0
1577,07/01/24 14:30:00,61.569,416.0
1578,07/01/24 14:40:00,61.227,176.0
1579,07/01/24 14:50:00,61.054,57.0
1580,07/01/24 15:00:00,61.054,44.0
1581,07/01/24 15:10:00,60.883,45.0
1582,07/01/24 15:20:00,60.883,39.0
1583,07/01/24 15:30:00,60.712,9.0
1584,07/01/24 15:40:00,60.712,23.0
1585,07/01/24 15:50:00,60.712,42.0
1586,07/01/24 16:00:00,60.539,10.0
1587,07/01/24 16:10:00,60.539,34.0
1588,07/01/24 16:20:00,60.368,12.0
1589,07/01/24 16:30:00,60.539,70.0
1590,07/01/24 16:40:00,60.883,168.0
1591,07/01/24 16:50:00,60.883,272.0
1592,07/01/24 17:00:00,60.712,68.0
1593,07/01/24 17:10:00,60.712,116.0
1594,07/01/24 17:20:00,60.712,152.0
1595,07/01/24 17:30:00,60.539,20.0
1596,07/01/24 17:40:00,60.539,9.0
1597,07/01/24 17:50:00,60.539,1.0
1598,07/01/24 18:00:00,60.539,24.0
1599,07/01/24 18:10:00,60.712,304.0
1600,07/01/24 18:20:00,61.054,1536.0
1601,07/01/24 18:30:00,61.227,248.0
1602,07/01/24 18:40:00,61.054,94.0
1603,07/01/24 18:50:00,60.883,59.0
1604,07/01/24 19:00:00,61.054,136.0
1605,07/01/24 19:10:00,60.883,112.0
1606,07/01/24 19:20:00,60.883,49.0
1607,07/01/24 19:30:00,60.883,58.0
1608,07/01/24 19:40:00,60.712,57.0
1609,07/01/24 19:50:00,60.712,43.0
1610,07/01/24 20:00:00,60.539,35.0
1611,07/01/24 20:10:00,60.539,16.0
1612,07/01/24 20:20:00,60.539,20.0
1613,07/01/24 20:30:00,60.539,21.0
1614,07/01/24 20:40:00,60.539,7.0
1615,07/01/24 20:50:00,60.539,3.0
1616,07/01/24 21:00:00,60.539,2.0
1617,07/01/24 21:10:00,60.539,0.0
1618,07/01/24 21:20:00,60.712,0.0
1619,07/01/24 21:30:00,60.539,0.0
1620,07/01/24 21:40:00,60.712,0.0
1621,07/01/24 21:50:00,60.712,0.0
1622,07/01/24 22:00:00,60.539,0.0
1623,07/01/24 22:10:00,60.539,0.0
1624,07/01/24 22:20:00,60.539,0.0
1625,07/01/24 22:30:00,60.539,0.0
1626,07/01/24 22:40:00,60.539,0.0
1627,07/01/24 22:50:00,60.539,0.0
1628,07/01/24 23:00:00,60.539,0.0
1629,07/01/24 23:10:00,60.539,0.0
1630,07/01/24 23:20:00,60.368,0.0
1631,07/01/24 23:30:00,60.368,0.0
1632,07/01/24 23:40:00,60.368,0.0
1633,07/01/24 23:50:00,60.368,0.0
1634,07/02/24 00:00:00,60.195,0.0
1635,07/02/24 00:10:00,60.195,0.0
1636,07/02/24 00:20:00,60.195,0.0
1637,07/02/24 00:30:00,60.195,0.0
1638,07/02/24 00:40:00,60.195,0.0
1639,07/02/24 00:50:00,60.024,0.0
1640,07/02/24 01:00:00,59.851,0.0
1641,07/02/24 01:10:00,59.851,0.0
1642,07/02/24 01:20:00,59.851,0.0
1643,07/02/24 01:30:00,59.851,0.0
1644,07/02/24 01:40:00,59.851,0.0
1645,07/02/24 01:50:00,59.851,0.0
1646,07/02/24 02:00:00,59.851,0.0
1647,07/02/24 02:10:00,59.851,0.0
1648,07/02/24 02:20:00,59.680,0.0
1649,07/02/24 02:30:00,59.680,0.0
1650,07/02/24 02:40:00,59.680,0.0
1651,07/02/24 02:50:00,59.680,0.0
1652,07/02/24 03:00:00,59.680,0.0
1653,07/02/24 03:10:00,59.680,0.0
1654,07/02/24 03:20:00,59.680,0.0
1655,07/02/24 03:30:00,59.508,0.0
1656,07/02/24 03:40:00,59.508,0.0
1657,07/02/24 03:50:00,59.508,0.0
1658,07/02/24 04:00:00,59.508,0.0
1659,07/02/24 04:10:00,59.508,0.0
1660,07/02/24 04:20:00,59.508,0.0
1661,07/02/24 04:30:00,59.508,0.0
1662,07/02/24 04:40:00,59.508,0.0
1663,07/02/24 04:50:00,59.508,0.0
1664,07/02/24 05:00:00,59.508,0.0
1665,07/02/24 05:10:00,59.508,0.0
1666,07/02/24 05:20:00,59.508,0.0
1667,07/02/24 05:30:00,59.508,0.0
1668,07/02/24 05:40:00,59.508,0.0
1669,07/02/24 05:50:00,59.508,2.0
1670,07/02/24 06:00:00,59.508,5.0
1671,07/02/24 06:10:00,59.508,7.0
1672,07/02/24 06:20:00,59.508,13.0
1673,07/02/24 06:30:00,59.508,33.0
1674,07/02/24 06:40:00,59.508,67.0
1675,07/02/24 06:50:00,59.680,111.0
1676,07/02/24 07:00:00,59.508,102.0
1677,07/02/24 07:10:00,59.680,128.0
1678,07/02/24 07:20:00,59.851,480.0
1679,07/02/24 07:30:00,59.851,144.0
1680,07/02/24 07:40:00,60.024,704.0
1681,07/02/24 07:50:00,60.024,480.0
1682,07/02/24 08:00:00,60.024,304.0
1683,07/02/24 08:10:00,60.195,216.0
1684,07/02/24 08:20:00,60.539,232.0
1685,07/02/24 08:30:00,60.539,107.0
1686,07/02/24 08:40:00,60.195,71.0
1687,07/02/24 08:50:00,60.195,176.0
1688,07/02/24 09:00:00,60.539,256.0
1689,07/02/24 09:10:00,60.883,144.0
1690,07/02/24 09:20:00,60.712,105.0
1691,07/02/24 09:30:00,61.227,672.0
1692,07/02/24 09:40:00,61.227,192.0
1693,07/02/24 09:50:00,61.398,224.0
1694,07/02/24 10:00:00,61.398,248.0
1695,07/02/24 10:10:00,61.398,256.0
1696,07/02/24 10:20:00,61.569,208.0
1697,07/02/24 10:30:00,61.569,232.0
1698,07/02/24 10:40:00,61.569,384.0
1699,07/02/24 10:50:00,61.569,216.0
1700,07/02/24 11:00:00,61.398,240.0
1701,07/02/24 11:10:00,61.227,192.0
1702,07/02/24 11:20:00,61.569,152.0
1703,07/02/24 11:30:00,61.569,216.0
1704,07/02/24 11:40:00,61.569,384.0
1705,07/02/24 11:50:00,61.741,240.0
1706,07/02/24 12:00:00,62.083,1088.0
1707,07/02/24 12:10:00,62.083,512.0
1708,07/02/24 12:20:00,62.425,168.0
1709,07/02/24 12:30:00,62.425,152.0
1710,07/02/24 12:40:00,62.598,448.0
1711,07/02/24 12:50:00,62.769,352.0
1712,07/02/24 13:00:00,62.598,768.0
1713,07/02/24 13:10:00,62.425,1280.0
1714,07/02/24 13:20:00,62.425,704.0
1715,07/02/24 13:30:00,62.254,1408.0
1716,07/02/24 13:40:00,62.425,208.0
1717,07/02/24 13:50:00,62.425,704.0
1718,07/02/24 14:00:00,62.083,224.0
1719,07/02/24 14:10:00,62.598,3456.0
1720,07/02/24 14:20:00,62.598,288.0
1721,07/02/24 14:30:00,62.598,416.0
1722,07/02/24 14:40:00,62.769,1344.0
1723,07/02/24 14:50:00,62.769,288.0
1724,07/02/24 15:00:00,62.769,512.0
1725,07/02/24 15:10:00,62.769,4864.0
1726,07/02/24 15:20:00,62.598,352.0
1727,07/02/24 15:30:00,62.598,464.0
1728,07/02/24 15:40:00,61.741,200.0
1729,07/02/24 15:50:00,62.083,960.0
1730,07/02/24 16:00:00,62.254,168.0
1731,07/02/24 16:10:00,62.940,960.0
1732,07/02/24 16:20:00,63.111,2304.0
1733,07/02/24 16:30:00,62.769,992.0
1734,07/02/24 16:40:00,62.598,126.0
1735,07/02/24 16:50:00,62.598,672.0
1736,07/02/24 17:00:00,62.425,232.0
1737,07/02/24 17:10:00,62.254,1984.0
1738,07/02/24 17:20:00,62.425,992.0
1739,07/02/24 17:30:00,62.254,384.0
1740,07/02/24 17:40:00,62.083,136.0
1741,07/02/24 17:50:00,62.083,400.0
1742,07/02/24 18:00:00,61.569,256.0
1743,07/02/24 18:10:00,61.912,416.0
1744,07/02/24 18:20:00,61.912,176.0
1745,07/02/24 18:30:00,61.398,248.0
1746,07/02/24 18:40:00,61.569,368.0
1747,07/02/24 18:50:00,61.741,1792.0
1748,07/02/24 19:00:00,61.569,480.0
1749,07/02/24 19:10:00,61.398,864.0
1750,07/02/24 19:20:00,61.398,864.0
1751,07/02/24 19:30:00,61.227,480.0
1752,07/02/24 19:40:00,61.227,384.0
1753,07/02/24 19:50:00,61.054,480.0
1754,07/02/24 20:00:00,61.054,480.0
1755,07/02/24 20:10:00,60.883,168.0
1756,07/02/24 20:20:00,60.883,92.0
1757,07/02/24 20:30:00,60.712,128.0
1758,07/02/24 20:40:00,60.712,26.0
1759,07/02/24 20:50:00,60.539,21.0
1760,07/02/24 21:00:00,60.539,15.0
1761,07/02/24 21:10:00,60.539,5.0
1762,07/02/24 21:20:00,60.539,2.0
1763,07/02/24 21:30:00,60.539,0.0
1764,07/02/24 21:40:00,60.539,0.0
1765,07/02/24 21:50:00,60.712,0.0
1766,07/02/24 22:00:00,60.883,0.0
1767,07/02/24 22:10:00,60.883,0.0
1768,07/02/24 22:20:00,60.883,0.0
1769,07/02/24 22:30:00,60.883,0.0
1770,07/02/24 22:40:00,60.883,0.0
1771,07/02/24 22:50:00,60.712,0.0
1772,07/02/24 23:00:00,60.712,0.0
1773,07/02/24 23:10:00,60.712,0.0
1774,07/02/24 23:20:00,60.712,0.0
1775,07/02/24 23:30:00,60.712,0.0
1776,07/02/24 23:40:00,60.712,0.0
1777,07/02/24 23:50:00,60.883,0.0
1778,07/03/24 00:00:00,60.883,0.0
1779,07/03/24 00:10:00,60.883,0.0
1780,07/03/24 00:20:00,60.712,0.0
1781,07/03/24 00:30:00,60.712,0.0
1782,07/03/24 00:40:00,60.883,0.0
1783,07/03/24 00:50:00,60.712,0.0
1784,07/03/24 01:00:00,60.712,0.0
1785,07/03/24 01:10:00,60.712,0.0
1786,07/03/24 01:20:00,60.712,0.0
1787,07/03/24 01:30:00,60.539,0.0
1788,07/03/24 01:40:00,60.539,0.0
1789,07/03/24 01:50:00,60.539,0.0
1790,07/03/24 02:00:00,60.539,0.0
1791,07/03/24 02:10:00,60.539,0.0
1792,07/03/24 02:20:00,60.539,0.0
1793,07/03/24 02:30:00,60.539,0.0
1794,07/03/24 02:40:00,60.368,0.0
1795,07/03/24 02:50:00,60.368,0.0
1796,07/03/24 03:00:00,60.368,0.0
1797,07/03/24 03:10:00,60.368,0.0
1798,07/03/24 03:20:00,60.368,0.0
1799,07/03/24 03:30:00,60.195,0.0
1800,07/03/24 03:40:00,60.195,0.0
1801,07/03/24 03:50:00,60.195,0.0
1802,07/03/24 04:00:00,60.195,0.0
1803,07/03/24 04:10:00,60.195,0.0
1804,07/03/24 04:20:00,60.024,0.0
1805,07/03/24 04:30:00,60.024,0.0
1806,07/03/24 04:40:00,60.195,0.0
1807,07/03/24 04:50:00,60.024,0.0
1808,07/03/24 05:00:00,60.195,0.0
1809,07/03/24 05:10:00,60.195,0.0
1810,07/03/24 05:20:00,60.024,0.0
1811,07/03/24 05:30:00,60.024,0.0
1812,07/03/24 05:40:00,60.024,3.0
1813,07/03/24 05:50:00,60.024,9.0
1814,07/03/24 06:00:00,60.024,32.0
1815,07/03/24 06:10:00,60.024,35.0
1816,07/03/24 06:20:00,60.195,8.0
1817,07/03/24 06:30:00,60.024,25.0
1818,07/03/24 06:40:00,60.195,63.0
1819,07/03/24 06:50:00,60.195,248.0
1820,07/03/24 07:00:00,60.195,128.0
1821,07/03/24 07:10:00,60.195,184.0
1822,07/03/24 07:20:00,60.195,192.0
1823,07/03/24 07:30:00,60.195,576.0
1824,07/03/24 07:40:00,60.368,896.0
1825,07/03/24 07:50:00,60.368,2048.0
1826,07/03/24 08:00:00,60.539,864.0
1827,07/03/24 08:10:00,60.539,208.0
1828,07/03/24 08:20:00,60.539,416.0
1829,07/03/24 08:30:00,60.539,368.0
1830,07/03/24 08:40:00,60.539,232.0
1831,07/03/24 08:50:00,60.539,272.0
1832,07/03/24 09:00:00,60.712,304.0
1833,07/03/24 09:10:00,60.712,304.0
1834,07/03/24 09:20:00,60.712,272.0
1835,07/03/24 09:30:00,60.883,256.0
1836,07/03/24 09:40:00,61.227,144.0
1837,07/03/24 09:50:00,61.054,49.0
1838,07/03/24 10:00:00,61.398,160.0
1839,07/03/24 10:10:00,61.569,144.0
1840,07/03/24 10:20:00,61.569,109.0
1841,07/03/24 10:30:00,61.569,176.0
1842,07/03/24 10:40:00,61.741,512.0
1843,07/03/24 10:50:00,61.741,368.0
1844,07/03/24 11:00:00,61.569,168.0
1845,07/03/24 11:10:00,61.912,1472.0
1846,07/03/24 11:20:00,61.741,208.0
1847,07/03/24 11:30:00,61.912,336.0
1848,07/03/24 11:40:00,62.083,288.0
1849,07/03/24 11:50:00,61.912,184.0
1850,07/03/24 12:00:00,62.083,464.0
1851,07/03/24 12:10:00,62.254,136.0
1852,07/03/24 12:20:00,62.083,200.0
1853,07/03/24 12:30:00,62.254,1024.0
1854,07/03/24 12:40:00,62.254,672.0
1855,07/03/24 12:50:00,62.254,1600.0
1856,07/03/24 13:00:00,62.083,200.0
1857,07/03/24 13:10:00,61.912,608.0
1858,07/03/24 13:20:00,62.254,200.0
1859,07/03/24 13:30:00,62.254,1408.0
1860,07/03/24 13:40:00,62.254,704.0
1861,07/03/24 13:50:00,62.425,432.0
1862,07/03/24 14:00:00,61.912,672.0
1863,07/03/24 14:10:00,61.227,75.0
1864,07/03/24 14:20:00,61.054,106.0
1865,07/03/24 14:30:00,60.712,216.0
1866,07/03/24 14:40:00,60.539,136.0
1867,07/03/24 14:50:00,60.539,320.0
1868,07/03/24 15:00:00,60.539,115.0
1869,07/03/24 15:10:00,60.024,144.0
1870,07/03/24 15:20:00,60.024,200.0
1871,07/03/24 15:30:00,61.227,79.0
1872,07/03/24 15:40:00,61.054,136.0
1873,07/03/24 15:50:00,61.227,320.0
1874,07/03/24 16:00:00,60.368,96.0
1875,07/03/24 16:10:00,61.054,77.0
1876,07/03/24 16:20:00,60.539,86.0
1877,07/03/24 16:30:00,60.712,70.0
1878,07/03/24 16:40:00,60.539,50.0
1879,07/03/24 16:50:00,60.712,64.0
1880,07/03/24 17:00:00,61.398,336.0
1881,07/03/24 17:10:00,61.569,127.0
1882,07/03/24 17:20:00,61.398,98.0
1883,07/03/24 17:30:00,61.054,61.0
1884,07/03/24 17:40:00,61.054,65.0
1885,07/03/24 17:50:00,61.054,124.0
1886,07/03/24 18:00:00,62.083,416.0
1887,07/03/24 18:10:00,62.083,304.0
1888,07/03/24 18:20:00,61.741,992.0
1889,07/03/24 18:30:00,61.569,216.0
1890,07/03/24 18:40:00,61.227,480.0
1891,07/03/24 18:50:00,61.398,2688.0
1892,07/03/24 19:00:00,61.398,768.0
1893,07/03/24 19:10:00,61.227,576.0
1894,07/03/24 19:20:00,60.883,76.0
1895,07/03/24 19:30:00,60.712,240.0
1896,07/03/24 19:40:00,60.539,19.0
1897,07/03/24 19:50:00,60.539,13.0
1898,07/03/24 20:00:00,60.368,8.0
1899,07/03/24 20:10:00,60.368,8.0
1900,07/03/24 20:20:00,60.195,11.0
1901,07/03/24 20:30:00,60.195,24.0
1902,07/03/24 20:40:00,60.195,15.0
1903,07/03/24 20:50:00,60.195,2.0
1904,07/03/24 21:00:00,60.024,0.0
1905,07/03/24 21:10:00,60.024,0.0
1906,07/03/24 21:20:00,60.024,0.0
1907,07/03/24 21:30:00,60.024,0.0
1908,07/03/24 21:40:00,60.024,0.0
1909,07/03/24 21:50:00,60.024,0.0
1910,07/03/24 22:00:00,60.024,0.0
1911,07/03/24 22:10:00,60.024,0.0
1912,07/03/24 22:20:00,60.024,0.0
1913,07/03/24 22:30:00,60.024,0.0
1914,07/03/24 22:40:00,60.024,0.0
1915,07/03/24 22:50:00,60.024,0.0
1916,07/03/24 23:00:00,60.024,0.0
1917,07/03/24 23:10:00,60.024,0.0
1918,07/03/24 23:20:00,60.024,0.0
1919,07/03/24 23:30:00,60.024,0.0
1920,07/03/24 23:40:00,60.024,0.0
1921,07/03/24 23:50:00,60.024,0.0
1922,07/04/24 00:00:00,60.024,0.0
1923,07/04/24 00:10:00,60.024,0.0
1924,07/04/24 00:20:00,60.024,0.0
1925,07/04/24 00:30:00,60.024,0.0
1926,07/04/24 00:40:00,60.024,0.0
1927,07/04/24 00:50:00,59.851,0.0
1928,07/04/24 01:00:00,59.851,0.0
1929,07/04/24 01:10:00,59.851,0.0
1930,07/04/24 01:20:00,59.851,0.0
1931,07/04/24 01:30:00,59.851,0.0
1932,07/04/24 01:40:00,59.851,0.0
1933,07/04/24 01:50:00,59.851,0.0
1934,07/04/24 02:00:00,59.851,0.0
1935,07/04/24 02:10:00,59.851,0.0
1936,07/04/24 02:20:00,59.851,0.0
1937,07/04/24 02:30:00,59.851,0.0
1938,07/04/24 02:40:00,59.680,0.0
1939,07/04/24 02:50:00,59.680,0.0
1940,07/04/24 03:00:00,59.680,0.0
1941,07/04/24 03:10:00,59.680,0.0
1942,07/04/24 03:20:00,59.680,0.0
1943,07/04/24 03:30:00,59.680,0.0
1944,07/04/24 03:40:00,59.680,0.0
1945,07/04/24 03:50:00,59.680,0.0
1946,07/04/24 04:00:00,59.680,0.0
1947,07/04/24 04:10:00,59.680,0.0
1948,07/04/24 04:20:00,59.680,0.0
1949,07/04/24 04:30:00,59.680,0.0
1950,07/04/24 04:40:00,59.508,0.0
1951,07/04/24 04:50:00,59.508,0.0
1952,07/04/24 05:00:00,59.508,0.0
1953,07/04/24 05:10:00,59.508,0.0
1954,07/04/24 05:20:00,59.508,0.0
1955,07/04/24 05:30:00,59.508,0.0
1956,07/04/24 05:40:00,59.508,0.0
1957,07/04/24 05:50:00,59.508,10.0
1958,07/04/24 06:00:00,59.508,4.0
1959,07/04/24 06:10:00,59.508,5.0
1960,07/04/24 06:20:00,59.508,30.0
1961,07/04/24 06:30:00,59.508,38.0
1962,07/04/24 06:40:00,59.508,42.0
1963,07/04/24 06:50:00,59.508,38.0
1964,07/04/24 07:00:00,59.508,70.0
1965,07/04/24 07:10:00,59.508,128.0
1966,07/04/24 07:20:00,59.508,144.0
1967,07/04/24 07:30:00,59.508,98.0
1968,07/04/24 07:40:00,59.508,49.0
1969,07/04/24 07:50:00,59.508,240.0
1970,07/04/24 08:00:00,59.508,122.0
1971,07/04/24 08:10:00,59.680,100.0
1972,07/04/24 08:20:00,59.680,93.0
1973,07/04/24 08:30:00,59.680,90.0
1974,07/04/24 08:40:00,59.851,92.0
1975,07/04/24 08:50:00,60.024,75.0
1976,07/04/24 09:00:00,60.024,94.0
1977,07/04/24 09:10:00,60.024,94.0
1978,07/04/24 09:20:00,60.195,98.0
1979,07/04/24 09:30:00,60.195,95.0
1980,07/04/24 09:40:00,60.368,89.0
1981,07/04/24 09:50:00,60.539,89.0
1982,07/04/24 10:00:00,61.054,83.0
1983,07/04/24 10:10:00,61.227,76.0
1984,07/04/24 10:20:00,61.398,78.0
1985,07/04/24 10:30:00,61.569,78.0
1986,07/04/24 10:40:00,61.398,79.0
1987,07/04/24 10:50:00,61.569,83.0
1988,07/04/24 11:00:00,61.569,86.0
1989,07/04/24 11:10:00,61.227,97.0
1990,07/04/24 11:20:00,60.712,74.0
1991,07/04/24 11:30:00,60.883,107.0
1992,07/04/24 11:40:00,60.883,99.0
1993,07/04/24 11:50:00,61.054,152.0
1994,07/04/24 12:00:00,61.227,126.0
1995,07/04/24 12:10:00,61.227,192.0
1996,07/04/24 12:20:00,61.227,168.0
1997,07/04/24 12:30:00,61.398,99.0
1998,07/04/24 12:40:00,61.569,74.0
1999,07/04/24 12:50:00,62.769,87.0
2000,07/04/24 13:00:00,62.769,89.0
2001,07/04/24 13:10:00,62.769,113.0
2002,07/04/24 13:20:00,62.598,86.0
2003,07/04/24 13:30:00,62.254,85.0
2004,07/04/24 13:40:00,62.254,103.0
2005,07/04/24 13:50:00,62.083,94.0
2006,07/04/24 14:00:00,62.083,101.0
2007,07/04/24 14:10:00,62.254,98.0
2008,07/04/24 14:20:00,62.083,102.0
2009,07/04/24 14:30:00,62.083,110.0
2010,07/04/24 14:40:00,62.083,115.0
2011,07/04/24 14:50:00,62.254,98.0
2012,07/04/24 15:00:00,62.940,176.0
2013,07/04/24 15:10:00,63.455,400.0
2014,07/04/24 15:20:00,63.282,232.0
2015,07/04/24 15:30:00,62.940,384.0
2016,07/04/24 15:40:00,62.083,64.0
2017,07/04/24 15:50:00,63.111,184.0
2018,07/04/24 16:00:00,63.111,288.0
2019,07/04/24 16:10:00,62.940,1472.0
2020,07/04/24 16:20:00,63.111,512.0
2021,07/04/24 16:30:00,62.940,704.0
2022,07/04/24 16:40:00,61.912,64.0
2023,07/04/24 16:50:00,62.769,608.0
2024,07/04/24 17:00:00,62.598,320.0
2025,07/04/24 17:10:00,61.912,152.0
2026,07/04/24 17:20:00,61.569,200.0
2027,07/04/24 17:30:00,61.741,208.0
2028,07/04/24 17:40:00,62.425,216.0
2029,07/04/24 17:50:00,62.425,176.0
2030,07/04/24 18:00:00,62.083,111.0
2031,07/04/24 18:10:00,61.912,24.0
2032,07/04/24 18:20:00,62.083,136.0
2033,07/04/24 18:30:00,61.741,84.0
2034,07/04/24 18:40:00,61.398,82.0
2035,07/04/24 18:50:00,61.227,168.0
2036,07/04/24 19:00:00,61.054,30.0
2037,07/04/24 19:10:00,60.883,37.0
2038,07/04/24 19:20:00,60.883,90.0
2039,07/04/24 19:30:00,61.054,32.0
2040,07/04/24 19:40:00,60.883,70.0
2041,07/04/24 19:50:00,60.712,144.0
2042,07/04/24 20:00:00,60.712,96.0
2043,07/04/24 20:10:00,60.539,31.0
2044,07/04/24 20:20:00,60.539,45.0
2045,07/04/24 20:30:00,60.539,11.0
2046,07/04/24 20:40:00,60.539,7.0
2047,07/04/24 20:50:00,60.368,3.0
2048,07/04/24 21:00:00,60.368,1.0
2049,07/04/24 21:10:00,60.368,0.0
2050,07/04/24 21:20:00,60.368,0.0
2051,07/04/24 21:30:00,60.368,0.0
2052,07/04/24 21:40:00,60.368,0.0
2053,07/04/24 21:50:00,60.368,0.0
2054,07/04/24 22:00:00,60.368,0.0
2055,07/04/24 22:10:00,60.368,0.0
2056,07/04/24 22:20:00,60.368,0.0
2057,07/04/24 22:30:00,60.368,0.0
2058,07/04/24 22:40:00,60.368,0.0
2059,07/04/24 22:50:00,60.368,0.0
2060,07/04/24 23:00:00,60.195,0.0
2061,07/04/24 23:10:00,60.195,0.0
2062,07/04/24 23:20:00,60.195,0.0
2063,07/04/24 23:30:00,60.195,0.0
2064,07/04/24 23:40:00,60.195,0.0
2065,07/04/24 23:50:00,60.195,0.0
2066,07/05/24 00:00:00,60.195,0.0
2067,07/05/24 00:10:00,60.024,0.0
2068,07/05/24 00:20:00,60.024,0.0
2069,07/05/24 00:30:00,60.024,0.0
2070,07/05/24 00:40:00,60.024,0.0
2071,07/05/24 00:50:00,60.024,0.0
2072,07/05/24 01:00:00,60.024,0.0
2073,07/05/24 01:10:00,60.024,0.0
2074,07/05/24 01:20:00,59.851,0.0
2075,07/05/24 01:30:00,59.851,0.0
2076,07/05/24 01:40:00,59.851,0.0
2077,07/05/24 01:50:00,59.851,0.0
2078,07/05/24 02:00:00,59.851,0.0
2079,07/05/24 02:10:00,59.851,0.0
2080,07/05/24 02:20:00,59.851,0.0
2081,07/05/24 02:30:00,59.851,0.0
2082,07/05/24 02:40:00,59.851,0.0
2083,07/05/24 02:50:00,59.851,0.0
2084,07/05/24 03:00:00,60.024,0.0
2085,07/05/24 03:10:00,59.851,0.0
2086,07/05/24 03:20:00,60.368,0.0
2087,07/05/24 03:30:00,60.368,0.0
2088,07/05/24 03:40:00,60.368,0.0
2089,07/05/24 03:50:00,60.368,0.0
2090,07/05/24 04:00:00,60.368,0.0
2091,07/05/24 04:10:00,60.368,0.0
2092,07/05/24 04:20:00,60.368,0.0
2093,07/05/24 04:30:00,60.368,0.0
2094,07/05/24 04:40:00,60.368,0.0
2095,07/05/24 04:50:00,60.368,0.0
2096,07/05/24 05:00:00,60.368,0.0
2097,07/05/24 05:10:00,60.195,0.0
2098,07/05/24 05:20:00,60.195,0.0
2099,07/05/24 05:30:00,60.195,0.0
2100,07/05/24 05:40:00,60.195,0.0
2101,07/05/24 05:50:00,60.195,2.0
2102,07/05/24 06:00:00,60.195,3.0
2103,07/05/24 06:10:00,60.195,6.0
2104,07/05/24 06:20:00,60.195,8.0
2105,07/05/24 06:30:00,60.368,32.0
2106,07/05/24 06:40:00,60.368,21.0
2107,07/05/24 06:50:00,60.368,32.0
2108,07/05/24 07:00:00,60.368,60.0
2109,07/05/24 07:10:00,60.539,90.0
2110,07/05/24 07:20:00,60.539,55.0
2111,07/05/24 07:30:00,60.539,240.0
2112,07/05/24 07:40:00,60.539,144.0
2113,07/05/24 07:50:00,60.539,176.0
2114,07/05/24 08:00:00,60.712,272.0
2115,07/05/24 08:10:00,60.883,192.0
2116,07/05/24 08:20:00,60.883,288.0
2117,07/05/24 08:30:00,60.883,336.0
2118,07/05/24 08:40:00,61.054,288.0
2119,07/05/24 08:50:00,61.054,336.0
2120,07/05/24 09:00:00,61.227,256.0
2121,07/05/24 09:10:00,61.227,464.0
2122,07/05/24 09:20:00,61.054,400.0
2123,07/05/24 09:30:00,61.054,416.0
2124,07/05/24 09:40:00,61.054,416.0
2125,07/05/24 09:50:00,61.227,126.0
2126,07/05/24 10:00:00,61.569,136.0
2127,07/05/24 10:10:00,61.398,128.0
2128,07/05/24 10:20:00,61.227,122.0
2129,07/05/24 10:30:00,61.398,288.0
2130,07/05/24 10:40:00,61.227,384.0
2131,07/05/24 10:50:00,61.398,112.0
2132,07/05/24 11:00:00,62.083,76.0
2133,07/05/24 11:10:00,62.083,128.0
2134,07/05/24 11:20:00,61.912,128.0
2135,07/05/24 11:30:00,62.254,98.0
2136,07/05/24 11:40:00,61.912,91.0
2137,07/05/24 11:50:00,62.425,72.0
2138,07/05/24 12:00:00,62.425,80.0
2139,07/05/24 12:10:00,62.254,114.0
2140,07/05/24 12:20:00,61.912,368.0
2141,07/05/24 12:30:00,61.912,144.0
2142,07/05/24 12:40:00,62.083,126.0
2143,07/05/24 12:50:00,61.912,288.0
2144,07/05/24 13:00:00,61.912,144.0
2145,07/05/24 13:10:00,62.083,176.0
2146,07/05/24 13:20:00,62.254,304.0
2147,07/05/24 13:30:00,62.940,121.0
2148,07/05/24 13:40:00,62.769,256.0
2149,07/05/24 13:50:00,63.968,464.0
2150,07/05/24 14:00:00,64.310,121.0
2151,07/05/24 14:10:00,64.310,416.0
2152,07/05/24 14:20:00,63.797,304.0
2153,07/05/24 14:30:00,63.626,117.0
2154,07/05/24 14:40:00,64.139,80.0
2155,07/05/24 14:50:00,63.797,288.0
2156,07/05/24 15:00:00,62.083,224.0
