"#","Date Time, GMT-06:00","Temp, °F (LGR S/N: 22008791, SEN S/N: 22008791)","Intensity, lum/ft² (LGR S/N: 22008791, SEN S/N: 22008791)"
1,07/05/24 15:00:00,66.022,3968.0
2,07/05/24 15:10:00,66.193,1088.0
3,07/05/24 15:20:00,66.366,12800.0
4,07/05/24 15:30:00,66.193,5632.0
5,07/05/24 15:40:00,66.193,1536.0
6,07/05/24 15:50:00,66.193,2560.0
7,07/05/24 16:00:00,65.851,5376.0
8,07/05/24 16:10:00,65.851,3072.0
9,07/05/24 16:20:00,65.680,1728.0
10,07/05/24 16:30:00,65.680,2176.0
11,07/05/24 16:40:00,65.509,1536.0
12,07/05/24 16:50:00,65.338,672.0
13,07/05/24 17:00:00,65.509,704.0
14,07/05/24 17:10:00,65.167,1088.0
15,07/05/24 17:20:00,65.167,576.0
16,07/05/24 17:30:00,65.167,960.0
17,07/05/24 17:40:00,65.167,512.0
18,07/05/24 17:50:00,64.996,1792.0
19,07/05/24 18:00:00,64.825,1728.0
20,07/05/24 18:10:00,64.481,400.0
21,07/05/24 18:20:00,64.139,512.0
22,07/05/24 18:30:00,64.139,704.0
23,07/05/24 18:40:00,63.797,416.0
24,07/05/24 18:50:00,63.626,608.0
25,07/05/24 19:00:00,63.455,1792.0
26,07/05/24 19:10:00,63.455,400.0
27,07/05/24 19:20:00,63.455,352.0
28,07/05/24 19:30:00,63.111,384.0
29,07/05/24 19:40:00,63.282,608.0
30,07/05/24 19:50:00,63.282,272.0
31,07/05/24 20:00:00,63.282,136.0
32,07/05/24 20:10:00,63.282,248.0
33,07/05/24 20:20:00,63.282,122.0
34,07/05/24 20:30:00,63.111,71.0
35,07/05/24 20:40:00,63.111,64.0
36,07/05/24 20:50:00,63.111,45.0
37,07/05/24 21:00:00,63.111,22.0
38,07/05/24 21:10:00,63.111,10.0
39,07/05/24 21:20:00,63.111,3.0
40,07/05/24 21:30:00,63.111,0.0
41,07/05/24 21:40:00,63.111,0.0
42,07/05/24 21:50:00,63.111,0.0
43,07/05/24 22:00:00,63.111,0.0
44,07/05/24 22:10:00,62.940,0.0
45,07/05/24 22:20:00,62.940,0.0
46,07/05/24 22:30:00,62.940,0.0
47,07/05/24 22:40:00,62.940,0.0
48,07/05/24 22:50:00,62.940,0.0
49,07/05/24 23:00:00,62.940,0.0
50,07/05/24 23:10:00,63.111,0.0
51,07/05/24 23:20:00,63.111,0.0
52,07/05/24 23:30:00,62.940,0.0
53,07/05/24 23:40:00,62.940,0.0
54,07/05/24 23:50:00,62.769,0.0
55,07/06/24 00:00:00,62.769,0.0
56,07/06/24 00:10:00,62.769,0.0
57,07/06/24 00:20:00,62.769,0.0
58,07/06/24 00:30:00,62.598,0.0
59,07/06/24 00:40:00,62.598,0.0
60,07/06/24 00:50:00,62.598,0.0
61,07/06/24 01:00:00,62.598,0.0
62,07/06/24 01:10:00,62.425,0.0
63,07/06/24 01:20:00,62.425,0.0
64,07/06/24 01:30:00,62.425,0.0
65,07/06/24 01:40:00,62.254,0.0
66,07/06/24 01:50:00,62.254,0.0
67,07/06/24 02:00:00,62.254,0.0
68,07/06/24 02:10:00,62.083,0.0
69,07/06/24 02:20:00,62.083,0.0
70,07/06/24 02:30:00,61.912,0.0
71,07/06/24 02:40:00,61.912,0.0
72,07/06/24 02:50:00,61.741,0.0
73,07/06/24 03:00:00,61.741,0.0
74,07/06/24 03:10:00,61.569,0.0
75,07/06/24 03:20:00,61.741,0.0
76,07/06/24 03:30:00,61.569,0.0
77,07/06/24 03:40:00,61.569,0.0
78,07/06/24 03:50:00,61.569,0.0
79,07/06/24 04:00:00,61.569,0.0
80,07/06/24 04:10:00,61.398,0.0
81,07/06/24 04:20:00,61.398,0.0
82,07/06/24 04:30:00,61.398,0.0
83,07/06/24 04:40:00,61.398,0.0
84,07/06/24 04:50:00,61.398,0.0
85,07/06/24 05:00:00,61.398,0.0
86,07/06/24 05:10:00,61.398,0.0
87,07/06/24 05:20:00,61.227,0.0
88,07/06/24 05:30:00,61.227,0.0
89,07/06/24 05:40:00,61.227,4.0
90,07/06/24 05:50:00,61.227,14.0
91,07/06/24 06:00:00,61.227,30.0
92,07/06/24 06:10:00,61.227,53.0
93,07/06/24 06:20:00,61.227,70.0
94,07/06/24 06:30:00,61.227,94.0
95,07/06/24 06:40:00,61.398,92.0
96,07/06/24 06:50:00,61.398,112.0
97,07/06/24 07:00:00,61.398,144.0
98,07/06/24 07:10:00,61.398,200.0
99,07/06/24 07:20:00,61.398,224.0
100,07/06/24 07:30:00,61.398,216.0
101,07/06/24 07:40:00,61.569,248.0
102,07/06/24 07:50:00,61.569,336.0
103,07/06/24 08:00:00,61.569,352.0
104,07/06/24 08:10:00,61.569,320.0
105,07/06/24 08:20:00,61.912,1728.0
106,07/06/24 08:30:00,61.912,2304.0
107,07/06/24 08:40:00,62.254,2048.0
108,07/06/24 08:50:00,62.083,2304.0
109,07/06/24 09:00:00,62.083,2688.0
110,07/06/24 09:10:00,62.425,608.0
111,07/06/24 09:20:00,62.425,672.0
112,07/06/24 09:30:00,62.769,992.0
113,07/06/24 09:40:00,62.940,1152.0
114,07/06/24 09:50:00,62.769,2688.0
115,07/06/24 10:00:00,62.769,2048.0
116,07/06/24 10:10:00,62.769,704.0
117,07/06/24 10:20:00,62.769,1344.0
118,07/06/24 10:30:00,63.455,11264.0
119,07/06/24 10:40:00,63.282,1600.0
120,07/06/24 10:50:00,63.455,3200.0
121,07/06/24 11:00:00,63.797,864.0
122,07/06/24 11:10:00,63.282,3968.0
123,07/06/24 11:20:00,63.968,3328.0
124,07/06/24 11:30:00,63.968,6656.0
125,07/06/24 11:40:00,64.652,14336.0
126,07/06/24 11:50:00,64.310,2688.0
127,07/06/24 12:00:00,64.652,6144.0
128,07/06/24 12:10:00,64.652,4864.0
129,07/06/24 12:20:00,64.996,3712.0
130,07/06/24 12:30:00,65.167,2176.0
131,07/06/24 12:40:00,64.996,6144.0
132,07/06/24 12:50:00,65.167,3072.0
133,07/06/24 13:00:00,65.338,5120.0
134,07/06/24 13:10:00,65.338,5120.0
135,07/06/24 13:20:00,66.022,3200.0
136,07/06/24 13:30:00,65.851,8704.0
137,07/06/24 13:40:00,65.509,3456.0
138,07/06/24 13:50:00,65.338,8192.0
139,07/06/24 14:00:00,65.509,3200.0
140,07/06/24 14:10:00,65.509,4352.0
141,07/06/24 14:20:00,65.167,2688.0
142,07/06/24 14:30:00,65.167,3200.0
143,07/06/24 14:40:00,65.167,2944.0
144,07/06/24 14:50:00,64.481,2304.0
145,07/06/24 15:00:00,64.652,5376.0
146,07/06/24 15:10:00,63.626,480.0
147,07/06/24 15:20:00,64.996,3456.0
148,07/06/24 15:30:00,64.996,1920.0
149,07/06/24 15:40:00,64.825,3840.0
150,07/06/24 15:50:00,64.652,896.0
151,07/06/24 16:00:00,64.652,3200.0
152,07/06/24 16:10:00,64.652,1408.0
153,07/06/24 16:20:00,64.310,2816.0
154,07/06/24 16:30:00,63.968,2432.0
155,07/06/24 16:40:00,64.139,1024.0
156,07/06/24 16:50:00,64.139,2304.0
157,07/06/24 17:00:00,63.968,1536.0
158,07/06/24 17:10:00,63.968,864.0
159,07/06/24 17:20:00,63.455,512.0
160,07/06/24 17:30:00,63.455,400.0
161,07/06/24 17:40:00,63.626,3200.0
162,07/06/24 17:50:00,63.455,768.0
163,07/06/24 18:00:00,63.455,400.0
164,07/06/24 18:10:00,63.282,1344.0
165,07/06/24 18:20:00,63.282,576.0
166,07/06/24 18:30:00,62.598,304.0
167,07/06/24 18:40:00,62.598,256.0
168,07/06/24 18:50:00,62.598,496.0
169,07/06/24 19:00:00,62.769,576.0
170,07/06/24 19:10:00,62.940,512.0
171,07/06/24 19:20:00,62.769,216.0
172,07/06/24 19:30:00,62.598,248.0
173,07/06/24 19:40:00,62.598,288.0
174,07/06/24 19:50:00,62.598,464.0
175,07/06/24 20:00:00,62.425,192.0
176,07/06/24 20:10:00,62.254,160.0
177,07/06/24 20:20:00,62.254,120.0
178,07/06/24 20:30:00,62.254,90.0
179,07/06/24 20:40:00,62.083,70.0
180,07/06/24 20:50:00,62.083,47.0
181,07/06/24 21:00:00,62.083,24.0
182,07/06/24 21:10:00,62.083,11.0
183,07/06/24 21:20:00,62.083,2.0
184,07/06/24 21:30:00,62.083,0.0
185,07/06/24 21:40:00,62.083,0.0
186,07/06/24 21:50:00,61.912,0.0
187,07/06/24 22:00:00,61.912,0.0
188,07/06/24 22:10:00,61.912,0.0
189,07/06/24 22:20:00,61.912,0.0
190,07/06/24 22:30:00,61.912,0.0
191,07/06/24 22:40:00,61.741,0.0
192,07/06/24 22:50:00,61.741,0.0
193,07/06/24 23:00:00,61.741,0.0
194,07/06/24 23:10:00,61.741,0.0
195,07/06/24 23:20:00,61.569,0.0
196,07/06/24 23:30:00,61.569,0.0
197,07/06/24 23:40:00,61.569,0.0
198,07/06/24 23:50:00,61.569,0.0
199,07/07/24 00:00:00,61.741,0.0
200,07/07/24 00:10:00,61.912,0.0
201,07/07/24 00:20:00,62.083,0.0
202,07/07/24 00:30:00,62.083,0.0
203,07/07/24 00:40:00,62.254,0.0
204,07/07/24 00:50:00,62.254,0.0
205,07/07/24 01:00:00,62.254,0.0
206,07/07/24 01:10:00,62.254,0.0
207,07/07/24 01:20:00,62.254,0.0
208,07/07/24 01:30:00,62.083,0.0
209,07/07/24 01:40:00,62.083,0.0
210,07/07/24 01:50:00,61.912,0.0
211,07/07/24 02:00:00,61.741,0.0
212,07/07/24 02:10:00,61.741,0.0
213,07/07/24 02:20:00,61.569,0.0
214,07/07/24 02:30:00,61.569,0.0
215,07/07/24 02:40:00,61.569,0.0
216,07/07/24 02:50:00,61.569,0.0
217,07/07/24 03:00:00,61.398,0.0
218,07/07/24 03:10:00,61.398,0.0
219,07/07/24 03:20:00,61.398,0.0
220,07/07/24 03:30:00,61.398,0.0
221,07/07/24 03:40:00,61.741,0.0
222,07/07/24 03:50:00,61.741,0.0
223,07/07/24 04:00:00,61.741,0.0
224,07/07/24 04:10:00,61.741,0.0
225,07/07/24 04:20:00,61.741,0.0
226,07/07/24 04:30:00,61.741,0.0
227,07/07/24 04:40:00,61.741,0.0
228,07/07/24 04:50:00,61.741,0.0
229,07/07/24 05:00:00,61.741,0.0
230,07/07/24 05:10:00,61.741,0.0
231,07/07/24 05:20:00,61.569,0.0
232,07/07/24 05:30:00,61.569,0.0
233,07/07/24 05:40:00,61.569,4.0
234,07/07/24 05:50:00,61.569,13.0
235,07/07/24 06:00:00,61.569,27.0
236,07/07/24 06:10:00,61.569,46.0
237,07/07/24 06:20:00,61.398,105.0
238,07/07/24 06:30:00,61.398,98.0
239,07/07/24 06:40:00,61.569,126.0
240,07/07/24 06:50:00,61.398,115.0
241,07/07/24 07:00:00,61.569,128.0
242,07/07/24 07:10:00,61.569,144.0
243,07/07/24 07:20:00,61.569,232.0
244,07/07/24 07:30:00,61.569,432.0
245,07/07/24 07:40:00,61.741,384.0
246,07/07/24 07:50:00,61.912,368.0
247,07/07/24 08:00:00,61.912,480.0
248,07/07/24 08:10:00,62.083,288.0
249,07/07/24 08:20:00,62.083,288.0
250,07/07/24 08:30:00,62.083,512.0
251,07/07/24 08:40:00,62.254,480.0
252,07/07/24 08:50:00,62.254,2304.0
253,07/07/24 09:00:00,62.425,1024.0
254,07/07/24 09:10:00,62.425,960.0
255,07/07/24 09:20:00,62.598,4864.0
256,07/07/24 09:30:00,62.769,960.0
257,07/07/24 09:40:00,62.769,512.0
258,07/07/24 09:50:00,62.940,2304.0
259,07/07/24 10:00:00,62.769,1024.0
260,07/07/24 10:10:00,62.940,2688.0
261,07/07/24 10:20:00,63.111,1920.0
262,07/07/24 10:30:00,62.940,1472.0
263,07/07/24 10:40:00,63.455,1280.0
264,07/07/24 10:50:00,63.968,3456.0
265,07/07/24 11:00:00,63.968,4608.0
266,07/07/24 11:10:00,63.968,5120.0
267,07/07/24 11:20:00,63.968,2560.0
268,07/07/24 11:30:00,64.139,4608.0
269,07/07/24 11:40:00,64.310,4864.0
270,07/07/24 11:50:00,64.310,5632.0
271,07/07/24 12:00:00,64.481,4864.0
272,07/07/24 12:10:00,64.481,4096.0
273,07/07/24 12:20:00,64.825,4352.0
274,07/07/24 12:30:00,64.825,1984.0
275,07/07/24 12:40:00,65.338,3840.0
276,07/07/24 12:50:00,65.509,8704.0
277,07/07/24 13:00:00,65.509,6144.0
278,07/07/24 13:10:00,65.338,4096.0
279,07/07/24 13:20:00,65.338,2432.0
280,07/07/24 13:30:00,65.680,5888.0
281,07/07/24 13:40:00,65.338,1408.0
282,07/07/24 13:50:00,65.509,2816.0
283,07/07/24 14:00:00,65.851,1152.0
284,07/07/24 14:10:00,66.022,23552.0
285,07/07/24 14:20:00,66.022,3712.0
286,07/07/24 14:30:00,65.680,4608.0
287,07/07/24 14:40:00,65.851,4608.0
288,07/07/24 14:50:00,66.022,5632.0
289,07/07/24 15:00:00,66.193,3584.0
290,07/07/24 15:10:00,66.022,3968.0
291,07/07/24 15:20:00,66.022,6912.0
292,07/07/24 15:30:00,65.851,2432.0
293,07/07/24 15:40:00,65.851,6400.0
294,07/07/24 15:50:00,65.680,3968.0
295,07/07/24 16:00:00,65.509,1344.0
296,07/07/24 16:10:00,65.509,1984.0
297,07/07/24 16:20:00,65.509,3840.0
298,07/07/24 16:30:00,65.509,1280.0
299,07/07/24 16:40:00,65.338,1088.0
300,07/07/24 16:50:00,65.338,1408.0
301,07/07/24 17:00:00,65.167,3840.0
302,07/07/24 17:10:00,65.167,1600.0
303,07/07/24 17:20:00,65.167,2560.0
304,07/07/24 17:30:00,63.968,464.0
305,07/07/24 17:40:00,63.968,5120.0
306,07/07/24 17:50:00,64.825,768.0
307,07/07/24 18:00:00,64.996,1088.0
308,07/07/24 18:10:00,64.996,896.0
309,07/07/24 18:20:00,64.310,960.0
310,07/07/24 18:30:00,64.825,384.0
311,07/07/24 18:40:00,64.825,576.0
312,07/07/24 18:50:00,64.652,1344.0
313,07/07/24 19:00:00,64.481,800.0
314,07/07/24 19:10:00,64.139,1152.0
315,07/07/24 19:20:00,64.139,320.0
316,07/07/24 19:30:00,63.968,704.0
317,07/07/24 19:40:00,63.968,208.0
318,07/07/24 19:50:00,63.797,864.0
319,07/07/24 20:00:00,63.626,304.0
320,07/07/24 20:10:00,63.797,92.0
321,07/07/24 20:20:00,63.797,125.0
322,07/07/24 20:30:00,63.797,80.0
323,07/07/24 20:40:00,63.626,65.0
324,07/07/24 20:50:00,63.626,47.0
325,07/07/24 21:00:00,63.455,27.0
326,07/07/24 21:10:00,63.282,11.0
327,07/07/24 21:20:00,63.282,2.0
328,07/07/24 21:30:00,63.282,0.0
329,07/07/24 21:40:00,63.282,0.0
330,07/07/24 21:50:00,63.455,0.0
331,07/07/24 22:00:00,63.455,0.0
332,07/07/24 22:10:00,63.282,0.0
333,07/07/24 22:20:00,63.282,0.0
334,07/07/24 22:30:00,63.111,0.0
335,07/07/24 22:40:00,63.111,0.0
336,07/07/24 22:50:00,62.940,0.0
337,07/07/24 23:00:00,62.940,0.0
338,07/07/24 23:10:00,62.940,0.0
339,07/07/24 23:20:00,62.769,0.0
340,07/07/24 23:30:00,62.769,0.0
341,07/07/24 23:40:00,62.769,0.0
342,07/07/24 23:50:00,62.769,0.0
343,07/08/24 00:00:00,62.940,0.0
344,07/08/24 00:10:00,62.940,0.0
345,07/08/24 00:20:00,62.940,0.0
346,07/08/24 00:30:00,62.940,0.0
347,07/08/24 00:40:00,62.940,0.0
348,07/08/24 00:50:00,62.940,0.0
349,07/08/24 01:00:00,62.940,0.0
350,07/08/24 01:10:00,62.940,0.0
351,07/08/24 01:20:00,62.940,0.0
352,07/08/24 01:30:00,62.940,0.0
353,07/08/24 01:40:00,62.940,0.0
354,07/08/24 01:50:00,62.940,0.0
355,07/08/24 02:00:00,62.940,0.0
356,07/08/24 02:10:00,62.940,0.0
357,07/08/24 02:20:00,62.940,0.0
358,07/08/24 02:30:00,62.940,0.0
359,07/08/24 02:40:00,62.940,0.0
360,07/08/24 02:50:00,62.940,0.0
361,07/08/24 03:00:00,62.769,0.0
362,07/08/24 03:10:00,62.769,0.0
363,07/08/24 03:20:00,62.769,0.0
364,07/08/24 03:30:00,62.769,0.0
365,07/08/24 03:40:00,62.769,0.0
366,07/08/24 03:50:00,62.769,0.0
367,07/08/24 04:00:00,62.769,0.0
368,07/08/24 04:10:00,62.769,0.0
369,07/08/24 04:20:00,62.769,0.0
370,07/08/24 04:30:00,62.769,0.0
371,07/08/24 04:40:00,62.769,0.0
372,07/08/24 04:50:00,62.769,0.0
373,07/08/24 05:00:00,62.769,0.0
374,07/08/24 05:10:00,62.769,0.0
375,07/08/24 05:20:00,62.769,0.0
376,07/08/24 05:30:00,62.769,0.0
377,07/08/24 05:40:00,62.769,4.0
378,07/08/24 05:50:00,62.769,13.0
379,07/08/24 06:00:00,62.769,28.0
380,07/08/24 06:10:00,62.769,46.0
381,07/08/24 06:20:00,62.769,61.0
382,07/08/24 06:30:00,62.769,82.0
383,07/08/24 06:40:00,62.769,125.0
384,07/08/24 06:50:00,62.940,136.0
385,07/08/24 07:00:00,62.940,200.0
386,07/08/24 07:10:00,62.940,160.0
387,07/08/24 07:20:00,62.940,200.0
388,07/08/24 07:30:00,62.940,896.0
389,07/08/24 07:40:00,63.111,800.0
390,07/08/24 07:50:00,63.111,1152.0
391,07/08/24 08:00:00,63.111,1024.0
392,07/08/24 08:10:00,63.111,1664.0
393,07/08/24 08:20:00,63.455,464.0
394,07/08/24 08:30:00,63.455,384.0
395,07/08/24 08:40:00,63.455,1728.0
396,07/08/24 08:50:00,63.455,2176.0
397,07/08/24 09:00:00,63.626,2304.0
398,07/08/24 09:10:00,63.626,2048.0
399,07/08/24 09:20:00,63.968,1920.0
400,07/08/24 09:30:00,64.139,2560.0
401,07/08/24 09:40:00,64.139,704.0
402,07/08/24 09:50:00,64.310,3072.0
403,07/08/24 10:00:00,64.481,3200.0
404,07/08/24 10:10:00,64.652,2816.0
405,07/08/24 10:20:00,64.825,3584.0
406,07/08/24 10:30:00,64.825,672.0
407,07/08/24 10:40:00,64.825,3968.0
408,07/08/24 10:50:00,65.338,4096.0
409,07/08/24 11:00:00,64.996,3968.0
410,07/08/24 11:10:00,65.167,4352.0
411,07/08/24 11:20:00,65.338,5120.0
412,07/08/24 11:30:00,65.338,768.0
413,07/08/24 11:40:00,65.851,3456.0
414,07/08/24 11:50:00,66.193,5632.0
415,07/08/24 12:00:00,66.193,2176.0
416,07/08/24 12:10:00,66.366,11264.0
417,07/08/24 12:20:00,66.537,2688.0
418,07/08/24 12:30:00,66.537,7424.0
419,07/08/24 12:40:00,66.537,2816.0
420,07/08/24 12:50:00,66.366,10752.0
421,07/08/24 13:00:00,66.366,3072.0
422,07/08/24 13:10:00,66.366,2176.0
423,07/08/24 13:20:00,66.193,7936.0
424,07/08/24 13:30:00,66.193,5120.0
425,07/08/24 13:40:00,66.193,5632.0
426,07/08/24 13:50:00,66.366,4608.0
427,07/08/24 14:00:00,66.366,3328.0
428,07/08/24 14:10:00,64.996,1792.0
429,07/08/24 14:20:00,66.193,2944.0
430,07/08/24 14:30:00,66.366,1536.0
431,07/08/24 14:40:00,66.366,2048.0
432,07/08/24 14:50:00,66.537,7680.0
433,07/08/24 15:00:00,66.366,2816.0
434,07/08/24 15:10:00,66.366,608.0
435,07/08/24 15:20:00,65.338,992.0
436,07/08/24 15:30:00,65.167,704.0
437,07/08/24 15:40:00,66.537,4864.0
438,07/08/24 15:50:00,65.167,704.0
439,07/08/24 16:00:00,66.537,4352.0
440,07/08/24 16:10:00,67.392,7680.0
441,07/08/24 16:20:00,67.392,1344.0
442,07/08/24 16:30:00,66.879,8704.0
443,07/08/24 16:40:00,66.879,1152.0
444,07/08/24 16:50:00,67.392,2176.0
445,07/08/24 17:00:00,67.392,1152.0
446,07/08/24 17:10:00,67.906,1088.0
447,07/08/24 17:20:00,67.564,5632.0
448,07/08/24 17:30:00,67.392,1728.0
449,07/08/24 17:40:00,67.221,576.0
450,07/08/24 17:50:00,67.392,3968.0
451,07/08/24 18:00:00,67.392,2816.0
452,07/08/24 18:10:00,67.392,1728.0
453,07/08/24 18:20:00,67.050,3456.0
454,07/08/24 18:30:00,66.537,464.0
455,07/08/24 18:40:00,66.537,512.0
456,07/08/24 18:50:00,66.366,464.0
457,07/08/24 19:00:00,66.537,1536.0
458,07/08/24 19:10:00,66.366,512.0
459,07/08/24 19:20:00,66.193,896.0
460,07/08/24 19:30:00,66.537,368.0
461,07/08/24 19:40:00,66.708,416.0
462,07/08/24 19:50:00,66.879,272.0
463,07/08/24 20:00:00,66.879,272.0
464,07/08/24 20:10:00,66.708,128.0
465,07/08/24 20:20:00,66.708,117.0
466,07/08/24 20:30:00,66.537,85.0
467,07/08/24 20:40:00,66.537,61.0
468,07/08/24 20:50:00,66.537,43.0
469,07/08/24 21:00:00,66.366,25.0
470,07/08/24 21:10:00,66.366,11.0
471,07/08/24 21:20:00,66.193,3.0
472,07/08/24 21:30:00,66.193,0.0
473,07/08/24 21:40:00,66.193,0.0
474,07/08/24 21:50:00,66.193,0.0
475,07/08/24 22:00:00,66.022,0.0
476,07/08/24 22:10:00,66.022,0.0
477,07/08/24 22:20:00,66.022,0.0
478,07/08/24 22:30:00,66.022,0.0
479,07/08/24 22:40:00,65.851,0.0
480,07/08/24 22:50:00,65.851,0.0
481,07/08/24 23:00:00,65.851,0.0
482,07/08/24 23:10:00,65.851,0.0
483,07/08/24 23:20:00,65.851,0.0
484,07/08/24 23:30:00,65.851,0.0
485,07/08/24 23:40:00,65.680,0.0
486,07/08/24 23:50:00,65.680,0.0
487,07/09/24 00:00:00,65.680,0.0
488,07/09/24 00:10:00,65.509,0.0
489,07/09/24 00:20:00,65.509,0.0
490,07/09/24 00:30:00,65.509,0.0
491,07/09/24 00:40:00,65.509,0.0
492,07/09/24 00:50:00,65.509,0.0
493,07/09/24 01:00:00,65.338,0.0
494,07/09/24 01:10:00,65.338,0.0
495,07/09/24 01:20:00,65.338,0.0
496,07/09/24 01:30:00,65.338,0.0
497,07/09/24 01:40:00,65.338,0.0
498,07/09/24 01:50:00,65.167,0.0
499,07/09/24 02:00:00,65.167,0.0
500,07/09/24 02:10:00,65.167,0.0
501,07/09/24 02:20:00,65.167,0.0
502,07/09/24 02:30:00,65.167,0.0
503,07/09/24 02:40:00,65.167,0.0
504,07/09/24 02:50:00,64.996,0.0
505,07/09/24 03:00:00,64.996,0.0
506,07/09/24 03:10:00,64.996,0.0
507,07/09/24 03:20:00,64.996,0.0
508,07/09/24 03:30:00,64.996,0.0
509,07/09/24 03:40:00,64.996,0.0
510,07/09/24 03:50:00,64.996,0.0
511,07/09/24 04:00:00,64.996,0.0
512,07/09/24 04:10:00,64.996,0.0
513,07/09/24 04:20:00,64.996,0.0
514,07/09/24 04:30:00,64.996,0.0
515,07/09/24 04:40:00,64.996,0.0
516,07/09/24 04:50:00,64.996,0.0
517,07/09/24 05:00:00,64.996,0.0
518,07/09/24 05:10:00,64.996,0.0
519,07/09/24 05:20:00,64.996,0.0
520,07/09/24 05:30:00,64.996,0.0
521,07/09/24 05:40:00,64.996,5.0
522,07/09/24 05:50:00,64.996,12.0
523,07/09/24 06:00:00,64.996,28.0
524,07/09/24 06:10:00,65.167,57.0
525,07/09/24 06:20:00,65.167,70.0
526,07/09/24 06:30:00,65.167,83.0
527,07/09/24 06:40:00,65.338,116.0
528,07/09/24 06:50:00,65.338,320.0
529,07/09/24 07:00:00,65.509,368.0
530,07/09/24 07:10:00,65.509,576.0
531,07/09/24 07:20:00,65.509,512.0
532,07/09/24 07:30:00,65.680,1280.0
533,07/09/24 07:40:00,65.680,352.0
534,07/09/24 07:50:00,65.851,496.0
535,07/09/24 08:00:00,66.022,1152.0
536,07/09/24 08:10:00,66.193,1344.0
537,07/09/24 08:20:00,66.193,1728.0
538,07/09/24 08:30:00,66.193,768.0
539,07/09/24 08:40:00,66.537,2176.0
540,07/09/24 08:50:00,66.708,2304.0
541,07/09/24 09:00:00,66.879,2432.0
542,07/09/24 09:10:00,66.879,2688.0
543,07/09/24 09:20:00,67.050,3072.0
544,07/09/24 09:30:00,67.221,3072.0
545,07/09/24 09:40:00,67.221,3072.0
546,07/09/24 09:50:00,67.392,2560.0
547,07/09/24 10:00:00,67.221,3072.0
548,07/09/24 10:10:00,67.221,2432.0
549,07/09/24 10:20:00,67.221,2048.0
550,07/09/24 10:30:00,67.221,2432.0
551,07/09/24 10:40:00,67.392,2944.0
552,07/09/24 10:50:00,67.564,4096.0
553,07/09/24 11:00:00,67.564,3072.0
554,07/09/24 11:10:00,67.735,1920.0
555,07/09/24 11:20:00,67.906,3456.0
556,07/09/24 11:30:00,68.077,5376.0
557,07/09/24 11:40:00,68.077,7424.0
558,07/09/24 11:50:00,68.248,3968.0
559,07/09/24 12:00:00,68.248,1984.0
560,07/09/24 12:10:00,68.248,1536.0
561,07/09/24 12:20:00,68.421,5632.0
562,07/09/24 12:30:00,68.421,2688.0
563,07/09/24 12:40:00,68.592,3456.0
564,07/09/24 12:50:00,68.592,1216.0
565,07/09/24 13:00:00,68.934,2304.0
566,07/09/24 13:10:00,69.107,10240.0
567,07/09/24 13:20:00,68.934,4096.0
568,07/09/24 13:30:00,68.934,6144.0
569,07/09/24 13:40:00,69.107,4096.0
570,07/09/24 13:50:00,69.107,5120.0
571,07/09/24 14:00:00,69.107,12800.0
572,07/09/24 14:10:00,68.934,1792.0
573,07/09/24 14:20:00,69.107,1920.0
574,07/09/24 14:30:00,67.050,608.0
575,07/09/24 14:40:00,66.708,496.0
576,07/09/24 14:50:00,68.934,4608.0
577,07/09/24 15:00:00,68.421,2176.0
578,07/09/24 15:10:00,67.221,1216.0
579,07/09/24 15:20:00,68.421,2432.0
580,07/09/24 15:30:00,68.934,1536.0
581,07/09/24 15:40:00,68.763,2048.0
582,07/09/24 15:50:00,68.592,3072.0
583,07/09/24 16:00:00,69.622,5888.0
584,07/09/24 16:10:00,70.137,3328.0
585,07/09/24 16:20:00,70.137,960.0
586,07/09/24 16:30:00,70.308,2304.0
587,07/09/24 16:40:00,69.964,2688.0
588,07/09/24 16:50:00,70.137,1792.0
589,07/09/24 17:00:00,70.480,5888.0
590,07/09/24 17:10:00,70.137,1792.0
591,07/09/24 17:20:00,70.308,1792.0
592,07/09/24 17:30:00,69.964,672.0
593,07/09/24 17:40:00,70.137,992.0
594,07/09/24 17:50:00,69.793,4608.0
595,07/09/24 18:00:00,69.449,3200.0
596,07/09/24 18:10:00,69.449,1856.0
597,07/09/24 18:20:00,69.278,1600.0
598,07/09/24 18:30:00,68.934,896.0
599,07/09/24 18:40:00,68.421,1856.0
600,07/09/24 18:50:00,68.421,1216.0
601,07/09/24 19:00:00,68.421,704.0
602,07/09/24 19:10:00,68.077,352.0
603,07/09/24 19:20:00,68.077,1408.0
604,07/09/24 19:30:00,67.906,384.0
605,07/09/24 19:40:00,68.077,200.0
606,07/09/24 19:50:00,68.077,320.0
607,07/09/24 20:00:00,67.906,160.0
608,07/09/24 20:10:00,67.906,144.0
609,07/09/24 20:20:00,67.735,125.0
610,07/09/24 20:30:00,67.564,78.0
611,07/09/24 20:40:00,67.564,59.0
612,07/09/24 20:50:00,67.564,38.0
613,07/09/24 21:00:00,67.735,20.0
614,07/09/24 21:10:00,67.735,8.0
615,07/09/24 21:20:00,67.564,2.0
616,07/09/24 21:30:00,67.906,0.0
617,07/09/24 21:40:00,67.906,0.0
618,07/09/24 21:50:00,67.906,0.0
619,07/09/24 22:00:00,67.906,0.0
620,07/09/24 22:10:00,67.906,0.0
621,07/09/24 22:20:00,67.735,0.0
622,07/09/24 22:30:00,67.735,0.0
623,07/09/24 22:40:00,67.735,0.0
624,07/09/24 22:50:00,67.735,0.0
625,07/09/24 23:00:00,67.564,0.0
626,07/09/24 23:10:00,67.564,0.0
627,07/09/24 23:20:00,67.564,0.0
628,07/09/24 23:30:00,67.564,0.0
629,07/09/24 23:40:00,67.564,0.0
630,07/09/24 23:50:00,67.564,0.0
631,07/10/24 00:00:00,67.392,0.0
632,07/10/24 00:10:00,67.392,0.0
633,07/10/24 00:20:00,67.392,0.0
634,07/10/24 00:30:00,67.392,0.0
635,07/10/24 00:40:00,67.392,0.0
636,07/10/24 00:50:00,67.392,0.0
637,07/10/24 01:00:00,67.392,0.0
638,07/10/24 01:10:00,67.392,0.0
639,07/10/24 01:20:00,67.564,0.0
640,07/10/24 01:30:00,67.564,0.0
641,07/10/24 01:40:00,67.564,0.0
642,07/10/24 01:50:00,67.735,0.0
643,07/10/24 02:00:00,67.906,0.0
644,07/10/24 02:10:00,67.906,0.0
645,07/10/24 02:20:00,67.906,0.0
646,07/10/24 02:30:00,67.906,0.0
647,07/10/24 02:40:00,68.077,0.0
648,07/10/24 02:50:00,68.077,0.0
649,07/10/24 03:00:00,68.077,0.0
650,07/10/24 03:10:00,68.077,0.0
651,07/10/24 03:20:00,67.906,0.0
652,07/10/24 03:30:00,67.906,0.0
653,07/10/24 03:40:00,67.906,0.0
654,07/10/24 03:50:00,67.906,0.0
655,07/10/24 04:00:00,67.906,0.0
656,07/10/24 04:10:00,67.735,0.0
657,07/10/24 04:20:00,67.735,0.0
658,07/10/24 04:30:00,67.735,0.0
659,07/10/24 04:40:00,67.564,0.0
660,07/10/24 04:50:00,67.564,0.0
661,07/10/24 05:00:00,67.564,0.0
662,07/10/24 05:10:00,67.392,0.0
663,07/10/24 05:20:00,67.392,0.0
664,07/10/24 05:30:00,67.392,0.0
665,07/10/24 05:40:00,67.392,3.0
666,07/10/24 05:50:00,67.392,10.0
667,07/10/24 06:00:00,67.392,29.0
668,07/10/24 06:10:00,67.392,69.0
669,07/10/24 06:20:00,67.392,110.0
670,07/10/24 06:30:00,67.392,126.0
671,07/10/24 06:40:00,67.392,152.0
672,07/10/24 06:50:00,67.392,352.0
673,07/10/24 07:00:00,67.392,704.0
674,07/10/24 07:10:00,67.392,672.0
675,07/10/24 07:20:00,67.564,256.0
676,07/10/24 07:30:00,67.564,320.0
677,07/10/24 07:40:00,67.564,464.0
678,07/10/24 07:50:00,67.735,1152.0
679,07/10/24 08:00:00,67.906,800.0
680,07/10/24 08:10:00,67.906,1920.0
681,07/10/24 08:20:00,68.077,1664.0
682,07/10/24 08:30:00,68.248,512.0
683,07/10/24 08:40:00,68.421,2304.0
684,07/10/24 08:50:00,68.592,2432.0
685,07/10/24 09:00:00,67.906,2688.0
686,07/10/24 09:10:00,68.248,2176.0
687,07/10/24 09:20:00,68.934,3200.0
688,07/10/24 09:30:00,69.107,3456.0
689,07/10/24 09:40:00,69.278,3712.0
690,07/10/24 09:50:00,69.107,1216.0
691,07/10/24 10:00:00,68.421,992.0
692,07/10/24 10:10:00,68.248,768.0
693,07/10/24 10:20:00,69.278,3328.0
694,07/10/24 10:30:00,69.622,3584.0
695,07/10/24 10:40:00,69.622,2176.0
696,07/10/24 10:50:00,69.964,4096.0
697,07/10/24 11:00:00,69.964,4864.0
698,07/10/24 11:10:00,70.137,2304.0
699,07/10/24 11:20:00,69.964,1920.0
700,07/10/24 11:30:00,69.793,3968.0
701,07/10/24 11:40:00,70.308,6912.0
702,07/10/24 11:50:00,70.308,5120.0
703,07/10/24 12:00:00,70.308,14336.0
704,07/10/24 12:10:00,70.308,2560.0
705,07/10/24 12:20:00,70.480,4096.0
706,07/10/24 12:30:00,70.480,7680.0
707,07/10/24 12:40:00,70.480,6144.0
708,07/10/24 12:50:00,70.651,1344.0
709,07/10/24 13:00:00,70.480,5120.0
710,07/10/24 13:10:00,70.651,3072.0
711,07/10/24 13:20:00,70.824,2048.0
712,07/10/24 13:30:00,70.824,8704.0
713,07/10/24 13:40:00,70.824,2688.0
714,07/10/24 13:50:00,70.995,5632.0
715,07/10/24 14:00:00,71.339,3456.0
716,07/10/24 14:10:00,71.339,12800.0
717,07/10/24 14:20:00,71.683,2816.0
718,07/10/24 14:30:00,71.683,3456.0
719,07/10/24 14:40:00,70.995,2688.0
720,07/10/24 14:50:00,70.651,3584.0
721,07/10/24 15:00:00,70.480,4608.0
722,07/10/24 15:10:00,69.278,3840.0
723,07/10/24 15:20:00,70.995,2816.0
724,07/10/24 15:30:00,71.683,1728.0
725,07/10/24 15:40:00,71.168,1344.0
726,07/10/24 15:50:00,72.028,6400.0
727,07/10/24 16:00:00,72.199,1920.0
728,07/10/24 16:10:00,72.199,2816.0
729,07/10/24 16:20:00,72.199,1728.0
730,07/10/24 16:30:00,72.028,896.0
731,07/10/24 16:40:00,71.856,2944.0
732,07/10/24 16:50:00,71.856,1536.0
733,07/10/24 17:00:00,72.199,3200.0
734,07/10/24 17:10:00,72.372,2048.0
735,07/10/24 17:20:00,72.372,5888.0
736,07/10/24 17:30:00,72.372,1344.0
737,07/10/24 17:40:00,72.028,4096.0
738,07/10/24 17:50:00,71.856,4608.0
739,07/10/24 18:00:00,71.683,1152.0
740,07/10/24 18:10:00,71.512,1152.0
741,07/10/24 18:20:00,71.512,608.0
742,07/10/24 18:30:00,71.339,800.0
743,07/10/24 18:40:00,71.339,864.0
744,07/10/24 18:50:00,71.168,1152.0
745,07/10/24 19:00:00,71.168,1152.0
746,07/10/24 19:10:00,71.168,1088.0
747,07/10/24 19:20:00,70.995,512.0
748,07/10/24 19:30:00,70.824,336.0
749,07/10/24 19:40:00,70.651,368.0
750,07/10/24 19:50:00,70.651,304.0
751,07/10/24 20:00:00,70.480,224.0
752,07/10/24 20:10:00,70.480,176.0
753,07/10/24 20:20:00,70.308,120.0
754,07/10/24 20:30:00,70.137,103.0
755,07/10/24 20:40:00,70.308,70.0
756,07/10/24 20:50:00,70.137,39.0
757,07/10/24 21:00:00,70.137,20.0
758,07/10/24 21:10:00,70.137,8.0
759,07/10/24 21:20:00,69.964,2.0
760,07/10/24 21:30:00,69.964,0.0
761,07/10/24 21:40:00,69.964,0.0
762,07/10/24 21:50:00,69.793,0.0
763,07/10/24 22:00:00,69.793,0.0
764,07/10/24 22:10:00,69.793,0.0
765,07/10/24 22:20:00,69.622,0.0
766,07/10/24 22:30:00,69.622,0.0
767,07/10/24 22:40:00,69.622,0.0
768,07/10/24 22:50:00,69.622,0.0
769,07/10/24 23:00:00,69.622,0.0
770,07/10/24 23:10:00,69.622,0.0
771,07/10/24 23:20:00,69.622,0.0
772,07/10/24 23:30:00,69.622,0.0
773,07/10/24 23:40:00,69.622,0.0
774,07/10/24 23:50:00,69.622,0.0
775,07/11/24 00:00:00,69.622,0.0
776,07/11/24 00:10:00,69.622,0.0
777,07/11/24 00:20:00,69.622,0.0
778,07/11/24 00:30:00,69.622,0.0
779,07/11/24 00:40:00,69.622,0.0
780,07/11/24 00:50:00,69.449,0.0
781,07/11/24 01:00:00,69.449,0.0
782,07/11/24 01:10:00,69.449,0.0
783,07/11/24 01:20:00,69.278,0.0
784,07/11/24 01:30:00,69.278,0.0
785,07/11/24 01:40:00,69.278,0.0
786,07/11/24 01:50:00,69.278,0.0
787,07/11/24 02:00:00,69.278,0.0
788,07/11/24 02:10:00,69.278,0.0
789,07/11/24 02:20:00,69.278,0.0
790,07/11/24 02:30:00,69.278,0.0
791,07/11/24 02:40:00,69.278,0.0
792,07/11/24 02:50:00,69.278,0.0
793,07/11/24 03:00:00,69.107,0.0
794,07/11/24 03:10:00,69.107,0.0
795,07/11/24 03:20:00,69.107,0.0
796,07/11/24 03:30:00,68.934,0.0
797,07/11/24 03:40:00,68.934,0.0
798,07/11/24 03:50:00,68.934,0.0
799,07/11/24 04:00:00,68.763,0.0
800,07/11/24 04:10:00,68.763,0.0
801,07/11/24 04:20:00,68.763,0.0
802,07/11/24 04:30:00,68.763,0.0
803,07/11/24 04:40:00,68.763,0.0
804,07/11/24 04:50:00,68.763,0.0
805,07/11/24 05:00:00,68.763,0.0
806,07/11/24 05:10:00,68.763,0.0
807,07/11/24 05:20:00,68.763,0.0
808,07/11/24 05:30:00,68.763,0.0
809,07/11/24 05:40:00,68.763,4.0
810,07/11/24 05:50:00,68.763,12.0
811,07/11/24 06:00:00,68.763,28.0
812,07/11/24 06:10:00,68.763,53.0
813,07/11/24 06:20:00,68.763,94.0
814,07/11/24 06:30:00,68.763,110.0
815,07/11/24 06:40:00,68.763,240.0
816,07/11/24 06:50:00,68.763,272.0
817,07/11/24 07:00:00,68.763,384.0
818,07/11/24 07:10:00,68.934,608.0
819,07/11/24 07:20:00,68.934,768.0
820,07/11/24 07:30:00,69.107,512.0
821,07/11/24 07:40:00,69.107,480.0
822,07/11/24 07:50:00,69.278,704.0
823,07/11/24 08:00:00,69.449,1728.0
824,07/11/24 08:10:00,69.793,1024.0
825,07/11/24 08:20:00,69.793,1344.0
826,07/11/24 08:30:00,69.964,1216.0
827,07/11/24 08:40:00,70.137,2432.0
828,07/11/24 08:50:00,70.308,1088.0
829,07/11/24 09:00:00,70.308,1984.0
830,07/11/24 09:10:00,70.480,1664.0
831,07/11/24 09:20:00,70.651,2304.0
832,07/11/24 09:30:00,70.651,2816.0
833,07/11/24 09:40:00,70.824,2816.0
834,07/11/24 09:50:00,70.995,6912.0
835,07/11/24 10:00:00,71.168,3072.0
836,07/11/24 10:10:00,71.339,3200.0
837,07/11/24 10:20:00,70.824,3456.0
838,07/11/24 10:30:00,70.824,1728.0
839,07/11/24 10:40:00,71.168,1024.0
840,07/11/24 10:50:00,71.512,6656.0
841,07/11/24 11:00:00,71.683,1088.0
842,07/11/24 11:10:00,71.856,1984.0
843,07/11/24 11:20:00,71.856,2432.0
844,07/11/24 11:30:00,72.028,4352.0
845,07/11/24 11:40:00,72.028,2688.0
846,07/11/24 11:50:00,72.199,5376.0
847,07/11/24 12:00:00,72.199,3200.0
848,07/11/24 12:10:00,72.199,1408.0
849,07/11/24 12:20:00,72.372,5376.0
850,07/11/24 12:30:00,72.545,10240.0
851,07/11/24 12:40:00,72.545,5376.0
852,07/11/24 12:50:00,72.718,7936.0
853,07/11/24 13:00:00,72.718,2048.0
854,07/11/24 13:10:00,72.718,5376.0
855,07/11/24 13:20:00,72.891,11776.0
856,07/11/24 13:30:00,72.891,3072.0
857,07/11/24 13:40:00,72.718,800.0
858,07/11/24 13:50:00,73.062,3584.0
859,07/11/24 14:00:00,73.062,4096.0
860,07/11/24 14:10:00,73.234,4864.0
861,07/11/24 14:20:00,72.891,1664.0
862,07/11/24 14:30:00,72.718,3072.0
863,07/11/24 14:40:00,73.580,5632.0
864,07/11/24 14:50:00,73.234,864.0
865,07/11/24 15:00:00,72.718,1024.0
866,07/11/24 15:10:00,73.062,1856.0
867,07/11/24 15:20:00,73.580,6400.0
868,07/11/24 15:30:00,72.545,8192.0
869,07/11/24 15:40:00,73.753,1920.0
870,07/11/24 15:50:00,73.753,4352.0
871,07/11/24 16:00:00,73.753,1344.0
872,07/11/24 16:10:00,73.407,1728.0
873,07/11/24 16:20:00,73.234,1152.0
874,07/11/24 16:30:00,73.234,896.0
875,07/11/24 16:40:00,73.234,2560.0
876,07/11/24 16:50:00,73.062,5120.0
877,07/11/24 17:00:00,72.718,1088.0
878,07/11/24 17:10:00,72.372,1024.0
879,07/11/24 17:20:00,72.372,1472.0
880,07/11/24 17:30:00,72.028,256.0
881,07/11/24 17:40:00,71.683,608.0
882,07/11/24 17:50:00,71.512,576.0
883,07/11/24 18:00:00,71.339,368.0
884,07/11/24 18:10:00,71.339,512.0
885,07/11/24 18:20:00,71.168,960.0
886,07/11/24 18:30:00,70.995,608.0
887,07/11/24 18:40:00,70.824,1472.0
888,07/11/24 18:50:00,70.651,672.0
889,07/11/24 19:00:00,70.480,480.0
890,07/11/24 19:10:00,70.480,208.0
891,07/11/24 19:20:00,70.308,288.0
892,07/11/24 19:30:00,70.308,336.0
893,07/11/24 19:40:00,70.308,960.0
894,07/11/24 19:50:00,70.137,160.0
895,07/11/24 20:00:00,70.137,136.0
896,07/11/24 20:10:00,70.137,123.0
897,07/11/24 20:20:00,70.137,96.0
898,07/11/24 20:30:00,69.964,70.0
899,07/11/24 20:40:00,69.964,50.0
900,07/11/24 20:50:00,69.964,33.0
901,07/11/24 21:00:00,69.964,15.0
902,07/11/24 21:10:00,69.793,8.0
903,07/11/24 21:20:00,69.793,1.0
904,07/11/24 21:30:00,69.793,0.0
905,07/11/24 21:40:00,69.793,0.0
906,07/11/24 21:50:00,69.793,0.0
907,07/11/24 22:00:00,69.793,0.0
908,07/11/24 22:10:00,69.793,0.0
909,07/11/24 22:20:00,69.793,0.0
910,07/11/24 22:30:00,69.964,0.0
911,07/11/24 22:40:00,69.964,0.0
912,07/11/24 22:50:00,69.964,0.0
913,07/11/24 23:00:00,69.793,0.0
914,07/11/24 23:10:00,69.793,0.0
915,07/11/24 23:20:00,69.793,0.0
916,07/11/24 23:30:00,69.793,0.0
917,07/11/24 23:40:00,69.793,0.0
918,07/11/24 23:50:00,69.793,0.0
919,07/12/24 00:00:00,69.793,0.0
920,07/12/24 00:10:00,69.793,0.0
921,07/12/24 00:20:00,69.622,0.0
922,07/12/24 00:30:00,69.622,0.0
923,07/12/24 00:40:00,69.622,0.0
924,07/12/24 00:50:00,69.622,0.0
925,07/12/24 01:00:00,69.622,0.0
926,07/12/24 01:10:00,69.622,0.0
927,07/12/24 01:20:00,69.622,0.0
928,07/12/24 01:30:00,69.449,0.0
929,07/12/24 01:40:00,69.449,0.0
930,07/12/24 01:50:00,69.449,0.0
931,07/12/24 02:00:00,69.449,0.0
932,07/12/24 02:10:00,69.278,0.0
933,07/12/24 02:20:00,69.278,0.0
934,07/12/24 02:30:00,69.278,0.0
935,07/12/24 02:40:00,69.107,0.0
936,07/12/24 02:50:00,69.107,0.0
937,07/12/24 03:00:00,69.107,0.0
938,07/12/24 03:10:00,69.107,0.0
939,07/12/24 03:20:00,69.107,0.0
940,07/12/24 03:30:00,69.107,0.0
941,07/12/24 03:40:00,69.107,0.0
942,07/12/24 03:50:00,68.934,0.0
943,07/12/24 04:00:00,68.934,0.0
944,07/12/24 04:10:00,68.934,0.0
945,07/12/24 04:20:00,68.934,0.0
946,07/12/24 04:30:00,68.934,0.0
947,07/12/24 04:40:00,68.934,0.0
948,07/12/24 04:50:00,69.107,0.0
949,07/12/24 05:00:00,69.107,0.0
950,07/12/24 05:10:00,69.107,0.0
951,07/12/24 05:20:00,68.934,0.0
952,07/12/24 05:30:00,68.934,0.0
953,07/12/24 05:40:00,68.934,3.0
954,07/12/24 05:50:00,68.934,10.0
955,07/12/24 06:00:00,69.107,27.0
956,07/12/24 06:10:00,69.107,51.0
957,07/12/24 06:20:00,69.107,63.0
958,07/12/24 06:30:00,69.107,81.0
959,07/12/24 06:40:00,69.107,108.0
960,07/12/24 06:50:00,69.107,152.0
961,07/12/24 07:00:00,69.278,352.0
962,07/12/24 07:10:00,69.278,352.0
963,07/12/24 07:20:00,69.449,576.0
964,07/12/24 07:30:00,69.449,1280.0
965,07/12/24 07:40:00,69.622,768.0
966,07/12/24 07:50:00,69.622,1152.0
967,07/12/24 08:00:00,69.622,1152.0
968,07/12/24 08:10:00,69.964,1216.0
969,07/12/24 08:20:00,69.964,1408.0
970,07/12/24 08:30:00,69.964,1408.0
971,07/12/24 08:40:00,70.137,1728.0
972,07/12/24 08:50:00,70.308,464.0
973,07/12/24 09:00:00,70.308,2304.0
974,07/12/24 09:10:00,70.308,2688.0
975,07/12/24 09:20:00,70.480,2816.0
976,07/12/24 09:30:00,70.480,1536.0
977,07/12/24 09:40:00,70.995,5120.0
978,07/12/24 09:50:00,71.168,3968.0
979,07/12/24 10:00:00,71.339,6144.0
980,07/12/24 10:10:00,71.339,1088.0
981,07/12/24 10:20:00,71.339,1664.0
982,07/12/24 10:30:00,71.512,2048.0
983,07/12/24 10:40:00,71.683,9216.0
984,07/12/24 10:50:00,71.856,2048.0
985,07/12/24 11:00:00,72.028,3200.0
986,07/12/24 11:10:00,72.028,2688.0
987,07/12/24 11:20:00,71.512,13312.0
988,07/12/24 11:30:00,71.856,1344.0
989,07/12/24 11:40:00,72.028,4352.0
990,07/12/24 11:50:00,72.199,3456.0
991,07/12/24 12:00:00,72.199,4352.0
992,07/12/24 12:10:00,72.372,2432.0
993,07/12/24 12:20:00,72.372,6656.0
994,07/12/24 12:30:00,72.545,3200.0
995,07/12/24 12:40:00,72.545,3200.0
996,07/12/24 12:50:00,72.545,2944.0
997,07/12/24 13:00:00,72.545,1344.0
998,07/12/24 13:10:00,72.199,2176.0
999,07/12/24 13:20:00,72.372,15360.0
1000,07/12/24 13:30:00,72.891,2816.0
1001,07/12/24 13:40:00,72.891,2432.0
1002,07/12/24 13:50:00,72.718,3328.0
1003,07/12/24 14:00:00,72.718,3456.0
1004,07/12/24 14:10:00,72.891,3456.0
1005,07/12/24 14:20:00,73.234,1152.0
1006,07/12/24 14:30:00,73.407,3200.0
1007,07/12/24 14:40:00,73.407,1920.0
1008,07/12/24 14:50:00,73.234,4608.0
1009,07/12/24 15:00:00,73.234,4608.0
1010,07/12/24 15:10:00,73.407,2048.0
1011,07/12/24 15:20:00,73.580,2432.0
1012,07/12/24 15:30:00,73.580,8704.0
1013,07/12/24 15:40:00,73.753,4864.0
1014,07/12/24 15:50:00,73.753,3328.0
1015,07/12/24 16:00:00,73.407,1792.0
1016,07/12/24 16:10:00,73.407,2176.0
1017,07/12/24 16:20:00,73.407,3840.0
1018,07/12/24 16:30:00,73.407,4096.0
1019,07/12/24 16:40:00,73.234,1280.0
1020,07/12/24 16:50:00,73.407,3072.0
1021,07/12/24 17:00:00,73.234,768.0
1022,07/12/24 17:10:00,73.407,1792.0
1023,07/12/24 17:20:00,73.234,1344.0
1024,07/12/24 17:30:00,72.718,3328.0
1025,07/12/24 17:40:00,73.062,2560.0
1026,07/12/24 17:50:00,72.545,1408.0
1027,07/12/24 18:00:00,72.372,1472.0
1028,07/12/24 18:10:00,72.028,464.0
1029,07/12/24 18:20:00,72.028,512.0
1030,07/12/24 18:30:00,72.199,864.0
1031,07/12/24 18:40:00,71.856,368.0
1032,07/12/24 18:50:00,71.856,272.0
1033,07/12/24 19:00:00,71.683,704.0
1034,07/12/24 19:10:00,71.683,480.0
1035,07/12/24 19:20:00,71.512,512.0
1036,07/12/24 19:30:00,71.339,448.0
1037,07/12/24 19:40:00,71.168,192.0
1038,07/12/24 19:50:00,71.168,336.0
1039,07/12/24 20:00:00,71.168,576.0
1040,07/12/24 20:10:00,71.168,176.0
1041,07/12/24 20:20:00,71.168,136.0
1042,07/12/24 20:30:00,70.995,70.0
1043,07/12/24 20:40:00,70.995,62.0
1044,07/12/24 20:50:00,70.995,42.0
1045,07/12/24 21:00:00,70.995,19.0
1046,07/12/24 21:10:00,70.995,6.0
1047,07/12/24 21:20:00,70.824,1.0
1048,07/12/24 21:30:00,70.824,0.0
1049,07/12/24 21:40:00,70.824,0.0
1050,07/12/24 21:50:00,70.824,0.0
1051,07/12/24 22:00:00,70.651,0.0
1052,07/12/24 22:10:00,70.651,0.0
1053,07/12/24 22:20:00,70.651,0.0
1054,07/12/24 22:30:00,70.651,0.0
1055,07/12/24 22:40:00,70.651,0.0
1056,07/12/24 22:50:00,70.480,0.0
1057,07/12/24 23:00:00,70.480,0.0
1058,07/12/24 23:10:00,70.480,0.0
1059,07/12/24 23:20:00,70.480,0.0
1060,07/12/24 23:30:00,70.480,0.0
1061,07/12/24 23:40:00,70.308,0.0
1062,07/12/24 23:50:00,70.308,0.0
1063,07/13/24 00:00:00,70.137,0.0
1064,07/13/24 00:10:00,69.964,0.0
1065,07/13/24 00:20:00,69.964,0.0
1066,07/13/24 00:30:00,69.964,0.0
1067,07/13/24 00:40:00,69.793,0.0
1068,07/13/24 00:50:00,69.793,0.0
1069,07/13/24 01:00:00,69.793,0.0
1070,07/13/24 01:10:00,69.793,0.0
1071,07/13/24 01:20:00,69.622,0.0
1072,07/13/24 01:30:00,69.622,0.0
1073,07/13/24 01:40:00,69.622,0.0
1074,07/13/24 01:50:00,69.449,0.0
1075,07/13/24 02:00:00,69.449,0.0
1076,07/13/24 02:10:00,69.449,0.0
1077,07/13/24 02:20:00,69.449,0.0
1078,07/13/24 02:30:00,69.278,0.0
1079,07/13/24 02:40:00,69.278,0.0
1080,07/13/24 02:50:00,69.278,0.0
1081,07/13/24 03:00:00,69.278,0.0
1082,07/13/24 03:10:00,69.278,0.0
1083,07/13/24 03:20:00,69.107,0.0
1084,07/13/24 03:30:00,69.107,0.0
1085,07/13/24 03:40:00,69.107,0.0
1086,07/13/24 03:50:00,69.107,0.0
1087,07/13/24 04:00:00,69.107,0.0
1088,07/13/24 04:10:00,69.107,0.0
1089,07/13/24 04:20:00,68.934,0.0
1090,07/13/24 04:30:00,69.107,0.0
1091,07/13/24 04:40:00,69.107,0.0
1092,07/13/24 04:50:00,69.107,0.0
1093,07/13/24 05:00:00,69.107,0.0
1094,07/13/24 05:10:00,69.107,0.0
1095,07/13/24 05:20:00,69.107,0.0
1096,07/13/24 05:30:00,69.107,0.0
1097,07/13/24 05:40:00,69.107,2.0
1098,07/13/24 05:50:00,68.934,9.0
1099,07/13/24 06:00:00,69.107,24.0
1100,07/13/24 06:10:00,69.107,42.0
1101,07/13/24 06:20:00,69.107,88.0
1102,07/13/24 06:30:00,69.107,128.0
1103,07/13/24 06:40:00,69.107,192.0
1104,07/13/24 06:50:00,69.107,152.0
1105,07/13/24 07:00:00,69.107,160.0
1106,07/13/24 07:10:00,69.107,480.0
1107,07/13/24 07:20:00,69.278,232.0
1108,07/13/24 07:30:00,69.278,448.0
1109,07/13/24 07:40:00,69.278,416.0
1110,07/13/24 07:50:00,69.278,768.0
1111,07/13/24 08:00:00,69.622,320.0
1112,07/13/24 08:10:00,69.622,432.0
1113,07/13/24 08:20:00,69.449,432.0
1114,07/13/24 08:30:00,69.793,992.0
1115,07/13/24 08:40:00,69.622,336.0
1116,07/13/24 08:50:00,69.964,1152.0
1117,07/13/24 09:00:00,70.137,896.0
1118,07/13/24 09:10:00,70.308,1600.0
1119,07/13/24 09:20:00,70.137,1536.0
1120,07/13/24 09:30:00,70.308,2688.0
1121,07/13/24 09:40:00,70.824,3200.0
1122,07/13/24 09:50:00,70.651,2688.0
1123,07/13/24 10:00:00,70.824,3584.0
1124,07/13/24 10:10:00,70.651,3584.0
1125,07/13/24 10:20:00,70.995,3456.0
1126,07/13/24 10:30:00,70.651,1408.0
1127,07/13/24 10:40:00,70.480,1344.0
1128,07/13/24 10:50:00,71.339,2816.0
1129,07/13/24 11:00:00,71.512,2432.0
1130,07/13/24 11:10:00,70.824,4096.0
1131,07/13/24 11:20:00,72.199,5376.0
1132,07/13/24 11:30:00,70.651,1536.0
1133,07/13/24 11:40:00,71.339,2304.0
1134,07/13/24 11:50:00,70.995,2816.0
1135,07/13/24 12:00:00,72.718,5120.0
1136,07/13/24 12:10:00,72.718,3968.0
1137,07/13/24 12:20:00,72.372,2176.0
1138,07/13/24 12:30:00,72.718,2304.0
1139,07/13/24 12:40:00,72.891,2048.0
1140,07/13/24 12:50:00,73.062,3840.0
1141,07/13/24 13:00:00,73.234,1664.0
1142,07/13/24 13:10:00,73.234,3200.0
1143,07/13/24 13:20:00,73.234,8704.0
1144,07/13/24 13:30:00,73.407,3200.0
1145,07/13/24 13:40:00,73.234,1728.0
1146,07/13/24 13:50:00,73.407,5888.0
1147,07/13/24 14:00:00,73.234,2176.0
1148,07/13/24 14:10:00,72.372,1216.0
1149,07/13/24 14:20:00,73.753,8192.0
1150,07/13/24 14:30:00,73.753,1408.0
1151,07/13/24 14:40:00,73.753,3072.0
1152,07/13/24 14:50:00,73.926,4864.0
1153,07/13/24 15:00:00,73.753,2432.0
1154,07/13/24 15:10:00,73.580,3072.0
1155,07/13/24 15:20:00,73.580,4608.0
1156,07/13/24 15:30:00,73.234,2048.0
1157,07/13/24 15:40:00,73.062,4352.0
1158,07/13/24 15:50:00,73.234,3968.0
1159,07/13/24 16:00:00,73.062,3968.0
1160,07/13/24 16:10:00,73.062,960.0
1161,07/13/24 16:20:00,72.891,2816.0
1162,07/13/24 16:30:00,72.891,1216.0
1163,07/13/24 16:40:00,72.718,2560.0
1164,07/13/24 16:50:00,72.545,2432.0
1165,07/13/24 17:00:00,72.545,960.0
1166,07/13/24 17:10:00,72.372,2560.0
1167,07/13/24 17:20:00,72.372,3584.0
1168,07/13/24 17:30:00,72.199,864.0
1169,07/13/24 17:40:00,72.372,1088.0
1170,07/13/24 17:50:00,72.199,576.0
1171,07/13/24 18:00:00,71.856,432.0
1172,07/13/24 18:10:00,71.856,384.0
1173,07/13/24 18:20:00,71.683,608.0
1174,07/13/24 18:30:00,71.683,576.0
1175,07/13/24 18:40:00,71.512,400.0
1176,07/13/24 18:50:00,71.168,248.0
1177,07/13/24 19:00:00,71.168,512.0
1178,07/13/24 19:10:00,71.168,336.0
1179,07/13/24 19:20:00,70.995,256.0
1180,07/13/24 19:30:00,71.168,432.0
1181,07/13/24 19:40:00,70.995,288.0
1182,07/13/24 19:50:00,70.995,200.0
1183,07/13/24 20:00:00,70.824,216.0
1184,07/13/24 20:10:00,70.824,124.0
1185,07/13/24 20:20:00,70.651,160.0
1186,07/13/24 20:30:00,70.651,79.0
1187,07/13/24 20:40:00,70.651,52.0
1188,07/13/24 20:50:00,70.651,29.0
1189,07/13/24 21:00:00,70.651,18.0
1190,07/13/24 21:10:00,70.651,5.0
1191,07/13/24 21:20:00,70.824,1.0
1192,07/13/24 21:30:00,70.824,0.0
1193,07/13/24 21:40:00,70.824,0.0
1194,07/13/24 21:50:00,70.651,0.0
1195,07/13/24 22:00:00,70.651,0.0
1196,07/13/24 22:10:00,70.651,0.0
1197,07/13/24 22:20:00,70.651,0.0
1198,07/13/24 22:30:00,70.651,0.0
1199,07/13/24 22:40:00,70.480,0.0
1200,07/13/24 22:50:00,70.480,0.0
1201,07/13/24 23:00:00,70.480,0.0
1202,07/13/24 23:10:00,70.480,0.0
1203,07/13/24 23:20:00,70.480,0.0
1204,07/13/24 23:30:00,70.480,0.0
1205,07/13/24 23:40:00,70.480,0.0
1206,07/13/24 23:50:00,70.308,0.0
1207,07/14/24 00:00:00,70.308,0.0
1208,07/14/24 00:10:00,70.308,0.0
1209,07/14/24 00:20:00,70.308,0.0
1210,07/14/24 00:30:00,70.308,0.0
1211,07/14/24 00:40:00,70.308,0.0
1212,07/14/24 00:50:00,70.308,0.0
1213,07/14/24 01:00:00,70.137,0.0
1214,07/14/24 01:10:00,70.137,0.0
1215,07/14/24 01:20:00,70.137,0.0
1216,07/14/24 01:30:00,70.137,0.0
1217,07/14/24 01:40:00,70.137,0.0
1218,07/14/24 01:50:00,70.137,0.0
1219,07/14/24 02:00:00,70.137,0.0
1220,07/14/24 02:10:00,70.137,0.0
1221,07/14/24 02:20:00,69.964,0.0
1222,07/14/24 02:30:00,69.964,0.0
1223,07/14/24 02:40:00,69.964,0.0
1224,07/14/24 02:50:00,69.793,0.0
1225,07/14/24 03:00:00,69.793,0.0
1226,07/14/24 03:10:00,69.793,0.0
1227,07/14/24 03:20:00,69.793,0.0
1228,07/14/24 03:30:00,69.793,0.0
1229,07/14/24 03:40:00,69.622,0.0
1230,07/14/24 03:50:00,69.622,0.0
1231,07/14/24 04:00:00,69.622,0.0
1232,07/14/24 04:10:00,69.622,0.0
1233,07/14/24 04:20:00,69.622,0.0
1234,07/14/24 04:30:00,69.622,0.0
1235,07/14/24 04:40:00,69.622,0.0
1236,07/14/24 04:50:00,69.449,0.0
1237,07/14/24 05:00:00,69.449,0.0
1238,07/14/24 05:10:00,69.449,0.0
1239,07/14/24 05:20:00,69.449,0.0
1240,07/14/24 05:30:00,69.449,0.0
1241,07/14/24 05:40:00,69.449,1.0
1242,07/14/24 05:50:00,69.449,7.0
1243,07/14/24 06:00:00,69.449,17.0
1244,07/14/24 06:10:00,69.449,39.0
1245,07/14/24 06:20:00,69.449,72.0
1246,07/14/24 06:30:00,69.449,128.0
1247,07/14/24 06:40:00,69.449,176.0
1248,07/14/24 06:50:00,69.449,200.0
1249,07/14/24 07:00:00,69.449,256.0
1250,07/14/24 07:10:00,69.449,288.0
1251,07/14/24 07:20:00,69.449,336.0
1252,07/14/24 07:30:00,69.449,336.0
1253,07/14/24 07:40:00,69.449,480.0
1254,07/14/24 07:50:00,69.449,496.0
1255,07/14/24 08:00:00,69.622,768.0
1256,07/14/24 08:10:00,69.449,496.0
1257,07/14/24 08:20:00,69.622,704.0
1258,07/14/24 08:30:00,69.622,768.0
1259,07/14/24 08:40:00,69.793,896.0
1260,07/14/24 08:50:00,69.793,992.0
1261,07/14/24 09:00:00,69.793,800.0
1262,07/14/24 09:10:00,69.964,1472.0
1263,07/14/24 09:20:00,70.308,3456.0
1264,07/14/24 09:30:00,70.308,1280.0
1265,07/14/24 09:40:00,70.137,1344.0
1266,07/14/24 09:50:00,70.137,1536.0
1267,07/14/24 10:00:00,70.308,1728.0
1268,07/14/24 10:10:00,70.308,1536.0
1269,07/14/24 10:20:00,70.308,1728.0
1270,07/14/24 10:30:00,70.308,1600.0
1271,07/14/24 10:40:00,70.651,2304.0
1272,07/14/24 10:50:00,70.995,2560.0
1273,07/14/24 11:00:00,70.480,1920.0
1274,07/14/24 11:10:00,70.824,2560.0
1275,07/14/24 11:20:00,70.995,3072.0
1276,07/14/24 11:30:00,70.824,3456.0
1277,07/14/24 11:40:00,70.995,1600.0
1278,07/14/24 11:50:00,70.995,1792.0
1279,07/14/24 12:00:00,71.168,2304.0
1280,07/14/24 12:10:00,70.824,1280.0
1281,07/14/24 12:20:00,70.824,1728.0
1282,07/14/24 12:30:00,70.480,960.0
1283,07/14/24 12:40:00,70.480,992.0
1284,07/14/24 12:50:00,70.995,1792.0
1285,07/14/24 13:00:00,70.824,1536.0
1286,07/14/24 13:10:00,70.651,1216.0
1287,07/14/24 13:20:00,70.480,896.0
1288,07/14/24 13:30:00,70.480,672.0
1289,07/14/24 13:40:00,70.308,512.0
1290,07/14/24 13:50:00,70.308,608.0
1291,07/14/24 14:00:00,70.308,800.0
1292,07/14/24 14:10:00,70.137,800.0
1293,07/14/24 14:20:00,70.308,800.0
1294,07/14/24 14:30:00,70.308,800.0
1295,07/14/24 14:40:00,70.308,992.0
1296,07/14/24 14:50:00,70.480,1536.0
1297,07/14/24 15:00:00,71.339,3456.0
1298,07/14/24 15:10:00,71.683,2560.0
1299,07/14/24 15:20:00,70.995,1600.0
1300,07/14/24 15:30:00,70.995,1856.0
1301,07/14/24 15:40:00,70.824,1536.0
1302,07/14/24 15:50:00,71.683,2176.0
1303,07/14/24 16:00:00,72.028,4096.0
1304,07/14/24 16:10:00,71.512,2304.0
1305,07/14/24 16:20:00,71.168,1344.0
1306,07/14/24 16:30:00,70.824,992.0
1307,07/14/24 16:40:00,70.480,576.0
1308,07/14/24 16:50:00,70.308,400.0
1309,07/14/24 17:00:00,70.137,256.0
1310,07/14/24 17:10:00,69.964,144.0
1311,07/14/24 17:20:00,69.793,104.0
1312,07/14/24 17:30:00,69.793,89.0
1313,07/14/24 17:40:00,69.793,73.0
1314,07/14/24 17:50:00,69.622,136.0
1315,07/14/24 18:00:00,69.278,216.0
1316,07/14/24 18:10:00,69.107,256.0
1317,07/14/24 18:20:00,69.107,400.0
1318,07/14/24 18:30:00,68.763,384.0
1319,07/14/24 18:40:00,68.592,288.0
1320,07/14/24 18:50:00,68.248,256.0
1321,07/14/24 19:00:00,68.077,288.0
1322,07/14/24 19:10:00,67.906,192.0
1323,07/14/24 19:20:00,67.564,123.0
1324,07/14/24 19:30:00,67.392,88.0
1325,07/14/24 19:40:00,67.050,71.0
1326,07/14/24 19:50:00,66.708,53.0
1327,07/14/24 20:00:00,66.537,37.0
1328,07/14/24 20:10:00,66.193,23.0
1329,07/14/24 20:20:00,66.022,23.0
1330,07/14/24 20:30:00,65.851,12.0
1331,07/14/24 20:40:00,65.851,7.0
1332,07/14/24 20:50:00,65.680,5.0
1333,07/14/24 21:00:00,65.509,2.0
1334,07/14/24 21:10:00,65.509,0.0
1335,07/14/24 21:20:00,65.509,0.0
1336,07/14/24 21:30:00,65.509,0.0
1337,07/14/24 21:40:00,65.509,0.0
1338,07/14/24 21:50:00,65.509,0.0
1339,07/14/24 22:00:00,65.509,0.0
1340,07/14/24 22:10:00,65.509,0.0
1341,07/14/24 22:20:00,65.680,0.0
1342,07/14/24 22:30:00,65.680,0.0
1343,07/14/24 22:40:00,65.680,0.0
1344,07/14/24 22:50:00,65.680,0.0
1345,07/14/24 23:00:00,65.680,0.0
1346,07/14/24 23:10:00,65.680,0.0
1347,07/14/24 23:20:00,66.022,0.0
1348,07/14/24 23:30:00,66.708,0.0
1349,07/14/24 23:40:00,66.879,0.0
1350,07/14/24 23:50:00,67.221,0.0
1351,07/15/24 00:00:00,67.735,0.0
1352,07/15/24 00:10:00,67.564,0.0
1353,07/15/24 00:20:00,67.735,0.0
1354,07/15/24 00:30:00,67.564,0.0
1355,07/15/24 00:40:00,67.564,0.0
1356,07/15/24 00:50:00,67.564,0.0
1357,07/15/24 01:00:00,67.564,0.0
1358,07/15/24 01:10:00,67.735,0.0
1359,07/15/24 01:20:00,67.735,0.0
1360,07/15/24 01:30:00,67.564,0.0
1361,07/15/24 01:40:00,67.906,0.0
1362,07/15/24 01:50:00,67.906,0.0
1363,07/15/24 02:00:00,68.077,0.0
1364,07/15/24 02:10:00,68.077,0.0
1365,07/15/24 02:20:00,68.077,0.0
1366,07/15/24 02:30:00,68.077,0.0
1367,07/15/24 02:40:00,68.248,0.0
1368,07/15/24 02:50:00,68.248,0.0
1369,07/15/24 03:00:00,68.248,0.0
1370,07/15/24 03:10:00,68.248,0.0
1371,07/15/24 03:20:00,68.248,0.0
1372,07/15/24 03:30:00,68.248,0.0
1373,07/15/24 03:40:00,68.248,0.0
1374,07/15/24 03:50:00,68.248,0.0
1375,07/15/24 04:00:00,68.248,0.0
1376,07/15/24 04:10:00,68.077,0.0
1377,07/15/24 04:20:00,68.077,0.0
1378,07/15/24 04:30:00,68.077,0.0
1379,07/15/24 04:40:00,68.077,0.0
1380,07/15/24 04:50:00,68.077,0.0
1381,07/15/24 05:00:00,67.906,0.0
1382,07/15/24 05:10:00,67.564,0.0
1383,07/15/24 05:20:00,67.392,0.0
1384,07/15/24 05:30:00,67.221,0.0
1385,07/15/24 05:40:00,66.537,0.0
1386,07/15/24 05:50:00,66.193,1.0
1387,07/15/24 06:00:00,66.708,5.0
1388,07/15/24 06:10:00,67.050,16.0
1389,07/15/24 06:20:00,67.221,53.0
1390,07/15/24 06:30:00,67.392,76.0
1391,07/15/24 06:40:00,67.392,100.0
1392,07/15/24 06:50:00,67.564,128.0
1393,07/15/24 07:00:00,67.564,127.0
1394,07/15/24 07:10:00,67.392,120.0
1395,07/15/24 07:20:00,67.221,113.0
1396,07/15/24 07:30:00,67.050,128.0
1397,07/15/24 07:40:00,67.050,160.0
1398,07/15/24 07:50:00,67.050,176.0
1399,07/15/24 08:00:00,66.879,160.0
1400,07/15/24 08:10:00,66.708,160.0
1401,07/15/24 08:20:00,66.708,103.0
1402,07/15/24 08:30:00,66.537,136.0
1403,07/15/24 08:40:00,66.537,272.0
1404,07/15/24 08:50:00,66.537,512.0
1405,07/15/24 09:00:00,66.366,608.0
1406,07/15/24 09:10:00,66.193,576.0
1407,07/15/24 09:20:00,65.509,496.0
1408,07/15/24 09:30:00,65.167,672.0
1409,07/15/24 09:40:00,65.338,1024.0
1410,07/15/24 09:50:00,65.509,1152.0
1411,07/15/24 10:00:00,65.509,1344.0
1412,07/15/24 10:10:00,66.022,2688.0
1413,07/15/24 10:20:00,66.366,4608.0
1414,07/15/24 10:30:00,66.708,2432.0
1415,07/15/24 10:40:00,66.537,1216.0
1416,07/15/24 10:50:00,67.221,5120.0
1417,07/15/24 11:00:00,68.077,2688.0
1418,07/15/24 11:10:00,68.763,1920.0
1419,07/15/24 11:20:00,68.592,9216.0
1420,07/15/24 11:30:00,68.421,2688.0
1421,07/15/24 11:40:00,68.763,3200.0
1422,07/15/24 11:50:00,67.906,3200.0
1423,07/15/24 12:00:00,68.248,2304.0
1424,07/15/24 12:10:00,68.421,2048.0
1425,07/15/24 12:20:00,69.278,1792.0
1426,07/15/24 12:30:00,69.107,1536.0
1427,07/15/24 12:40:00,69.622,2944.0
1428,07/15/24 12:50:00,69.449,1472.0
1429,07/15/24 13:00:00,69.278,1024.0
1430,07/15/24 13:10:00,69.107,864.0
1431,07/15/24 13:20:00,69.964,2176.0
1432,07/15/24 13:30:00,71.683,2688.0
1433,07/15/24 13:40:00,71.168,3712.0
1434,07/15/24 13:50:00,69.964,1536.0
1435,07/15/24 14:00:00,69.278,1088.0
1436,07/15/24 14:10:00,69.793,1344.0
1437,07/15/24 14:20:00,69.964,1152.0
1438,07/15/24 14:30:00,69.622,1280.0
1439,07/15/24 14:40:00,70.824,7168.0
1440,07/15/24 14:50:00,71.339,5120.0
1441,07/15/24 15:00:00,70.480,1536.0
1442,07/15/24 15:10:00,70.651,2944.0
1443,07/15/24 15:20:00,69.964,1664.0
1444,07/15/24 15:30:00,69.964,3200.0
1445,07/15/24 15:40:00,70.651,5632.0
1446,07/15/24 15:50:00,69.278,992.0
1447,07/15/24 16:00:00,69.107,960.0
1448,07/15/24 16:10:00,70.137,3584.0
1449,07/15/24 16:20:00,70.137,5632.0
1450,07/15/24 16:30:00,70.651,1536.0
1451,07/15/24 16:40:00,70.480,2688.0
1452,07/15/24 16:50:00,70.308,6144.0
1453,07/15/24 17:00:00,70.137,3584.0
1454,07/15/24 17:10:00,69.964,1536.0
1455,07/15/24 17:20:00,70.137,2176.0
1456,07/15/24 17:30:00,70.137,1024.0
1457,07/15/24 17:40:00,69.964,1600.0
1458,07/15/24 17:50:00,69.964,672.0
1459,07/15/24 18:00:00,69.964,864.0
1460,07/15/24 18:10:00,69.793,1920.0
1461,07/15/24 18:20:00,69.793,1536.0
1462,07/15/24 18:30:00,69.622,512.0
1463,07/15/24 18:40:00,69.449,864.0
1464,07/15/24 18:50:00,69.449,416.0
1465,07/15/24 19:00:00,69.107,416.0
1466,07/15/24 19:10:00,68.934,400.0
1467,07/15/24 19:20:00,68.763,496.0
1468,07/15/24 19:30:00,68.763,384.0
1469,07/15/24 19:40:00,68.934,304.0
1470,07/15/24 19:50:00,68.763,272.0
1471,07/15/24 20:00:00,68.592,216.0
1472,07/15/24 20:10:00,68.592,200.0
1473,07/15/24 20:20:00,68.592,128.0
1474,07/15/24 20:30:00,68.421,94.0
1475,07/15/24 20:40:00,68.248,63.0
1476,07/15/24 20:50:00,68.248,37.0
1477,07/15/24 21:00:00,68.077,17.0
1478,07/15/24 21:10:00,68.077,6.0
1479,07/15/24 21:20:00,68.077,1.0
1480,07/15/24 21:30:00,67.906,0.0
1481,07/15/24 21:40:00,67.906,0.0
1482,07/15/24 21:50:00,67.906,0.0
1483,07/15/24 22:00:00,67.906,0.0
1484,07/15/24 22:10:00,67.906,0.0
1485,07/15/24 22:20:00,67.906,0.0
1486,07/15/24 22:30:00,67.906,0.0
1487,07/15/24 22:40:00,67.906,0.0
1488,07/15/24 22:50:00,67.906,0.0
1489,07/15/24 23:00:00,67.906,0.0
1490,07/15/24 23:10:00,67.735,0.0
1491,07/15/24 23:20:00,67.735,0.0
1492,07/15/24 23:30:00,67.735,0.0
1493,07/15/24 23:40:00,67.735,0.0
1494,07/15/24 23:50:00,67.735,0.0
1495,07/16/24 00:00:00,67.735,0.0
1496,07/16/24 00:10:00,67.735,0.0
1497,07/16/24 00:20:00,67.735,0.0
1498,07/16/24 00:30:00,67.735,0.0
1499,07/16/24 00:40:00,67.735,0.0
1500,07/16/24 00:50:00,67.564,0.0
1501,07/16/24 01:00:00,67.564,0.0
1502,07/16/24 01:10:00,67.564,0.0
1503,07/16/24 01:20:00,67.564,0.0
1504,07/16/24 01:30:00,67.564,0.0
1505,07/16/24 01:40:00,67.564,0.0
1506,07/16/24 01:50:00,67.564,0.0
1507,07/16/24 02:00:00,67.564,0.0
1508,07/16/24 02:10:00,67.564,0.0
1509,07/16/24 02:20:00,67.564,0.0
1510,07/16/24 02:30:00,67.564,0.0
1511,07/16/24 02:40:00,67.564,0.0
1512,07/16/24 02:50:00,67.564,0.0
1513,07/16/24 03:00:00,67.564,0.0
1514,07/16/24 03:10:00,67.564,0.0
1515,07/16/24 03:20:00,67.564,0.0
1516,07/16/24 03:30:00,67.564,0.0
1517,07/16/24 03:40:00,67.564,0.0
1518,07/16/24 03:50:00,67.564,0.0
1519,07/16/24 04:00:00,67.564,0.0
1520,07/16/24 04:10:00,67.564,0.0
1521,07/16/24 04:20:00,67.564,0.0
1522,07/16/24 04:30:00,67.564,0.0
1523,07/16/24 04:40:00,67.564,0.0
1524,07/16/24 04:50:00,67.564,0.0
1525,07/16/24 05:00:00,67.564,0.0
1526,07/16/24 05:10:00,67.564,0.0
1527,07/16/24 05:20:00,67.564,0.0
1528,07/16/24 05:30:00,67.564,0.0
1529,07/16/24 05:40:00,67.564,1.0
1530,07/16/24 05:50:00,67.564,5.0
1531,07/16/24 06:00:00,67.392,13.0
1532,07/16/24 06:10:00,67.564,34.0
1533,07/16/24 06:20:00,67.564,58.0
1534,07/16/24 06:30:00,67.564,89.0
1535,07/16/24 06:40:00,67.564,116.0
1536,07/16/24 06:50:00,67.564,144.0
1537,07/16/24 07:00:00,67.564,176.0
1538,07/16/24 07:10:00,67.564,248.0
1539,07/16/24 07:20:00,67.564,232.0
1540,07/16/24 07:30:00,67.564,256.0
1541,07/16/24 07:40:00,67.564,288.0
1542,07/16/24 07:50:00,67.564,336.0
1543,07/16/24 08:00:00,67.735,384.0
1544,07/16/24 08:10:00,67.735,496.0
1545,07/16/24 08:20:00,67.735,464.0
1546,07/16/24 08:30:00,67.906,512.0
1547,07/16/24 08:40:00,67.906,896.0
1548,07/16/24 08:50:00,68.077,1216.0
1549,07/16/24 09:00:00,68.077,704.0
1550,07/16/24 09:10:00,68.248,1280.0
1551,07/16/24 09:20:00,68.421,1344.0
1552,07/16/24 09:30:00,68.248,800.0
1553,07/16/24 09:40:00,68.421,1280.0
1554,07/16/24 09:50:00,68.421,1280.0
1555,07/16/24 10:00:00,68.421,896.0
1556,07/16/24 10:10:00,68.592,1344.0
1557,07/16/24 10:20:00,68.934,1408.0
1558,07/16/24 10:30:00,69.278,2304.0
1559,07/16/24 10:40:00,69.449,2816.0
1560,07/16/24 10:50:00,69.622,1792.0
1561,07/16/24 11:00:00,69.793,2944.0
1562,07/16/24 11:10:00,69.622,1728.0
1563,07/16/24 11:20:00,69.793,6144.0
1564,07/16/24 11:30:00,69.964,4352.0
1565,07/16/24 11:40:00,70.137,2944.0
1566,07/16/24 11:50:00,70.137,1600.0
1567,07/16/24 12:00:00,70.308,1984.0
1568,07/16/24 12:10:00,70.308,5632.0
1569,07/16/24 12:20:00,70.308,3456.0
1570,07/16/24 12:30:00,70.651,8704.0
1571,07/16/24 12:40:00,70.651,8192.0
1572,07/16/24 12:50:00,70.308,6144.0
1573,07/16/24 13:00:00,70.651,5120.0
1574,07/16/24 13:10:00,70.651,7680.0
1575,07/16/24 13:20:00,70.651,3968.0
1576,07/16/24 13:30:00,70.995,2432.0
1577,07/16/24 13:40:00,70.480,1344.0
1578,07/16/24 13:50:00,69.964,3456.0
1579,07/16/24 14:00:00,71.512,2944.0
1580,07/16/24 14:10:00,69.793,608.0
1581,07/16/24 14:20:00,69.622,768.0
1582,07/16/24 14:30:00,69.793,3072.0
1583,07/16/24 14:40:00,70.995,2048.0
1584,07/16/24 14:50:00,71.339,3328.0
1585,07/16/24 15:00:00,71.168,2688.0
1586,07/16/24 15:10:00,70.651,1856.0
1587,07/16/24 15:20:00,71.339,2432.0
1588,07/16/24 15:30:00,70.137,1024.0
1589,07/16/24 15:40:00,70.137,1920.0
1590,07/16/24 15:50:00,70.651,1280.0
1591,07/16/24 16:00:00,70.137,2048.0
1592,07/16/24 16:10:00,69.964,1152.0
1593,07/16/24 16:20:00,69.622,896.0
1594,07/16/24 16:30:00,69.622,1152.0
1595,07/16/24 16:40:00,69.622,608.0
1596,07/16/24 16:50:00,69.449,512.0
1597,07/16/24 17:00:00,69.622,608.0
1598,07/16/24 17:10:00,69.449,768.0
1599,07/16/24 17:20:00,69.278,512.0
1600,07/16/24 17:30:00,69.107,512.0
1601,07/16/24 17:40:00,68.763,336.0
1602,07/16/24 17:50:00,68.421,144.0
1603,07/16/24 18:00:00,68.421,107.0
1604,07/16/24 18:10:00,68.421,168.0
1605,07/16/24 18:20:00,68.592,152.0
1606,07/16/24 18:30:00,68.592,272.0
1607,07/16/24 18:40:00,68.592,240.0
1608,07/16/24 18:50:00,68.421,448.0
1609,07/16/24 19:00:00,68.763,1408.0
1610,07/16/24 19:10:00,68.592,768.0
1611,07/16/24 19:20:00,68.421,896.0
1612,07/16/24 19:30:00,68.077,448.0
1613,07/16/24 19:40:00,67.906,288.0
1614,07/16/24 19:50:00,67.735,232.0
1615,07/16/24 20:00:00,67.735,192.0
1616,07/16/24 20:10:00,67.735,152.0
1617,07/16/24 20:20:00,67.564,144.0
1618,07/16/24 20:30:00,67.564,77.0
1619,07/16/24 20:40:00,67.392,47.0
1620,07/16/24 20:50:00,67.564,24.0
1621,07/16/24 21:00:00,67.564,12.0
1622,07/16/24 21:10:00,67.564,5.0
1623,07/16/24 21:20:00,67.735,1.0
1624,07/16/24 21:30:00,67.735,0.0
1625,07/16/24 21:40:00,67.735,0.0
1626,07/16/24 21:50:00,67.735,0.0
1627,07/16/24 22:00:00,67.735,0.0
1628,07/16/24 22:10:00,67.735,0.0
1629,07/16/24 22:20:00,67.735,0.0
1630,07/16/24 22:30:00,67.735,0.0
1631,07/16/24 22:40:00,67.735,0.0
1632,07/16/24 22:50:00,67.735,0.0
1633,07/16/24 23:00:00,67.735,0.0
1634,07/16/24 23:10:00,67.735,0.0
1635,07/16/24 23:20:00,67.735,0.0
1636,07/16/24 23:30:00,67.735,0.0
1637,07/16/24 23:40:00,67.735,0.0
1638,07/16/24 23:50:00,67.735,0.0
1639,07/17/24 00:00:00,67.735,0.0
1640,07/17/24 00:10:00,67.735,0.0
1641,07/17/24 00:20:00,67.735,0.0
1642,07/17/24 00:30:00,67.735,0.0
1643,07/17/24 00:40:00,67.564,0.0
1644,07/17/24 00:50:00,67.564,0.0
1645,07/17/24 01:00:00,67.564,0.0
1646,07/17/24 01:10:00,67.564,0.0
1647,07/17/24 01:20:00,67.564,0.0
1648,07/17/24 01:30:00,67.564,0.0
1649,07/17/24 01:40:00,67.564,0.0
1650,07/17/24 01:50:00,67.392,0.0
1651,07/17/24 02:00:00,67.392,0.0
1652,07/17/24 02:10:00,67.392,0.0
1653,07/17/24 02:20:00,67.392,0.0
1654,07/17/24 02:30:00,67.392,0.0
1655,07/17/24 02:40:00,67.221,0.0
1656,07/17/24 02:50:00,67.392,0.0
1657,07/17/24 03:00:00,67.221,0.0
1658,07/17/24 03:10:00,67.221,0.0
1659,07/17/24 03:20:00,67.221,0.0
1660,07/17/24 03:30:00,67.221,0.0
1661,07/17/24 03:40:00,67.221,0.0
1662,07/17/24 03:50:00,67.221,0.0
1663,07/17/24 04:00:00,67.050,0.0
1664,07/17/24 04:10:00,67.050,0.0
1665,07/17/24 04:20:00,67.050,0.0
1666,07/17/24 04:30:00,67.050,0.0
1667,07/17/24 04:40:00,67.050,0.0
1668,07/17/24 04:50:00,67.050,0.0
1669,07/17/24 05:00:00,66.879,0.0
1670,07/17/24 05:10:00,66.879,0.0
1671,07/17/24 05:20:00,66.879,0.0
1672,07/17/24 05:30:00,66.879,0.0
1673,07/17/24 05:40:00,66.879,0.0
1674,07/17/24 05:50:00,66.879,4.0
1675,07/17/24 06:00:00,66.879,14.0
1676,07/17/24 06:10:00,66.708,36.0
1677,07/17/24 06:20:00,66.879,66.0
1678,07/17/24 06:30:00,66.879,94.0
1679,07/17/24 06:40:00,66.879,144.0
1680,07/17/24 06:50:00,66.879,240.0
1681,07/17/24 07:00:00,66.879,240.0
1682,07/17/24 07:10:00,66.879,256.0
1683,07/17/24 07:20:00,66.879,496.0
1684,07/17/24 07:30:00,67.050,320.0
1685,07/17/24 07:40:00,67.050,320.0
1686,07/17/24 07:50:00,67.221,400.0
1687,07/17/24 08:00:00,67.221,576.0
1688,07/17/24 08:10:00,67.392,496.0
1689,07/17/24 08:20:00,67.564,800.0
1690,07/17/24 08:30:00,67.735,576.0
1691,07/17/24 08:40:00,67.735,864.0
1692,07/17/24 08:50:00,67.906,1536.0
1693,07/17/24 09:00:00,67.906,3328.0
1694,07/17/24 09:10:00,68.077,1024.0
1695,07/17/24 09:20:00,68.248,1088.0
1696,07/17/24 09:30:00,68.421,1152.0
1697,07/17/24 09:40:00,68.592,1728.0
1698,07/17/24 09:50:00,68.763,1920.0
1699,07/17/24 10:00:00,68.763,2304.0
1700,07/17/24 10:10:00,68.934,2944.0
1701,07/17/24 10:20:00,69.107,3456.0
1702,07/17/24 10:30:00,69.107,6144.0
1703,07/17/24 10:40:00,69.278,3968.0
1704,07/17/24 10:50:00,69.449,2432.0
1705,07/17/24 11:00:00,68.934,4608.0
1706,07/17/24 11:10:00,69.107,9216.0
1707,07/17/24 11:20:00,69.449,2816.0
1708,07/17/24 11:30:00,69.622,6400.0
1709,07/17/24 11:40:00,69.622,5376.0
1710,07/17/24 11:50:00,69.622,3968.0
1711,07/17/24 12:00:00,69.793,3840.0
1712,07/17/24 12:10:00,69.793,8704.0
1713,07/17/24 12:20:00,69.793,4864.0
1714,07/17/24 12:30:00,69.793,3968.0
1715,07/17/24 12:40:00,69.793,7680.0
1716,07/17/24 12:50:00,69.793,12800.0
1717,07/17/24 13:00:00,69.964,2688.0
1718,07/17/24 13:10:00,70.137,5888.0
1719,07/17/24 13:20:00,70.137,2432.0
1720,07/17/24 13:30:00,70.308,4608.0
1721,07/17/24 13:40:00,69.278,2048.0
1722,07/17/24 13:50:00,67.906,480.0
1723,07/17/24 14:00:00,67.735,480.0
1724,07/17/24 14:10:00,68.421,672.0
1725,07/17/24 14:20:00,68.763,2176.0
1726,07/17/24 14:30:00,69.278,1920.0
1727,07/17/24 14:40:00,68.592,1536.0
1728,07/17/24 14:50:00,70.308,4864.0
1729,07/17/24 15:00:00,70.308,3072.0
1730,07/17/24 15:10:00,70.137,5376.0
1731,07/17/24 15:20:00,70.308,2688.0
1732,07/17/24 15:30:00,70.480,3072.0
1733,07/17/24 15:40:00,70.480,3072.0
1734,07/17/24 15:50:00,70.480,3328.0
1735,07/17/24 16:00:00,70.137,2816.0
1736,07/17/24 16:10:00,70.137,2816.0
1737,07/17/24 16:20:00,69.964,5120.0
1738,07/17/24 16:30:00,69.964,1536.0
1739,07/17/24 16:40:00,70.308,864.0
1740,07/17/24 16:50:00,70.308,1664.0
1741,07/17/24 17:00:00,70.308,1024.0
1742,07/17/24 17:10:00,70.137,1024.0
1743,07/17/24 17:20:00,69.964,1472.0
1744,07/17/24 17:30:00,69.964,960.0
1745,07/17/24 17:40:00,69.793,672.0
1746,07/17/24 17:50:00,69.793,1344.0
1747,07/17/24 18:00:00,69.964,672.0
1748,07/17/24 18:10:00,69.793,672.0
1749,07/17/24 18:20:00,69.793,704.0
1750,07/17/24 18:30:00,69.449,352.0
1751,07/17/24 18:40:00,69.449,288.0
1752,07/17/24 18:50:00,69.278,304.0
1753,07/17/24 19:00:00,68.934,256.0
1754,07/17/24 19:10:00,68.421,352.0
1755,07/17/24 19:20:00,68.248,432.0
1756,07/17/24 19:30:00,68.077,352.0
1757,07/17/24 19:40:00,67.906,232.0
1758,07/17/24 19:50:00,67.735,272.0
1759,07/17/24 20:00:00,67.735,216.0
1760,07/17/24 20:10:00,67.564,144.0
1761,07/17/24 20:20:00,67.564,111.0
1762,07/17/24 20:30:00,67.564,73.0
1763,07/17/24 20:40:00,67.564,32.0
1764,07/17/24 20:50:00,67.392,19.0
1765,07/17/24 21:00:00,67.392,9.0
1766,07/17/24 21:10:00,67.392,3.0
1767,07/17/24 21:20:00,67.392,0.0
1768,07/17/24 21:30:00,67.392,0.0
1769,07/17/24 21:40:00,67.392,0.0
1770,07/17/24 21:50:00,67.392,0.0
1771,07/17/24 22:00:00,67.392,0.0
1772,07/17/24 22:10:00,67.392,0.0
1773,07/17/24 22:20:00,67.392,0.0
1774,07/17/24 22:30:00,67.564,0.0
1775,07/17/24 22:40:00,67.564,0.0
1776,07/17/24 22:50:00,67.735,0.0
1777,07/17/24 23:00:00,67.735,0.0
1778,07/17/24 23:10:00,67.906,0.0
1779,07/17/24 23:20:00,68.077,0.0
1780,07/17/24 23:30:00,67.906,0.0
1781,07/17/24 23:40:00,67.906,0.0
1782,07/17/24 23:50:00,68.077,0.0
1783,07/18/24 00:00:00,67.906,0.0
1784,07/18/24 00:10:00,67.735,0.0
1785,07/18/24 00:20:00,67.735,0.0
1786,07/18/24 00:30:00,67.564,0.0
1787,07/18/24 00:40:00,67.564,0.0
1788,07/18/24 00:50:00,67.564,0.0
1789,07/18/24 01:00:00,67.564,0.0
1790,07/18/24 01:10:00,67.392,0.0
1791,07/18/24 01:20:00,67.221,0.0
1792,07/18/24 01:30:00,67.221,0.0
1793,07/18/24 01:40:00,67.221,0.0
1794,07/18/24 01:50:00,67.221,0.0
1795,07/18/24 02:00:00,67.221,0.0
1796,07/18/24 02:10:00,67.221,0.0
1797,07/18/24 02:20:00,67.221,0.0
1798,07/18/24 02:30:00,67.050,0.0
1799,07/18/24 02:40:00,67.050,0.0
1800,07/18/24 02:50:00,67.050,0.0
1801,07/18/24 03:00:00,67.050,0.0
1802,07/18/24 03:10:00,67.050,0.0
1803,07/18/24 03:20:00,67.050,0.0
1804,07/18/24 03:30:00,67.050,0.0
1805,07/18/24 03:40:00,67.050,0.0
1806,07/18/24 03:50:00,67.050,0.0
1807,07/18/24 04:00:00,67.050,0.0
1808,07/18/24 04:10:00,67.050,0.0
1809,07/18/24 04:20:00,67.050,0.0
1810,07/18/24 04:30:00,67.050,0.0
1811,07/18/24 04:40:00,67.050,0.0
1812,07/18/24 04:50:00,67.050,0.0
1813,07/18/24 05:00:00,66.879,0.0
1814,07/18/24 05:10:00,66.879,0.0
1815,07/18/24 05:20:00,66.879,0.0
1816,07/18/24 05:30:00,66.879,0.0
1817,07/18/24 05:40:00,66.879,1.0
1818,07/18/24 05:50:00,66.879,6.0
1819,07/18/24 06:00:00,66.879,13.0
1820,07/18/24 06:10:00,66.879,28.0
1821,07/18/24 06:20:00,66.879,70.0
1822,07/18/24 06:30:00,66.879,128.0
1823,07/18/24 06:40:00,66.879,200.0
1824,07/18/24 06:50:00,66.879,272.0
1825,07/18/24 07:00:00,67.050,256.0
1826,07/18/24 07:10:00,66.879,256.0
1827,07/18/24 07:20:00,67.050,608.0
1828,07/18/24 07:30:00,67.050,960.0
1829,07/18/24 07:40:00,67.050,512.0
1830,07/18/24 07:50:00,67.221,800.0
1831,07/18/24 08:00:00,67.221,1856.0
1832,07/18/24 08:10:00,67.392,1152.0
1833,07/18/24 08:20:00,67.392,1344.0
1834,07/18/24 08:30:00,67.564,1600.0
1835,07/18/24 08:40:00,67.735,1984.0
1836,07/18/24 08:50:00,67.735,2048.0
1837,07/18/24 09:00:00,67.735,1664.0
1838,07/18/24 09:10:00,67.906,1344.0
1839,07/18/24 09:20:00,68.077,1920.0
1840,07/18/24 09:30:00,68.248,960.0
1841,07/18/24 09:40:00,68.077,576.0
1842,07/18/24 09:50:00,68.421,992.0
1843,07/18/24 10:00:00,68.763,2432.0
1844,07/18/24 10:10:00,68.592,2944.0
1845,07/18/24 10:20:00,68.763,1728.0
1846,07/18/24 10:30:00,68.763,2176.0
1847,07/18/24 10:40:00,69.107,2176.0
1848,07/18/24 10:50:00,69.107,3072.0
1849,07/18/24 11:00:00,68.934,1984.0
1850,07/18/24 11:10:00,69.622,1856.0
1851,07/18/24 11:20:00,68.934,2176.0
1852,07/18/24 11:30:00,69.449,2816.0
1853,07/18/24 11:40:00,69.793,1728.0
1854,07/18/24 11:50:00,69.622,9728.0
1855,07/18/24 12:00:00,69.622,2304.0
1856,07/18/24 12:10:00,69.964,1408.0
1857,07/18/24 12:20:00,69.964,800.0
1858,07/18/24 12:30:00,70.137,6144.0
1859,07/18/24 12:40:00,70.480,11776.0
1860,07/18/24 12:50:00,70.308,3328.0
1861,07/18/24 13:00:00,70.651,4608.0
1862,07/18/24 13:10:00,70.137,3200.0
1863,07/18/24 13:20:00,70.308,1536.0
1864,07/18/24 13:30:00,70.308,2816.0
1865,07/18/24 13:40:00,70.480,2560.0
1866,07/18/24 13:50:00,70.480,2688.0
1867,07/18/24 14:00:00,69.793,4096.0
1868,07/18/24 14:10:00,69.964,5376.0
1869,07/18/24 14:20:00,70.651,2816.0
1870,07/18/24 14:30:00,70.308,3200.0
1871,07/18/24 14:40:00,70.137,1792.0
1872,07/18/24 14:50:00,70.137,3712.0
1873,07/18/24 15:00:00,71.683,4096.0
1874,07/18/24 15:10:00,71.683,6400.0
1875,07/18/24 15:20:00,70.824,1088.0
1876,07/18/24 15:30:00,71.856,4096.0
1877,07/18/24 15:40:00,71.683,4864.0
1878,07/18/24 15:50:00,70.480,480.0
1879,07/18/24 16:00:00,70.480,2304.0
1880,07/18/24 16:10:00,71.512,7424.0
1881,07/18/24 16:20:00,71.339,2432.0
1882,07/18/24 16:30:00,71.339,1792.0
1883,07/18/24 16:40:00,71.339,9728.0
1884,07/18/24 16:50:00,71.512,4096.0
1885,07/18/24 17:00:00,71.339,6144.0
1886,07/18/24 17:10:00,71.339,3328.0
1887,07/18/24 17:20:00,71.339,1344.0
1888,07/18/24 17:30:00,70.995,768.0
1889,07/18/24 17:40:00,70.824,1088.0
1890,07/18/24 17:50:00,70.308,3712.0
1891,07/18/24 18:00:00,70.137,1408.0
1892,07/18/24 18:10:00,69.964,1536.0
1893,07/18/24 18:20:00,69.793,2944.0
1894,07/18/24 18:30:00,70.137,480.0
1895,07/18/24 18:40:00,70.308,2432.0
1896,07/18/24 18:50:00,70.308,1152.0
1897,07/18/24 19:00:00,70.308,800.0
1898,07/18/24 19:10:00,70.137,288.0
1899,07/18/24 19:20:00,69.964,352.0
1900,07/18/24 19:30:00,69.793,480.0
1901,07/18/24 19:40:00,69.622,192.0
1902,07/18/24 19:50:00,69.449,96.0
1903,07/18/24 20:00:00,69.449,59.0
1904,07/18/24 20:10:00,69.278,29.0
1905,07/18/24 20:20:00,69.278,9.0
1906,07/18/24 20:30:00,68.592,13.0
1907,07/18/24 20:40:00,67.906,8.0
1908,07/18/24 20:50:00,67.735,5.0
1909,07/18/24 21:00:00,68.077,0.0
1910,07/18/24 21:10:00,67.906,0.0
1911,07/18/24 21:20:00,67.735,0.0
1912,07/18/24 21:30:00,67.735,0.0
1913,07/18/24 21:40:00,67.735,0.0
1914,07/18/24 21:50:00,67.564,0.0
1915,07/18/24 22:00:00,67.564,0.0
1916,07/18/24 22:10:00,67.392,0.0
1917,07/18/24 22:20:00,67.392,0.0
1918,07/18/24 22:30:00,67.392,0.0
1919,07/18/24 22:40:00,67.392,0.0
1920,07/18/24 22:50:00,67.392,0.0
1921,07/18/24 23:00:00,67.564,0.0
1922,07/18/24 23:10:00,67.735,0.0
1923,07/18/24 23:20:00,67.735,0.0
1924,07/18/24 23:30:00,67.564,0.0
1925,07/18/24 23:40:00,67.564,0.0
1926,07/18/24 23:50:00,67.564,0.0
1927,07/19/24 00:00:00,67.564,0.0
1928,07/19/24 00:10:00,67.564,0.0
1929,07/19/24 00:20:00,67.564,0.0
1930,07/19/24 00:30:00,67.564,0.0
1931,07/19/24 00:40:00,67.735,0.0
1932,07/19/24 00:50:00,67.735,0.0
1933,07/19/24 01:00:00,67.735,0.0
1934,07/19/24 01:10:00,67.735,0.0
1935,07/19/24 01:20:00,67.564,0.0
1936,07/19/24 01:30:00,67.564,0.0
1937,07/19/24 01:40:00,67.564,0.0
1938,07/19/24 01:50:00,67.564,0.0
1939,07/19/24 02:00:00,67.564,0.0
1940,07/19/24 02:10:00,67.564,0.0
1941,07/19/24 02:20:00,67.564,0.0
1942,07/19/24 02:30:00,67.564,0.0
1943,07/19/24 02:40:00,67.564,0.0
1944,07/19/24 02:50:00,67.735,0.0
1945,07/19/24 03:00:00,67.735,0.0
1946,07/19/24 03:10:00,67.735,0.0
1947,07/19/24 03:20:00,67.564,0.0
1948,07/19/24 03:30:00,67.564,0.0
1949,07/19/24 03:40:00,67.564,0.0
1950,07/19/24 03:50:00,67.564,0.0
1951,07/19/24 04:00:00,67.564,0.0
1952,07/19/24 04:10:00,67.392,0.0
1953,07/19/24 04:20:00,67.392,0.0
1954,07/19/24 04:30:00,67.392,0.0
1955,07/19/24 04:40:00,67.392,0.0
1956,07/19/24 04:50:00,67.221,0.0
1957,07/19/24 05:00:00,67.392,0.0
1958,07/19/24 05:10:00,67.392,0.0
1959,07/19/24 05:20:00,67.564,0.0
1960,07/19/24 05:30:00,67.564,0.0
1961,07/19/24 05:40:00,67.564,0.0
1962,07/19/24 05:50:00,67.564,4.0
1963,07/19/24 06:00:00,67.564,17.0
1964,07/19/24 06:10:00,67.564,36.0
1965,07/19/24 06:20:00,67.564,87.0
1966,07/19/24 06:30:00,67.564,99.0
1967,07/19/24 06:40:00,67.564,216.0
1968,07/19/24 06:50:00,67.564,152.0
1969,07/19/24 07:00:00,67.564,320.0
1970,07/19/24 07:10:00,67.735,200.0
1971,07/19/24 07:20:00,67.735,288.0
1972,07/19/24 07:30:00,67.735,608.0
1973,07/19/24 07:40:00,67.906,1088.0
1974,07/19/24 07:50:00,67.906,1408.0
1975,07/19/24 08:00:00,68.077,864.0
1976,07/19/24 08:10:00,68.077,1024.0
1977,07/19/24 08:20:00,67.906,480.0
1978,07/19/24 08:30:00,68.077,416.0
1979,07/19/24 08:40:00,68.077,1344.0
1980,07/19/24 08:50:00,68.077,1728.0
1981,07/19/24 09:00:00,68.421,3840.0
1982,07/19/24 09:10:00,68.763,2048.0
1983,07/19/24 09:20:00,68.934,2048.0
1984,07/19/24 09:30:00,68.934,2432.0
1985,07/19/24 09:40:00,68.934,3456.0
1986,07/19/24 09:50:00,69.107,704.0
1987,07/19/24 10:00:00,68.934,2432.0
1988,07/19/24 10:10:00,69.622,1344.0
1989,07/19/24 10:20:00,69.107,960.0
1990,07/19/24 10:30:00,69.107,1152.0
1991,07/19/24 10:40:00,69.278,1280.0
1992,07/19/24 10:50:00,69.622,1472.0
1993,07/19/24 11:00:00,69.622,3584.0
1994,07/19/24 11:10:00,69.793,1024.0
1995,07/19/24 11:20:00,69.964,1856.0
1996,07/19/24 11:30:00,69.964,2432.0
1997,07/19/24 11:40:00,70.137,2688.0
1998,07/19/24 11:50:00,70.137,6144.0
1999,07/19/24 12:00:00,70.137,3072.0
2000,07/19/24 12:10:00,70.308,3584.0
2001,07/19/24 12:20:00,70.308,2688.0
2002,07/19/24 12:30:00,70.308,5632.0
2003,07/19/24 12:40:00,70.995,1536.0
2004,07/19/24 12:50:00,70.651,3840.0
2005,07/19/24 13:00:00,70.480,1920.0
2006,07/19/24 13:10:00,71.856,11264.0
