"#","Date Time, GMT-06:00","Temp, °F (LGR S/N: 22008789, SEN S/N: 22008789)","Intensity, lum/ft² (LGR S/N: 22008789, SEN S/N: 22008789)","Coupler Attached (LGR S/N: 22008789)","Host Connected (LGR S/N: 22008789)","Stopped (LGR S/N: 22008789)","End Of File (LGR S/N: 22008789)"
1,09/13/24 11:50:00,62.940,2944.0,,,,
2,09/13/24 12:00:00,62.940,5120.0,,,,
3,09/13/24 12:10:00,62.769,2944.0,,,,
4,09/13/24 12:20:00,62.940,7424.0,,,,
5,09/13/24 12:30:00,63.111,1152.0,,,,
6,09/13/24 12:40:00,63.282,800.0,,,,
7,09/13/24 12:50:00,63.282,896.0,,,,
8,09/13/24 13:00:00,63.455,896.0,,,,
9,09/13/24 13:10:00,63.282,896.0,,,,
10,09/13/24 13:20:00,63.282,480.0,,,,
11,09/13/24 13:30:00,63.968,1152.0,,,,
12,09/13/24 13:40:00,63.797,1408.0,,,,
13,09/13/24 13:50:00,64.139,3200.0,,,,
14,09/13/24 14:00:00,64.310,3712.0,,,,
15,09/13/24 14:10:00,64.310,3072.0,,,,
16,09/13/24 14:20:00,63.968,704.0,,,,
17,09/13/24 14:30:00,64.139,1920.0,,,,
18,09/13/24 14:40:00,63.968,960.0,,,,
19,09/13/24 14:50:00,63.626,512.0,,,,
20,09/13/24 15:00:00,63.455,1216.0,,,,
21,09/13/24 15:10:00,63.455,512.0,,,,
22,09/13/24 15:20:00,63.455,448.0,,,,
23,09/13/24 15:30:00,63.797,800.0,,,,
24,09/13/24 15:40:00,63.797,496.0,,,,
25,09/13/24 15:50:00,63.626,400.0,,,,
26,09/13/24 16:00:00,63.797,480.0,,,,
27,09/13/24 16:10:00,63.111,240.0,,,,
28,09/13/24 16:20:00,63.455,272.0,,,,
29,09/13/24 16:30:00,62.940,256.0,,,,
30,09/13/24 16:40:00,62.769,208.0,,,,
31,09/13/24 16:50:00,63.111,352.0,,,,
32,09/13/24 17:00:00,62.940,232.0,,,,
33,09/13/24 17:10:00,62.940,272.0,,,,
34,09/13/24 17:20:00,62.769,272.0,,,,
35,09/13/24 17:30:00,62.940,432.0,,,,
36,09/13/24 17:40:00,62.769,288.0,,,,
37,09/13/24 17:50:00,62.425,240.0,,,,
38,09/13/24 18:00:00,62.425,208.0,,,,
39,09/13/24 18:10:00,62.425,224.0,,,,
40,09/13/24 18:20:00,62.083,224.0,,,,
41,09/13/24 18:30:00,61.741,106.0,,,,
42,09/13/24 18:40:00,61.741,93.0,,,,
43,09/13/24 18:50:00,61.569,88.0,,,,
44,09/13/24 19:00:00,61.569,67.0,,,,
45,09/13/24 19:10:00,61.569,48.0,,,,
46,09/13/24 19:20:00,61.398,36.0,,,,
47,09/13/24 19:30:00,61.398,18.0,,,,
48,09/13/24 19:40:00,61.398,4.0,,,,
49,09/13/24 19:50:00,61.398,0.0,,,,
50,09/13/24 20:00:00,61.398,0.0,,,,
51,09/13/24 20:10:00,61.398,0.0,,,,
52,09/13/24 20:20:00,61.398,0.0,,,,
53,09/13/24 20:30:00,61.398,0.0,,,,
54,09/13/24 20:40:00,61.398,0.0,,,,
55,09/13/24 20:50:00,61.398,0.0,,,,
56,09/13/24 21:00:00,61.398,0.0,,,,
57,09/13/24 21:10:00,61.398,0.0,,,,
58,09/13/24 21:20:00,61.398,0.0,,,,
59,09/13/24 21:30:00,61.398,0.0,,,,
60,09/13/24 21:40:00,61.398,0.0,,,,
61,09/13/24 21:50:00,61.398,0.0,,,,
62,09/13/24 22:00:00,61.398,0.0,,,,
63,09/13/24 22:10:00,61.398,0.0,,,,
64,09/13/24 22:20:00,61.398,0.0,,,,
65,09/13/24 22:30:00,61.398,0.0,,,,
66,09/13/24 22:40:00,61.398,0.0,,,,
67,09/13/24 22:50:00,61.398,0.0,,,,
68,09/13/24 23:00:00,61.398,0.0,,,,
69,09/13/24 23:10:00,61.398,0.0,,,,
70,09/13/24 23:20:00,61.398,0.0,,,,
71,09/13/24 23:30:00,61.398,0.0,,,,
72,09/13/24 23:40:00,61.398,0.0,,,,
73,09/13/24 23:50:00,61.398,0.0,,,,
74,09/14/24 00:00:00,61.398,0.0,,,,
75,09/14/24 00:10:00,61.227,0.0,,,,
76,09/14/24 00:20:00,61.227,0.0,,,,
77,09/14/24 00:30:00,61.227,0.0,,,,
78,09/14/24 00:40:00,61.227,0.0,,,,
79,09/14/24 00:50:00,61.227,0.0,,,,
80,09/14/24 01:00:00,61.227,0.0,,,,
81,09/14/24 01:10:00,61.227,0.0,,,,
82,09/14/24 01:20:00,61.227,0.0,,,,
83,09/14/24 01:30:00,61.227,0.0,,,,
84,09/14/24 01:40:00,61.054,0.0,,,,
85,09/14/24 01:50:00,61.054,0.0,,,,
86,09/14/24 02:00:00,61.054,0.0,,,,
87,09/14/24 02:10:00,61.054,0.0,,,,
88,09/14/24 02:20:00,61.054,0.0,,,,
89,09/14/24 02:30:00,61.054,0.0,,,,
90,09/14/24 02:40:00,61.054,0.0,,,,
91,09/14/24 02:50:00,61.054,0.0,,,,
92,09/14/24 03:00:00,61.054,0.0,,,,
93,09/14/24 03:10:00,61.054,0.0,,,,
94,09/14/24 03:20:00,61.054,0.0,,,,
95,09/14/24 03:30:00,60.883,0.0,,,,
96,09/14/24 03:40:00,61.054,0.0,,,,
97,09/14/24 03:50:00,61.054,0.0,,,,
98,09/14/24 04:00:00,61.054,0.0,,,,
99,09/14/24 04:10:00,61.054,0.0,,,,
100,09/14/24 04:20:00,61.054,0.0,,,,
101,09/14/24 04:30:00,60.883,0.0,,,,
102,09/14/24 04:40:00,60.883,0.0,,,,
103,09/14/24 04:50:00,60.883,0.0,,,,
104,09/14/24 05:00:00,60.883,0.0,,,,
105,09/14/24 05:10:00,60.883,0.0,,,,
106,09/14/24 05:20:00,60.883,0.0,,,,
107,09/14/24 05:30:00,60.883,0.0,,,,
108,09/14/24 05:40:00,60.883,0.0,,,,
109,09/14/24 05:50:00,60.883,0.0,,,,
110,09/14/24 06:00:00,60.883,0.0,,,,
111,09/14/24 06:10:00,60.883,0.0,,,,
112,09/14/24 06:20:00,60.883,0.0,,,,
113,09/14/24 06:30:00,60.883,0.0,,,,
114,09/14/24 06:40:00,60.883,0.0,,,,
115,09/14/24 06:50:00,60.883,1.0,,,,
116,09/14/24 07:00:00,60.883,7.0,,,,
117,09/14/24 07:10:00,60.883,23.0,,,,
118,09/14/24 07:20:00,60.883,48.0,,,,
119,09/14/24 07:30:00,60.883,73.0,,,,
120,09/14/24 07:40:00,60.883,99.0,,,,
121,09/14/24 07:50:00,61.054,168.0,,,,
122,09/14/24 08:00:00,61.054,224.0,,,,
123,09/14/24 08:10:00,61.054,216.0,,,,
124,09/14/24 08:20:00,61.054,200.0,,,,
125,09/14/24 08:30:00,61.054,216.0,,,,
126,09/14/24 08:40:00,61.054,208.0,,,,
127,09/14/24 08:50:00,61.054,216.0,,,,
128,09/14/24 09:00:00,61.227,216.0,,,,
129,09/14/24 09:10:00,61.398,304.0,,,,
130,09/14/24 09:20:00,61.227,232.0,,,,
131,09/14/24 09:30:00,61.398,480.0,,,,
132,09/14/24 09:40:00,61.569,232.0,,,,
133,09/14/24 09:50:00,61.398,480.0,,,,
134,09/14/24 10:00:00,61.569,576.0,,,,
135,09/14/24 10:10:00,61.569,800.0,,,,
136,09/14/24 10:20:00,61.741,1152.0,,,,
137,09/14/24 10:30:00,62.425,2560.0,,,,
138,09/14/24 10:40:00,62.598,2688.0,,,,
139,09/14/24 10:50:00,62.254,1728.0,,,,
140,09/14/24 11:00:00,62.254,2304.0,,,,
141,09/14/24 11:10:00,62.598,2432.0,,,,
142,09/14/24 11:20:00,61.741,800.0,,,,
143,09/14/24 11:30:00,61.398,704.0,,,,
144,09/14/24 11:40:00,61.398,608.0,,,,
145,09/14/24 11:50:00,61.569,768.0,,,,
146,09/14/24 12:00:00,61.398,672.0,,,,
147,09/14/24 12:10:00,61.227,672.0,,,,
148,09/14/24 12:20:00,61.227,864.0,,,,
149,09/14/24 12:30:00,61.398,1088.0,,,,
150,09/14/24 12:40:00,61.398,1024.0,,,,
151,09/14/24 12:50:00,61.741,1536.0,,,,
152,09/14/24 13:00:00,62.083,864.0,,,,
153,09/14/24 13:10:00,62.598,2176.0,,,,
154,09/14/24 13:20:00,62.598,1664.0,,,,
155,09/14/24 13:30:00,62.598,1792.0,,,,
156,09/14/24 13:40:00,62.769,2432.0,,,,
157,09/14/24 13:50:00,62.425,5120.0,,,,
158,09/14/24 14:00:00,62.769,2560.0,,,,
159,09/14/24 14:10:00,62.598,608.0,,,,
160,09/14/24 14:20:00,62.254,608.0,,,,
161,09/14/24 14:30:00,62.425,512.0,,,,
162,09/14/24 14:40:00,62.254,352.0,,,,
163,09/14/24 14:50:00,62.425,576.0,,,,
164,09/14/24 15:00:00,62.254,368.0,,,,
165,09/14/24 15:10:00,62.598,384.0,,,,
166,09/14/24 15:20:00,62.769,576.0,,,,
167,09/14/24 15:30:00,62.769,704.0,,,,
168,09/14/24 15:40:00,62.769,464.0,,,,
169,09/14/24 15:50:00,62.769,432.0,,,,
170,09/14/24 16:00:00,62.598,496.0,,,,
171,09/14/24 16:10:00,62.940,896.0,,,,
172,09/14/24 16:20:00,62.940,1280.0,,,,
173,09/14/24 16:30:00,62.769,672.0,,,,
174,09/14/24 16:40:00,62.425,352.0,,,,
175,09/14/24 16:50:00,62.598,448.0,,,,
176,09/14/24 17:00:00,62.769,992.0,,,,
177,09/14/24 17:10:00,62.598,704.0,,,,
178,09/14/24 17:20:00,62.425,400.0,,,,
179,09/14/24 17:30:00,62.425,1472.0,,,,
180,09/14/24 17:40:00,62.254,288.0,,,,
181,09/14/24 17:50:00,62.083,192.0,,,,
182,09/14/24 18:00:00,62.083,152.0,,,,
183,09/14/24 18:10:00,62.083,400.0,,,,
184,09/14/24 18:20:00,61.741,136.0,,,,
185,09/14/24 18:30:00,61.569,90.0,,,,
186,09/14/24 18:40:00,61.398,87.0,,,,
187,09/14/24 18:50:00,61.398,68.0,,,,
188,09/14/24 19:00:00,61.398,59.0,,,,
189,09/14/24 19:10:00,61.398,41.0,,,,
190,09/14/24 19:20:00,61.398,24.0,,,,
191,09/14/24 19:30:00,61.227,12.0,,,,
192,09/14/24 19:40:00,61.227,3.0,,,,
193,09/14/24 19:50:00,61.227,0.0,,,,
194,09/14/24 20:00:00,61.054,0.0,,,,
195,09/14/24 20:10:00,61.054,0.0,,,,
196,09/14/24 20:20:00,61.054,0.0,,,,
197,09/14/24 20:30:00,61.054,0.0,,,,
198,09/14/24 20:40:00,61.054,0.0,,,,
199,09/14/24 20:50:00,61.054,0.0,,,,
200,09/14/24 21:00:00,61.054,0.0,,,,
201,09/14/24 21:10:00,61.054,0.0,,,,
202,09/14/24 21:20:00,60.883,0.0,,,,
203,09/14/24 21:30:00,61.054,0.0,,,,
204,09/14/24 21:40:00,60.883,0.0,,,,
205,09/14/24 21:50:00,60.883,0.0,,,,
206,09/14/24 22:00:00,60.883,0.0,,,,
207,09/14/24 22:10:00,60.883,0.0,,,,
208,09/14/24 22:20:00,60.883,0.0,,,,
209,09/14/24 22:30:00,60.883,0.0,,,,
210,09/14/24 22:40:00,60.883,0.0,,,,
211,09/14/24 22:50:00,60.883,0.0,,,,
212,09/14/24 23:00:00,60.883,0.0,,,,
213,09/14/24 23:10:00,60.883,0.0,,,,
214,09/14/24 23:20:00,60.883,0.0,,,,
215,09/14/24 23:30:00,60.712,0.0,,,,
216,09/14/24 23:40:00,60.712,0.0,,,,
217,09/14/24 23:50:00,60.712,0.0,,,,
218,09/15/24 00:00:00,60.712,0.0,,,,
219,09/15/24 00:10:00,60.712,0.0,,,,
220,09/15/24 00:20:00,60.883,0.0,,,,
221,09/15/24 00:30:00,60.883,0.0,,,,
222,09/15/24 00:40:00,60.883,0.0,,,,
223,09/15/24 00:50:00,60.712,0.0,,,,
224,09/15/24 01:00:00,60.712,0.0,,,,
225,09/15/24 01:10:00,60.712,0.0,,,,
226,09/15/24 01:20:00,60.712,0.0,,,,
227,09/15/24 01:30:00,60.712,0.0,,,,
228,09/15/24 01:40:00,60.712,0.0,,,,
229,09/15/24 01:50:00,60.712,0.0,,,,
230,09/15/24 02:00:00,60.712,0.0,,,,
231,09/15/24 02:10:00,60.712,0.0,,,,
232,09/15/24 02:20:00,60.712,0.0,,,,
233,09/15/24 02:30:00,60.712,0.0,,,,
234,09/15/24 02:40:00,60.712,0.0,,,,
235,09/15/24 02:50:00,60.712,0.0,,,,
236,09/15/24 03:00:00,60.712,0.0,,,,
237,09/15/24 03:10:00,60.712,0.0,,,,
238,09/15/24 03:20:00,60.712,0.0,,,,
239,09/15/24 03:30:00,60.712,0.0,,,,
240,09/15/24 03:40:00,60.712,0.0,,,,
241,09/15/24 03:50:00,60.712,0.0,,,,
242,09/15/24 04:00:00,60.712,0.0,,,,
243,09/15/24 04:10:00,60.712,0.0,,,,
244,09/15/24 04:20:00,60.712,0.0,,,,
245,09/15/24 04:30:00,60.712,0.0,,,,
246,09/15/24 04:40:00,60.712,0.0,,,,
247,09/15/24 04:50:00,60.712,0.0,,,,
248,09/15/24 05:00:00,60.712,0.0,,,,
249,09/15/24 05:10:00,60.712,0.0,,,,
250,09/15/24 05:20:00,60.712,0.0,,,,
251,09/15/24 05:30:00,60.712,0.0,,,,
252,09/15/24 05:40:00,60.539,0.0,,,,
253,09/15/24 05:50:00,60.539,0.0,,,,
254,09/15/24 06:00:00,60.539,0.0,,,,
255,09/15/24 06:10:00,60.539,0.0,,,,
256,09/15/24 06:20:00,60.539,0.0,,,,
257,09/15/24 06:30:00,60.539,0.0,,,,
258,09/15/24 06:40:00,60.539,0.0,,,,
259,09/15/24 06:50:00,60.539,1.0,,,,
260,09/15/24 07:00:00,60.539,6.0,,,,
261,09/15/24 07:10:00,60.539,17.0,,,,
262,09/15/24 07:20:00,60.539,24.0,,,,
263,09/15/24 07:30:00,60.539,73.0,,,,
264,09/15/24 07:40:00,60.539,76.0,,,,
265,09/15/24 07:50:00,60.539,144.0,,,,
266,09/15/24 08:00:00,60.539,256.0,,,,
267,09/15/24 08:10:00,60.712,304.0,,,,
268,09/15/24 08:20:00,60.883,288.0,,,,
269,09/15/24 08:30:00,60.883,512.0,,,,
270,09/15/24 08:40:00,60.712,336.0,,,,
271,09/15/24 08:50:00,60.712,432.0,,,,
272,09/15/24 09:00:00,60.712,400.0,,,,
273,09/15/24 09:10:00,60.712,448.0,,,,
274,09/15/24 09:20:00,60.712,480.0,,,,
275,09/15/24 09:30:00,61.054,1920.0,,,,
276,09/15/24 09:40:00,61.054,1344.0,,,,
277,09/15/24 09:50:00,61.227,1344.0,,,,
278,09/15/24 10:00:00,61.227,896.0,,,,
279,09/15/24 10:10:00,61.741,2432.0,,,,
280,09/15/24 10:20:00,61.912,1408.0,,,,
281,09/15/24 10:30:00,61.912,1728.0,,,,
282,09/15/24 10:40:00,62.083,1664.0,,,,
283,09/15/24 10:50:00,62.083,2816.0,,,,
284,09/15/24 11:00:00,62.254,3072.0,,,,
285,09/15/24 11:10:00,62.254,1856.0,,,,
286,09/15/24 11:20:00,62.425,1664.0,,,,
287,09/15/24 11:30:00,62.425,2688.0,,,,
288,09/15/24 11:40:00,62.598,3584.0,,,,
289,09/15/24 11:50:00,62.598,3456.0,,,,
290,09/15/24 12:00:00,62.254,960.0,,,,
291,09/15/24 12:10:00,62.254,3456.0,,,,
292,09/15/24 12:20:00,62.598,4352.0,,,,
293,09/15/24 12:30:00,62.940,2432.0,,,,
294,09/15/24 12:40:00,63.111,5376.0,,,,
295,09/15/24 12:50:00,63.111,2048.0,,,,
296,09/15/24 13:00:00,63.111,2304.0,,,,
297,09/15/24 13:10:00,62.598,1280.0,,,,
298,09/15/24 13:20:00,62.769,2048.0,,,,
299,09/15/24 13:30:00,62.940,3200.0,,,,
300,09/15/24 13:40:00,62.425,512.0,,,,
301,09/15/24 13:50:00,62.769,992.0,,,,
302,09/15/24 14:00:00,62.940,576.0,,,,
303,09/15/24 14:10:00,62.940,2560.0,,,,
304,09/15/24 14:20:00,63.111,352.0,,,,
305,09/15/24 14:30:00,62.769,2816.0,,,,
306,09/15/24 14:40:00,62.769,2304.0,,,,
307,09/15/24 14:50:00,62.940,672.0,,,,
308,09/15/24 15:00:00,62.769,288.0,,,,
309,09/15/24 15:10:00,62.598,3840.0,,,,
310,09/15/24 15:20:00,62.940,3072.0,,,,
311,09/15/24 15:30:00,62.940,1408.0,,,,
312,09/15/24 15:40:00,62.598,576.0,,,,
313,09/15/24 15:50:00,62.598,3968.0,,,,
314,09/15/24 16:00:00,62.598,2816.0,,,,
315,09/15/24 16:10:00,62.598,2560.0,,,,
316,09/15/24 16:20:00,62.425,1152.0,,,,
317,09/15/24 16:30:00,61.912,960.0,,,,
318,09/15/24 16:40:00,61.398,200.0,,,,
319,09/15/24 16:50:00,61.569,97.0,,,,
320,09/15/24 17:00:00,61.398,240.0,,,,
321,09/15/24 17:10:00,61.227,112.0,,,,
322,09/15/24 17:20:00,61.569,368.0,,,,
323,09/15/24 17:30:00,61.398,1088.0,,,,
324,09/15/24 17:40:00,61.569,608.0,,,,
325,09/15/24 17:50:00,61.569,272.0,,,,
326,09/15/24 18:00:00,61.227,240.0,,,,
327,09/15/24 18:10:00,61.227,176.0,,,,
328,09/15/24 18:20:00,61.227,136.0,,,,
329,09/15/24 18:30:00,61.227,121.0,,,,
330,09/15/24 18:40:00,61.227,42.0,,,,
331,09/15/24 18:50:00,61.227,70.0,,,,
332,09/15/24 19:00:00,61.227,57.0,,,,
333,09/15/24 19:10:00,61.054,46.0,,,,
334,09/15/24 19:20:00,61.054,34.0,,,,
335,09/15/24 19:30:00,61.054,14.0,,,,
336,09/15/24 19:40:00,60.883,2.0,,,,
337,09/15/24 19:50:00,60.883,0.0,,,,
338,09/15/24 20:00:00,60.712,0.0,,,,
339,09/15/24 20:10:00,60.712,0.0,,,,
340,09/15/24 20:20:00,60.539,0.0,,,,
341,09/15/24 20:30:00,60.539,0.0,,,,
342,09/15/24 20:40:00,60.539,0.0,,,,
343,09/15/24 20:50:00,60.539,0.0,,,,
344,09/15/24 21:00:00,60.539,0.0,,,,
345,09/15/24 21:10:00,60.539,0.0,,,,
346,09/15/24 21:20:00,60.539,0.0,,,,
347,09/15/24 21:30:00,60.368,0.0,,,,
348,09/15/24 21:40:00,60.368,0.0,,,,
349,09/15/24 21:50:00,60.368,0.0,,,,
350,09/15/24 22:00:00,60.368,0.0,,,,
351,09/15/24 22:10:00,60.368,0.0,,,,
352,09/15/24 22:20:00,60.368,0.0,,,,
353,09/15/24 22:30:00,60.368,0.0,,,,
354,09/15/24 22:40:00,60.368,0.0,,,,
355,09/15/24 22:50:00,60.368,0.0,,,,
356,09/15/24 23:00:00,60.368,0.0,,,,
357,09/15/24 23:10:00,60.368,0.0,,,,
358,09/15/24 23:20:00,60.368,0.0,,,,
359,09/15/24 23:30:00,60.368,0.0,,,,
360,09/15/24 23:40:00,60.368,0.0,,,,
361,09/15/24 23:50:00,60.368,0.0,,,,
362,09/16/24 00:00:00,60.368,0.0,,,,
363,09/16/24 00:10:00,60.368,0.0,,,,
364,09/16/24 00:20:00,60.368,0.0,,,,
365,09/16/24 00:30:00,60.368,0.0,,,,
366,09/16/24 00:40:00,60.368,0.0,,,,
367,09/16/24 00:50:00,60.195,0.0,,,,
368,09/16/24 01:00:00,60.195,0.0,,,,
369,09/16/24 01:10:00,60.195,0.0,,,,
370,09/16/24 01:20:00,60.195,0.0,,,,
371,09/16/24 01:30:00,60.195,0.0,,,,
372,09/16/24 01:40:00,60.195,0.0,,,,
373,09/16/24 01:50:00,60.195,0.0,,,,
374,09/16/24 02:00:00,60.195,0.0,,,,
375,09/16/24 02:10:00,60.195,0.0,,,,
376,09/16/24 02:20:00,60.195,0.0,,,,
377,09/16/24 02:30:00,60.195,0.0,,,,
378,09/16/24 02:40:00,60.195,0.0,,,,
379,09/16/24 02:50:00,60.368,0.0,,,,
380,09/16/24 03:00:00,60.195,0.0,,,,
381,09/16/24 03:10:00,60.368,0.0,,,,
382,09/16/24 03:20:00,60.195,0.0,,,,
383,09/16/24 03:30:00,60.195,0.0,,,,
384,09/16/24 03:40:00,60.195,0.0,,,,
385,09/16/24 03:50:00,60.195,0.0,,,,
386,09/16/24 04:00:00,60.195,0.0,,,,
387,09/16/24 04:10:00,60.195,0.0,,,,
388,09/16/24 04:20:00,60.195,0.0,,,,
389,09/16/24 04:30:00,60.195,0.0,,,,
390,09/16/24 04:40:00,60.195,0.0,,,,
391,09/16/24 04:50:00,60.195,0.0,,,,
392,09/16/24 05:00:00,60.195,0.0,,,,
393,09/16/24 05:10:00,60.195,0.0,,,,
394,09/16/24 05:20:00,60.024,0.0,,,,
395,09/16/24 05:30:00,60.195,0.0,,,,
396,09/16/24 05:40:00,60.195,0.0,,,,
397,09/16/24 05:50:00,60.195,0.0,,,,
398,09/16/24 06:00:00,60.024,0.0,,,,
399,09/16/24 06:10:00,60.024,0.0,,,,
400,09/16/24 06:20:00,60.024,0.0,,,,
401,09/16/24 06:30:00,60.024,0.0,,,,
402,09/16/24 06:40:00,59.851,0.0,,,,
403,09/16/24 06:50:00,59.851,2.0,,,,
404,09/16/24 07:00:00,60.024,9.0,,,,
405,09/16/24 07:10:00,60.024,21.0,,,,
406,09/16/24 07:20:00,60.024,56.0,,,,
407,09/16/24 07:30:00,60.024,84.0,,,,
408,09/16/24 07:40:00,60.024,71.0,,,,
409,09/16/24 07:50:00,60.024,352.0,,,,
410,09/16/24 08:00:00,60.195,256.0,,,,
411,09/16/24 08:10:00,60.195,208.0,,,,
412,09/16/24 08:20:00,60.195,320.0,,,,
413,09/16/24 08:30:00,60.195,184.0,,,,
414,09/16/24 08:40:00,60.195,224.0,,,,
415,09/16/24 08:50:00,60.195,288.0,,,,
416,09/16/24 09:00:00,60.539,864.0,,,,
417,09/16/24 09:10:00,60.539,608.0,,,,
418,09/16/24 09:20:00,60.368,480.0,,,,
419,09/16/24 09:30:00,60.712,512.0,,,,
420,09/16/24 09:40:00,61.054,704.0,,,,
421,09/16/24 09:50:00,60.368,304.0,,,,
422,09/16/24 10:00:00,60.883,992.0,,,,
423,09/16/24 10:10:00,61.398,1024.0,,,,
424,09/16/24 10:20:00,61.569,1152.0,,,,
425,09/16/24 10:30:00,61.398,800.0,,,,
426,09/16/24 10:40:00,61.227,1856.0,,,,
427,09/16/24 10:50:00,60.712,416.0,,,,
428,09/16/24 11:00:00,60.712,960.0,,,,
429,09/16/24 11:10:00,62.254,2432.0,,,,
430,09/16/24 11:20:00,61.741,4096.0,,,,
431,09/16/24 11:30:00,62.083,3072.0,,,,
432,09/16/24 11:40:00,62.083,3328.0,,,,
433,09/16/24 11:50:00,62.083,4864.0,,,,
434,09/16/24 12:00:00,61.912,1920.0,,,,
435,09/16/24 12:10:00,61.912,2304.0,,,,
436,09/16/24 12:20:00,62.425,4096.0,,,,
437,09/16/24 12:30:00,62.083,2816.0,,,,
438,09/16/24 12:40:00,62.598,3072.0,,,,
439,09/16/24 12:50:00,61.741,1536.0,,,,
440,09/16/24 13:00:00,61.569,1728.0,,,,
441,09/16/24 13:10:00,62.254,1984.0,,,,
442,09/16/24 13:20:00,61.741,1920.0,,,,
443,09/16/24 13:30:00,61.741,1280.0,,,,
444,09/16/24 13:40:00,61.569,1408.0,,,,
445,09/16/24 13:50:00,62.254,2048.0,,,,
446,09/16/24 14:00:00,61.912,1344.0,,,,
447,09/16/24 14:10:00,61.912,2432.0,,,,
448,09/16/24 14:20:00,62.254,2176.0,,,,
449,09/16/24 14:30:00,62.254,3200.0,,,,
450,09/16/24 14:40:00,61.741,800.0,,,,
451,09/16/24 14:50:00,62.254,800.0,,,,
452,09/16/24 15:00:00,62.769,1344.0,,,,
453,09/16/24 15:10:00,62.598,1600.0,,,,
454,09/16/24 15:20:00,62.425,1472.0,,,,
455,09/16/24 15:30:00,62.254,800.0,,,,
456,09/16/24 15:40:00,61.912,608.0,,,,
457,09/16/24 15:50:00,62.598,2816.0,,,,
458,09/16/24 16:00:00,62.254,960.0,,,,
459,09/16/24 16:10:00,62.083,1152.0,,,,
460,09/16/24 16:20:00,61.741,480.0,,,,
461,09/16/24 16:30:00,61.227,352.0,,,,
462,09/16/24 16:40:00,61.054,168.0,,,,
463,09/16/24 16:50:00,60.883,93.0,,,,
464,09/16/24 17:00:00,60.883,144.0,,,,
465,09/16/24 17:10:00,61.054,384.0,,,,
466,09/16/24 17:20:00,60.883,432.0,,,,
467,09/16/24 17:30:00,60.883,432.0,,,,
468,09/16/24 17:40:00,60.883,672.0,,,,
469,09/16/24 17:50:00,60.883,512.0,,,,
470,09/16/24 18:00:00,61.227,608.0,,,,
471,09/16/24 18:10:00,61.054,512.0,,,,
472,09/16/24 18:20:00,60.883,672.0,,,,
473,09/16/24 18:30:00,60.712,216.0,,,,
474,09/16/24 18:40:00,60.539,176.0,,,,
475,09/16/24 18:50:00,60.539,60.0,,,,
476,09/16/24 19:00:00,60.539,50.0,,,,
477,09/16/24 19:10:00,60.539,16.0,,,,
478,09/16/24 19:20:00,60.539,7.0,,,,
479,09/16/24 19:30:00,60.539,3.0,,,,
480,09/16/24 19:40:00,60.539,0.0,,,,
481,09/16/24 19:50:00,60.539,0.0,,,,
482,09/16/24 20:00:00,60.368,0.0,,,,
483,09/16/24 20:10:00,60.368,0.0,,,,
484,09/16/24 20:20:00,60.368,0.0,,,,
485,09/16/24 20:30:00,60.368,0.0,,,,
486,09/16/24 20:40:00,60.368,0.0,,,,
487,09/16/24 20:50:00,60.195,0.0,,,,
488,09/16/24 21:00:00,60.195,0.0,,,,
489,09/16/24 21:10:00,60.195,0.0,,,,
490,09/16/24 21:20:00,60.195,0.0,,,,
491,09/16/24 21:30:00,60.195,0.0,,,,
492,09/16/24 21:40:00,60.195,0.0,,,,
493,09/16/24 21:50:00,60.024,0.0,,,,
494,09/16/24 22:00:00,60.024,0.0,,,,
495,09/16/24 22:10:00,60.024,0.0,,,,
496,09/16/24 22:20:00,60.024,0.0,,,,
497,09/16/24 22:30:00,60.024,0.0,,,,
498,09/16/24 22:40:00,60.024,0.0,,,,
499,09/16/24 22:50:00,60.024,0.0,,,,
500,09/16/24 23:00:00,60.024,0.0,,,,
501,09/16/24 23:10:00,60.024,0.0,,,,
502,09/16/24 23:20:00,60.024,0.0,,,,
503,09/16/24 23:30:00,60.024,0.0,,,,
504,09/16/24 23:40:00,60.024,0.0,,,,
505,09/16/24 23:50:00,60.024,0.0,,,,
506,09/17/24 00:00:00,60.024,0.0,,,,
507,09/17/24 00:10:00,60.024,0.0,,,,
508,09/17/24 00:20:00,60.195,0.0,,,,
509,09/17/24 00:30:00,60.195,0.0,,,,
510,09/17/24 00:40:00,60.195,0.0,,,,
511,09/17/24 00:50:00,60.195,0.0,,,,
512,09/17/24 01:00:00,60.195,0.0,,,,
513,09/17/24 01:10:00,60.195,0.0,,,,
514,09/17/24 01:20:00,60.195,0.0,,,,
515,09/17/24 01:30:00,60.195,0.0,,,,
516,09/17/24 01:40:00,60.195,0.0,,,,
517,09/17/24 01:50:00,60.195,0.0,,,,
518,09/17/24 02:00:00,60.195,0.0,,,,
519,09/17/24 02:10:00,60.195,0.0,,,,
520,09/17/24 02:20:00,60.195,0.0,,,,
521,09/17/24 02:30:00,60.195,0.0,,,,
522,09/17/24 02:40:00,60.195,0.0,,,,
523,09/17/24 02:50:00,60.195,0.0,,,,
524,09/17/24 03:00:00,60.024,0.0,,,,
525,09/17/24 03:10:00,60.024,0.0,,,,
526,09/17/24 03:20:00,60.024,0.0,,,,
527,09/17/24 03:30:00,60.024,0.0,,,,
528,09/17/24 03:40:00,60.024,0.0,,,,
529,09/17/24 03:50:00,60.024,0.0,,,,
530,09/17/24 04:00:00,60.024,0.0,,,,
531,09/17/24 04:10:00,60.024,0.0,,,,
532,09/17/24 04:20:00,60.024,0.0,,,,
533,09/17/24 04:30:00,60.024,0.0,,,,
534,09/17/24 04:40:00,60.024,0.0,,,,
535,09/17/24 04:50:00,60.024,0.0,,,,
536,09/17/24 05:00:00,60.024,0.0,,,,
537,09/17/24 05:10:00,60.024,0.0,,,,
538,09/17/24 05:20:00,60.024,0.0,,,,
539,09/17/24 05:30:00,60.024,0.0,,,,
540,09/17/24 05:40:00,60.024,0.0,,,,
541,09/17/24 05:50:00,60.024,0.0,,,,
542,09/17/24 06:00:00,60.024,0.0,,,,
543,09/17/24 06:10:00,60.024,0.0,,,,
544,09/17/24 06:20:00,60.024,0.0,,,,
545,09/17/24 06:30:00,60.024,0.0,,,,
546,09/17/24 06:40:00,60.024,0.0,,,,
547,09/17/24 06:50:00,59.851,0.0,,,,
548,09/17/24 07:00:00,60.024,2.0,,,,
549,09/17/24 07:10:00,60.024,3.0,,,,
550,09/17/24 07:20:00,59.851,2.0,,,,
551,09/17/24 07:30:00,59.851,44.0,,,,
552,09/17/24 07:40:00,59.851,40.0,,,,
553,09/17/24 07:50:00,59.851,24.0,,,,
554,09/17/24 08:00:00,59.851,56.0,,,,
555,09/17/24 08:10:00,59.851,66.0,,,,
556,09/17/24 08:20:00,60.024,106.0,,,,
557,09/17/24 08:30:00,60.024,208.0,,,,
558,09/17/24 08:40:00,60.024,168.0,,,,
559,09/17/24 08:50:00,60.024,136.0,,,,
560,09/17/24 09:00:00,60.024,192.0,,,,
561,09/17/24 09:10:00,60.024,256.0,,,,
562,09/17/24 09:20:00,60.024,65.0,,,,
563,09/17/24 09:30:00,60.024,152.0,,,,
564,09/17/24 09:40:00,59.851,81.0,,,,
565,09/17/24 09:50:00,60.024,160.0,,,,
566,09/17/24 10:00:00,60.195,256.0,,,,
567,09/17/24 10:10:00,60.195,896.0,,,,
568,09/17/24 10:20:00,60.195,576.0,,,,
569,09/17/24 10:30:00,60.024,288.0,,,,
570,09/17/24 10:40:00,60.024,432.0,,,,
571,09/17/24 10:50:00,60.024,256.0,,,,
572,09/17/24 11:00:00,60.195,512.0,,,,
573,09/17/24 11:10:00,60.195,256.0,,,,
574,09/17/24 11:20:00,60.024,90.0,,,,
575,09/17/24 11:30:00,59.851,40.0,,,,
576,09/17/24 11:40:00,59.851,152.0,,,,
577,09/17/24 11:50:00,59.851,256.0,,,,
578,09/17/24 12:00:00,60.024,256.0,,,,
579,09/17/24 12:10:00,59.851,288.0,,,,
580,09/17/24 12:20:00,59.851,232.0,,,,
581,09/17/24 12:30:00,59.851,112.0,,,,
582,09/17/24 12:40:00,59.851,108.0,,,,
583,09/17/24 12:50:00,59.851,128.0,,,,
584,09/17/24 13:00:00,59.851,136.0,,,,
585,09/17/24 13:10:00,59.851,144.0,,,,
586,09/17/24 13:20:00,59.851,152.0,,,,
587,09/17/24 13:30:00,59.851,93.0,,,,
588,09/17/24 13:40:00,59.680,92.0,,,,
589,09/17/24 13:50:00,59.851,67.0,,,,
590,09/17/24 14:00:00,59.680,36.0,,,,
591,09/17/24 14:10:00,59.680,26.0,,,,
592,09/17/24 14:20:00,59.680,74.0,,,,
593,09/17/24 14:30:00,59.680,61.0,,,,
594,09/17/24 14:40:00,59.680,119.0,,,,
595,09/17/24 14:50:00,59.680,81.0,,,,
596,09/17/24 15:00:00,59.680,160.0,,,,
597,09/17/24 15:10:00,60.024,288.0,,,,
598,09/17/24 15:20:00,60.024,256.0,,,,
599,09/17/24 15:30:00,59.851,160.0,,,,
600,09/17/24 15:40:00,59.680,77.0,,,,
601,09/17/24 15:50:00,59.680,101.0,,,,
602,09/17/24 16:00:00,59.680,58.0,,,,
603,09/17/24 16:10:00,59.680,36.0,,,,
604,09/17/24 16:20:00,59.680,109.0,,,,
605,09/17/24 16:30:00,59.680,84.0,,,,
606,09/17/24 16:40:00,59.680,105.0,,,,
607,09/17/24 16:50:00,59.680,101.0,,,,
608,09/17/24 17:00:00,59.680,112.0,,,,
609,09/17/24 17:10:00,59.680,136.0,,,,
610,09/17/24 17:20:00,59.680,128.0,,,,
611,09/17/24 17:30:00,59.680,119.0,,,,
612,09/17/24 17:40:00,59.680,93.0,,,,
613,09/17/24 17:50:00,59.508,42.0,,,,
614,09/17/24 18:00:00,59.508,57.0,,,,
615,09/17/24 18:10:00,59.508,47.0,,,,
616,09/17/24 18:20:00,59.508,40.0,,,,
617,09/17/24 18:30:00,59.508,81.0,,,,
618,09/17/24 18:40:00,59.680,84.0,,,,
619,09/17/24 18:50:00,59.680,136.0,,,,
620,09/17/24 19:00:00,59.508,49.0,,,,
621,09/17/24 19:10:00,59.508,12.0,,,,
622,09/17/24 19:20:00,59.508,1.0,,,,
623,09/17/24 19:30:00,59.508,0.0,,,,
624,09/17/24 19:40:00,59.508,0.0,,,,
625,09/17/24 19:50:00,59.508,0.0,,,,
626,09/17/24 20:00:00,59.508,0.0,,,,
627,09/17/24 20:10:00,59.508,0.0,,,,
628,09/17/24 20:20:00,59.508,0.0,,,,
629,09/17/24 20:30:00,59.508,0.0,,,,
630,09/17/24 20:40:00,59.508,0.0,,,,
631,09/17/24 20:50:00,59.508,0.0,,,,
632,09/17/24 21:00:00,59.508,0.0,,,,
633,09/17/24 21:10:00,59.337,0.0,,,,
634,09/17/24 21:20:00,59.337,0.0,,,,
635,09/17/24 21:30:00,59.337,0.0,,,,
636,09/17/24 21:40:00,59.337,0.0,,,,
637,09/17/24 21:50:00,59.337,0.0,,,,
638,09/17/24 22:00:00,59.337,0.0,,,,
639,09/17/24 22:10:00,59.337,0.0,,,,
640,09/17/24 22:20:00,59.337,0.0,,,,
641,09/17/24 22:30:00,59.337,0.0,,,,
642,09/17/24 22:40:00,59.337,0.0,,,,
643,09/17/24 22:50:00,59.337,0.0,,,,
644,09/17/24 23:00:00,59.337,0.0,,,,
645,09/17/24 23:10:00,59.337,0.0,,,,
646,09/17/24 23:20:00,59.337,0.0,,,,
647,09/17/24 23:30:00,59.337,0.0,,,,
648,09/17/24 23:40:00,59.337,0.0,,,,
649,09/17/24 23:50:00,59.164,0.0,,,,
650,09/18/24 00:00:00,59.164,0.0,,,,
651,09/18/24 00:10:00,59.164,0.0,,,,
652,09/18/24 00:20:00,59.164,0.0,,,,
653,09/18/24 00:30:00,59.164,0.0,,,,
654,09/18/24 00:40:00,59.164,0.0,,,,
655,09/18/24 00:50:00,58.993,0.0,,,,
656,09/18/24 01:00:00,58.993,0.0,,,,
657,09/18/24 01:10:00,58.993,0.0,,,,
658,09/18/24 01:20:00,58.993,0.0,,,,
659,09/18/24 01:30:00,58.993,0.0,,,,
660,09/18/24 01:40:00,58.993,0.0,,,,
661,09/18/24 01:50:00,58.820,0.0,,,,
662,09/18/24 02:00:00,58.820,0.0,,,,
663,09/18/24 02:10:00,58.820,0.0,,,,
664,09/18/24 02:20:00,58.820,0.0,,,,
665,09/18/24 02:30:00,58.647,0.0,,,,
666,09/18/24 02:40:00,58.647,0.0,,,,
667,09/18/24 02:50:00,58.647,0.0,,,,
668,09/18/24 03:00:00,58.647,0.0,,,,
669,09/18/24 03:10:00,58.647,0.0,,,,
670,09/18/24 03:20:00,58.647,0.0,,,,
671,09/18/24 03:30:00,58.647,0.0,,,,
672,09/18/24 03:40:00,58.647,0.0,,,,
673,09/18/24 03:50:00,58.647,0.0,,,,
674,09/18/24 04:00:00,58.647,0.0,,,,
675,09/18/24 04:10:00,58.647,0.0,,,,
676,09/18/24 04:20:00,58.647,0.0,,,,
677,09/18/24 04:30:00,58.647,0.0,,,,
678,09/18/24 04:40:00,58.647,0.0,,,,
679,09/18/24 04:50:00,58.647,0.0,,,,
680,09/18/24 05:00:00,58.647,0.0,,,,
681,09/18/24 05:10:00,58.647,0.0,,,,
682,09/18/24 05:20:00,58.647,0.0,,,,
683,09/18/24 05:30:00,58.647,0.0,,,,
684,09/18/24 05:40:00,58.647,0.0,,,,
685,09/18/24 05:50:00,58.647,0.0,,,,
686,09/18/24 06:00:00,58.476,0.0,,,,
687,09/18/24 06:10:00,58.647,0.0,,,,
688,09/18/24 06:20:00,58.647,0.0,,,,
689,09/18/24 06:30:00,58.647,0.0,,,,
690,09/18/24 06:40:00,58.647,0.0,,,,
691,09/18/24 06:50:00,58.820,0.0,,,,
692,09/18/24 07:00:00,58.820,0.0,,,,
693,09/18/24 07:10:00,58.647,2.0,,,,
694,09/18/24 07:20:00,58.647,7.0,,,,
695,09/18/24 07:30:00,58.647,9.0,,,,
696,09/18/24 07:40:00,58.476,18.0,,,,
697,09/18/24 07:50:00,58.647,30.0,,,,
698,09/18/24 08:00:00,58.647,65.0,,,,
699,09/18/24 08:10:00,58.647,61.0,,,,
700,09/18/24 08:20:00,58.647,57.0,,,,
701,09/18/24 08:30:00,58.647,136.0,,,,
702,09/18/24 08:40:00,58.647,200.0,,,,
703,09/18/24 08:50:00,58.820,160.0,,,,
704,09/18/24 09:00:00,58.820,216.0,,,,
705,09/18/24 09:10:00,58.820,256.0,,,,
706,09/18/24 09:20:00,58.820,176.0,,,,
707,09/18/24 09:30:00,58.820,336.0,,,,
708,09/18/24 09:40:00,58.993,256.0,,,,
709,09/18/24 09:50:00,58.820,416.0,,,,
710,09/18/24 10:00:00,58.993,464.0,,,,
711,09/18/24 10:10:00,58.993,512.0,,,,
712,09/18/24 10:20:00,58.993,480.0,,,,
713,09/18/24 10:30:00,58.993,432.0,,,,
714,09/18/24 10:40:00,58.820,384.0,,,,
715,09/18/24 10:50:00,58.993,512.0,,,,
716,09/18/24 11:00:00,58.820,384.0,,,,
717,09/18/24 11:10:00,58.820,608.0,,,,
718,09/18/24 11:20:00,58.647,232.0,,,,
719,09/18/24 11:30:00,58.647,144.0,,,,
720,09/18/24 11:40:00,58.647,336.0,,,,
721,09/18/24 11:50:00,58.820,384.0,,,,
722,09/18/24 12:00:00,58.647,416.0,,,,
723,09/18/24 12:10:00,58.820,512.0,,,,
724,09/18/24 12:20:00,58.993,432.0,,,,
725,09/18/24 12:30:00,59.164,896.0,,,,
726,09/18/24 12:40:00,59.164,1152.0,,,,
727,09/18/24 12:50:00,59.337,1536.0,,,,
728,09/18/24 13:00:00,59.680,992.0,,,,
729,09/18/24 13:10:00,59.337,1536.0,,,,
730,09/18/24 13:20:00,58.993,672.0,,,,
731,09/18/24 13:30:00,58.820,608.0,,,,
732,09/18/24 13:40:00,58.647,896.0,,,,
733,09/18/24 13:50:00,58.476,704.0,,,,
734,09/18/24 14:00:00,58.476,800.0,,,,
735,09/18/24 14:10:00,58.647,896.0,,,,
736,09/18/24 14:20:00,58.647,1344.0,,,,
737,09/18/24 14:30:00,58.476,464.0,,,,
738,09/18/24 14:40:00,58.476,1024.0,,,,
739,09/18/24 14:50:00,58.647,480.0,,,,
740,09/18/24 15:00:00,58.647,1344.0,,,,
741,09/18/24 15:10:00,58.647,1152.0,,,,
742,09/18/24 15:20:00,58.647,992.0,,,,
743,09/18/24 15:30:00,58.647,960.0,,,,
744,09/18/24 15:40:00,58.476,800.0,,,,
745,09/18/24 15:50:00,58.476,672.0,,,,
746,09/18/24 16:00:00,58.303,608.0,,,,
747,09/18/24 16:10:00,58.476,800.0,,,,
748,09/18/24 16:20:00,58.303,512.0,,,,
749,09/18/24 16:30:00,58.303,216.0,,,,
750,09/18/24 16:40:00,58.303,432.0,,,,
751,09/18/24 16:50:00,58.131,232.0,,,,
752,09/18/24 17:00:00,58.131,368.0,,,,
753,09/18/24 17:10:00,58.131,416.0,,,,
754,09/18/24 17:20:00,58.131,256.0,,,,
755,09/18/24 17:30:00,57.958,192.0,,,,
756,09/18/24 17:40:00,57.958,352.0,,,,
757,09/18/24 17:50:00,57.958,200.0,,,,
758,09/18/24 18:00:00,57.958,95.0,,,,
759,09/18/24 18:10:00,57.785,106.0,,,,
760,09/18/24 18:20:00,57.785,121.0,,,,
761,09/18/24 18:30:00,57.785,144.0,,,,
762,09/18/24 18:40:00,57.785,124.0,,,,
763,09/18/24 18:50:00,57.785,89.0,,,,
764,09/18/24 19:00:00,57.785,27.0,,,,
765,09/18/24 19:10:00,57.785,11.0,,,,
766,09/18/24 19:20:00,57.614,3.0,,,,
767,09/18/24 19:30:00,57.614,0.0,,,,
768,09/18/24 19:40:00,57.614,0.0,,,,
769,09/18/24 19:50:00,57.614,0.0,,,,
770,09/18/24 20:00:00,57.614,0.0,,,,
771,09/18/24 20:10:00,57.614,0.0,,,,
772,09/18/24 20:20:00,57.614,0.0,,,,
773,09/18/24 20:30:00,57.614,0.0,,,,
774,09/18/24 20:40:00,57.614,0.0,,,,
775,09/18/24 20:50:00,57.614,0.0,,,,
776,09/18/24 21:00:00,57.614,0.0,,,,
777,09/18/24 21:10:00,57.441,0.0,,,,
778,09/18/24 21:20:00,57.614,0.0,,,,
779,09/18/24 21:30:00,57.614,0.0,,,,
780,09/18/24 21:40:00,57.614,0.0,,,,
781,09/18/24 21:50:00,57.614,0.0,,,,
782,09/18/24 22:00:00,57.614,0.0,,,,
783,09/18/24 22:10:00,57.614,0.0,,,,
784,09/18/24 22:20:00,57.614,0.0,,,,
785,09/18/24 22:30:00,57.614,0.0,,,,
786,09/18/24 22:40:00,57.614,0.0,,,,
787,09/18/24 22:50:00,57.614,0.0,,,,
788,09/18/24 23:00:00,57.614,0.0,,,,
789,09/18/24 23:10:00,57.614,0.0,,,,
790,09/18/24 23:20:00,57.614,0.0,,,,
791,09/18/24 23:30:00,57.614,0.0,,,,
792,09/18/24 23:40:00,57.614,0.0,,,,
793,09/18/24 23:50:00,57.614,0.0,,,,
794,09/19/24 00:00:00,57.614,0.0,,,,
795,09/19/24 00:10:00,57.614,0.0,,,,
796,09/19/24 00:20:00,57.614,0.0,,,,
797,09/19/24 00:30:00,57.614,0.0,,,,
798,09/19/24 00:40:00,57.614,0.0,,,,
799,09/19/24 00:50:00,57.614,0.0,,,,
800,09/19/24 01:00:00,57.614,0.0,,,,
801,09/19/24 01:10:00,57.614,0.0,,,,
802,09/19/24 01:20:00,57.441,0.0,,,,
803,09/19/24 01:30:00,57.441,0.0,,,,
804,09/19/24 01:40:00,57.441,0.0,,,,
805,09/19/24 01:50:00,57.614,0.0,,,,
806,09/19/24 02:00:00,57.614,0.0,,,,
807,09/19/24 02:10:00,57.614,0.0,,,,
808,09/19/24 02:20:00,57.614,0.0,,,,
809,09/19/24 02:30:00,57.614,0.0,,,,
810,09/19/24 02:40:00,57.614,0.0,,,,
811,09/19/24 02:50:00,57.614,0.0,,,,
812,09/19/24 03:00:00,57.614,0.0,,,,
813,09/19/24 03:10:00,57.614,0.0,,,,
814,09/19/24 03:20:00,57.614,0.0,,,,
815,09/19/24 03:30:00,57.614,0.0,,,,
816,09/19/24 03:40:00,57.614,0.0,,,,
817,09/19/24 03:50:00,57.614,0.0,,,,
818,09/19/24 04:00:00,57.614,0.0,,,,
819,09/19/24 04:10:00,57.614,0.0,,,,
820,09/19/24 04:20:00,57.614,0.0,,,,
821,09/19/24 04:30:00,57.614,0.0,,,,
822,09/19/24 04:40:00,57.614,0.0,,,,
823,09/19/24 04:50:00,57.614,0.0,,,,
824,09/19/24 05:00:00,57.614,0.0,,,,
825,09/19/24 05:10:00,57.614,0.0,,,,
826,09/19/24 05:20:00,57.614,0.0,,,,
827,09/19/24 05:30:00,57.614,0.0,,,,
828,09/19/24 05:40:00,57.614,0.0,,,,
829,09/19/24 05:50:00,57.614,0.0,,,,
830,09/19/24 06:00:00,57.614,0.0,,,,
831,09/19/24 06:10:00,57.614,0.0,,,,
832,09/19/24 06:20:00,57.614,0.0,,,,
833,09/19/24 06:30:00,57.614,0.0,,,,
834,09/19/24 06:40:00,57.614,0.0,,,,
835,09/19/24 06:50:00,57.614,0.0,,,,
836,09/19/24 07:00:00,57.614,4.0,,,,
837,09/19/24 07:10:00,57.614,16.0,,,,
838,09/19/24 07:20:00,57.614,19.0,,,,
839,09/19/24 07:30:00,57.614,103.0,,,,
840,09/19/24 07:40:00,57.614,192.0,,,,
841,09/19/24 07:50:00,57.614,128.0,,,,
842,09/19/24 08:00:00,57.614,136.0,,,,
843,09/19/24 08:10:00,57.614,232.0,,,,
844,09/19/24 08:20:00,57.614,152.0,,,,
845,09/19/24 08:30:00,57.785,320.0,,,,
846,09/19/24 08:40:00,57.785,216.0,,,,
847,09/19/24 08:50:00,57.614,168.0,,,,
848,09/19/24 09:00:00,57.785,240.0,,,,
849,09/19/24 09:10:00,57.785,368.0,,,,
850,09/19/24 09:20:00,57.785,480.0,,,,
851,09/19/24 09:30:00,57.958,704.0,,,,
852,09/19/24 09:40:00,57.958,800.0,,,,
853,09/19/24 09:50:00,57.958,576.0,,,,
854,09/19/24 10:00:00,57.958,432.0,,,,
855,09/19/24 10:10:00,58.131,800.0,,,,
856,09/19/24 10:20:00,58.476,704.0,,,,
857,09/19/24 10:30:00,58.647,864.0,,,,
858,09/19/24 10:40:00,58.476,960.0,,,,
859,09/19/24 10:50:00,59.508,7680.0,,,,
860,09/19/24 11:00:00,58.476,480.0,,,,
861,09/19/24 11:10:00,58.647,1216.0,,,,
862,09/19/24 11:20:00,58.993,608.0,,,,
863,09/19/24 11:30:00,58.476,800.0,,,,
864,09/19/24 11:40:00,58.476,768.0,,,,
865,09/19/24 11:50:00,58.476,864.0,,,,
866,09/19/24 12:00:00,58.820,1792.0,,,,
867,09/19/24 12:10:00,59.164,1216.0,,,,
868,09/19/24 12:20:00,59.680,2944.0,,,,
869,09/19/24 12:30:00,59.680,1920.0,,,,
870,09/19/24 12:40:00,59.164,992.0,,,,
871,09/19/24 12:50:00,59.337,864.0,,,,
872,09/19/24 13:00:00,59.164,672.0,,,,
873,09/19/24 13:10:00,59.337,864.0,,,,
874,09/19/24 13:20:00,59.337,672.0,,,,
875,09/19/24 13:30:00,59.508,1280.0,,,,
876,09/19/24 13:40:00,59.337,672.0,,,,
877,09/19/24 13:50:00,59.508,768.0,,,,
878,09/19/24 14:00:00,58.993,480.0,,,,
879,09/19/24 14:10:00,60.195,4864.0,,,,
880,09/19/24 14:20:00,60.024,1728.0,,,,
881,09/19/24 14:30:00,59.164,864.0,,,,
882,09/19/24 14:40:00,59.508,2048.0,,,,
883,09/19/24 14:50:00,59.337,1152.0,,,,
884,09/19/24 15:00:00,60.195,4352.0,,,,
885,09/19/24 15:10:00,59.680,992.0,,,,
886,09/19/24 15:20:00,59.851,704.0,,,,
887,09/19/24 15:30:00,59.508,800.0,,,,
888,09/19/24 15:40:00,59.337,576.0,,,,
889,09/19/24 15:50:00,59.337,480.0,,,,
890,09/19/24 16:00:00,60.195,3072.0,,,,
891,09/19/24 16:10:00,60.368,14336.0,,,,
892,09/19/24 16:20:00,60.024,1600.0,,,,
893,09/19/24 16:30:00,59.851,960.0,,,,
894,09/19/24 16:40:00,60.024,704.0,,,,
895,09/19/24 16:50:00,60.539,2688.0,,,,
896,09/19/24 17:00:00,60.195,992.0,,,,
897,09/19/24 17:10:00,60.368,2176.0,,,,
898,09/19/24 17:20:00,60.195,608.0,,,,
899,09/19/24 17:30:00,60.024,1152.0,,,,
900,09/19/24 17:40:00,59.851,136.0,,,,
901,09/19/24 17:50:00,59.508,200.0,,,,
902,09/19/24 18:00:00,59.508,128.0,,,,
903,09/19/24 18:10:00,59.508,114.0,,,,
904,09/19/24 18:20:00,59.337,93.0,,,,
905,09/19/24 18:30:00,59.337,73.0,,,,
906,09/19/24 18:40:00,59.337,66.0,,,,
907,09/19/24 18:50:00,59.164,55.0,,,,
908,09/19/24 19:00:00,59.164,42.0,,,,
909,09/19/24 19:10:00,59.164,29.0,,,,
910,09/19/24 19:20:00,58.993,16.0,,,,
911,09/19/24 19:30:00,58.993,4.0,,,,
912,09/19/24 19:40:00,58.993,0.0,,,,
913,09/19/24 19:50:00,58.993,0.0,,,,
914,09/19/24 20:00:00,58.993,0.0,,,,
915,09/19/24 20:10:00,58.993,0.0,,,,
916,09/19/24 20:20:00,58.820,0.0,,,,
917,09/19/24 20:30:00,58.820,0.0,,,,
918,09/19/24 20:40:00,58.647,0.0,,,,
919,09/19/24 20:50:00,58.476,0.0,,,,
920,09/19/24 21:00:00,58.131,0.0,,,,
921,09/19/24 21:10:00,57.958,0.0,,,,
922,09/19/24 21:20:00,57.958,0.0,,,,
923,09/19/24 21:30:00,58.131,0.0,,,,
924,09/19/24 21:40:00,58.131,0.0,,,,
925,09/19/24 21:50:00,58.131,0.0,,,,
926,09/19/24 22:00:00,58.303,0.0,,,,
927,09/19/24 22:10:00,58.131,0.0,,,,
928,09/19/24 22:20:00,58.131,0.0,,,,
929,09/19/24 22:30:00,57.958,0.0,,,,
930,09/19/24 22:40:00,57.958,0.0,,,,
931,09/19/24 22:50:00,57.958,0.0,,,,
932,09/19/24 23:00:00,57.785,0.0,,,,
933,09/19/24 23:10:00,57.785,0.0,,,,
934,09/19/24 23:20:00,57.785,0.0,,,,
935,09/19/24 23:30:00,57.785,0.0,,,,
936,09/19/24 23:40:00,57.785,0.0,,,,
937,09/19/24 23:50:00,57.785,0.0,,,,
938,09/20/24 00:00:00,57.614,0.0,,,,
939,09/20/24 00:10:00,57.614,0.0,,,,
940,09/20/24 00:20:00,57.614,0.0,,,,
941,09/20/24 00:30:00,57.614,0.0,,,,
942,09/20/24 00:40:00,57.614,0.0,,,,
943,09/20/24 00:50:00,57.614,0.0,,,,
944,09/20/24 01:00:00,57.614,0.0,,,,
945,09/20/24 01:10:00,57.614,0.0,,,,
946,09/20/24 01:20:00,57.614,0.0,,,,
947,09/20/24 01:30:00,57.614,0.0,,,,
948,09/20/24 01:40:00,57.614,0.0,,,,
949,09/20/24 01:50:00,57.614,0.0,,,,
950,09/20/24 02:00:00,57.441,0.0,,,,
951,09/20/24 02:10:00,57.614,0.0,,,,
952,09/20/24 02:20:00,57.441,0.0,,,,
953,09/20/24 02:30:00,57.614,0.0,,,,
954,09/20/24 02:40:00,57.441,0.0,,,,
955,09/20/24 02:50:00,57.441,0.0,,,,
956,09/20/24 03:00:00,57.441,0.0,,,,
957,09/20/24 03:10:00,57.441,0.0,,,,
958,09/20/24 03:20:00,57.441,0.0,,,,
959,09/20/24 03:30:00,57.441,0.0,,,,
960,09/20/24 03:40:00,57.441,0.0,,,,
961,09/20/24 03:50:00,57.441,0.0,,,,
962,09/20/24 04:00:00,57.441,0.0,,,,
963,09/20/24 04:10:00,57.441,0.0,,,,
964,09/20/24 04:20:00,57.441,0.0,,,,
965,09/20/24 04:30:00,57.441,0.0,,,,
966,09/20/24 04:40:00,57.441,0.0,,,,
967,09/20/24 04:50:00,57.441,0.0,,,,
968,09/20/24 05:00:00,57.441,0.0,,,,
969,09/20/24 05:10:00,57.441,0.0,,,,
970,09/20/24 05:20:00,57.441,0.0,,,,
971,09/20/24 05:30:00,57.441,0.0,,,,
972,09/20/24 05:40:00,57.441,0.0,,,,
973,09/20/24 05:50:00,57.268,0.0,,,,
974,09/20/24 06:00:00,57.441,0.0,,,,
975,09/20/24 06:10:00,57.441,0.0,,,,
976,09/20/24 06:20:00,57.441,0.0,,,,
977,09/20/24 06:30:00,57.268,0.0,,,,
978,09/20/24 06:40:00,57.268,0.0,,,,
979,09/20/24 06:50:00,57.268,0.0,,,,
980,09/20/24 07:00:00,57.268,2.0,,,,
981,09/20/24 07:10:00,57.268,8.0,,,,
982,09/20/24 07:20:00,57.268,23.0,,,,
983,09/20/24 07:30:00,57.268,48.0,,,,
984,09/20/24 07:40:00,57.268,82.0,,,,
985,09/20/24 07:50:00,57.268,75.0,,,,
986,09/20/24 08:00:00,57.441,160.0,,,,
987,09/20/24 08:10:00,57.441,184.0,,,,
988,09/20/24 08:20:00,57.441,168.0,,,,
989,09/20/24 08:30:00,57.614,480.0,,,,
990,09/20/24 08:40:00,57.785,464.0,,,,
991,09/20/24 08:50:00,57.958,512.0,,,,
992,09/20/24 09:00:00,57.958,800.0,,,,
993,09/20/24 09:10:00,57.958,768.0,,,,
994,09/20/24 09:20:00,58.303,1344.0,,,,
995,09/20/24 09:30:00,58.303,2944.0,,,,
996,09/20/24 09:40:00,58.476,2816.0,,,,
997,09/20/24 09:50:00,58.647,2048.0,,,,
998,09/20/24 10:00:00,58.647,3328.0,,,,
999,09/20/24 10:10:00,58.647,1152.0,,,,
1000,09/20/24 10:20:00,58.820,3328.0,,,,
1001,09/20/24 10:30:00,58.820,1152.0,,,,
1002,09/20/24 10:40:00,58.993,992.0,,,,
1003,09/20/24 10:50:00,59.164,3712.0,,,,
1004,09/20/24 11:00:00,59.164,1728.0,,,,
1005,09/20/24 11:10:00,59.337,2560.0,,,,
1006,09/20/24 11:20:00,59.337,3072.0,,,,
1007,09/20/24 11:30:00,59.337,3200.0,,,,
1008,09/20/24 11:40:00,59.337,2176.0,,,,
1009,09/20/24 11:50:00,59.337,2432.0,,,,
1010,09/20/24 12:00:00,59.164,2688.0,,,,
1011,09/20/24 12:10:00,58.820,6400.0,,,,
1012,09/20/24 12:20:00,58.820,1792.0,,,,
1013,09/20/24 12:30:00,59.337,3200.0,,,,
1014,09/20/24 12:40:00,59.508,1792.0,,,,
1015,09/20/24 12:50:00,59.508,3456.0,,,,
1016,09/20/24 13:00:00,59.851,6912.0,,,,
1017,09/20/24 13:10:00,59.680,1856.0,,,,
1018,09/20/24 13:20:00,59.851,704.0,,,,
1019,09/20/24 13:30:00,59.337,8704.0,,,,
1020,09/20/24 13:40:00,58.993,4352.0,,,,
1021,09/20/24 13:50:00,59.164,864.0,,,,
1022,09/20/24 14:00:00,59.164,1536.0,,,,
1023,09/20/24 14:10:00,59.337,800.0,,,,
1024,09/20/24 14:20:00,60.024,1984.0,,,,
1025,09/20/24 14:30:00,58.993,608.0,,,,
1026,09/20/24 14:40:00,59.851,1600.0,,,,
1027,09/20/24 14:50:00,59.680,672.0,,,,
1028,09/20/24 15:00:00,60.195,1216.0,,,,
1029,09/20/24 15:10:00,59.851,5120.0,,,,
1030,09/20/24 15:20:00,59.680,5888.0,,,,
1031,09/20/24 15:30:00,60.024,960.0,,,,
1032,09/20/24 15:40:00,59.851,1536.0,,,,
1033,09/20/24 15:50:00,59.508,2048.0,,,,
1034,09/20/24 16:00:00,59.508,992.0,,,,
1035,09/20/24 16:10:00,58.820,432.0,,,,
1036,09/20/24 16:20:00,59.337,1088.0,,,,
1037,09/20/24 16:30:00,58.993,1792.0,,,,
1038,09/20/24 16:40:00,58.820,1920.0,,,,
1039,09/20/24 16:50:00,58.993,3584.0,,,,
1040,09/20/24 17:00:00,58.820,1856.0,,,,
1041,09/20/24 17:10:00,58.647,672.0,,,,
1042,09/20/24 17:20:00,58.476,800.0,,,,
1043,09/20/24 17:30:00,58.303,672.0,,,,
1044,09/20/24 17:40:00,58.303,896.0,,,,
1045,09/20/24 17:50:00,58.131,512.0,,,,
1046,09/20/24 18:00:00,57.958,272.0,,,,
1047,09/20/24 18:10:00,57.785,168.0,,,,
1048,09/20/24 18:20:00,57.614,126.0,,,,
1049,09/20/24 18:30:00,57.614,160.0,,,,
1050,09/20/24 18:40:00,57.614,110.0,,,,
1051,09/20/24 18:50:00,57.441,79.0,,,,
1052,09/20/24 19:00:00,57.441,46.0,,,,
1053,09/20/24 19:10:00,57.441,30.0,,,,
1054,09/20/24 19:20:00,57.441,17.0,,,,
1055,09/20/24 19:30:00,57.441,5.0,,,,
1056,09/20/24 19:40:00,57.441,0.0,,,,
1057,09/20/24 19:50:00,57.441,0.0,,,,
1058,09/20/24 20:00:00,57.441,0.0,,,,
1059,09/20/24 20:10:00,57.441,0.0,,,,
1060,09/20/24 20:20:00,57.441,0.0,,,,
1061,09/20/24 20:30:00,57.441,0.0,,,,
1062,09/20/24 20:40:00,57.441,0.0,,,,
1063,09/20/24 20:50:00,57.268,0.0,,,,
1064,09/20/24 21:00:00,57.268,0.0,,,,
1065,09/20/24 21:10:00,57.268,0.0,,,,
1066,09/20/24 21:20:00,57.268,0.0,,,,
1067,09/20/24 21:30:00,57.268,0.0,,,,
1068,09/20/24 21:40:00,57.268,0.0,,,,
1069,09/20/24 21:50:00,57.268,0.0,,,,
1070,09/20/24 22:00:00,57.268,0.0,,,,
1071,09/20/24 22:10:00,57.268,0.0,,,,
1072,09/20/24 22:20:00,57.268,0.0,,,,
1073,09/20/24 22:30:00,57.268,0.0,,,,
1074,09/20/24 22:40:00,57.268,0.0,,,,
1075,09/20/24 22:50:00,57.268,0.0,,,,
1076,09/20/24 23:00:00,57.268,0.0,,,,
1077,09/20/24 23:10:00,57.268,0.0,,,,
1078,09/20/24 23:20:00,57.268,0.0,,,,
1079,09/20/24 23:30:00,57.268,0.0,,,,
1080,09/20/24 23:40:00,57.096,0.0,,,,
1081,09/20/24 23:50:00,57.268,0.0,,,,
1082,09/21/24 00:00:00,57.096,0.0,,,,
1083,09/21/24 00:10:00,57.096,0.0,,,,
1084,09/21/24 00:20:00,57.096,0.0,,,,
1085,09/21/24 00:30:00,57.096,0.0,,,,
1086,09/21/24 00:40:00,57.096,0.0,,,,
1087,09/21/24 00:50:00,57.096,0.0,,,,
1088,09/21/24 01:00:00,57.096,0.0,,,,
1089,09/21/24 01:10:00,57.096,0.0,,,,
1090,09/21/24 01:20:00,57.096,0.0,,,,
1091,09/21/24 01:30:00,57.096,0.0,,,,
1092,09/21/24 01:40:00,57.096,0.0,,,,
1093,09/21/24 01:50:00,57.096,0.0,,,,
1094,09/21/24 02:00:00,57.096,0.0,,,,
1095,09/21/24 02:10:00,57.096,0.0,,,,
1096,09/21/24 02:20:00,57.096,0.0,,,,
1097,09/21/24 02:30:00,57.096,0.0,,,,
1098,09/21/24 02:40:00,57.096,0.0,,,,
1099,09/21/24 02:50:00,57.096,0.0,,,,
1100,09/21/24 03:00:00,57.096,0.0,,,,
1101,09/21/24 03:10:00,57.096,0.0,,,,
1102,09/21/24 03:20:00,57.096,0.0,,,,
1103,09/21/24 03:30:00,57.096,0.0,,,,
1104,09/21/24 03:40:00,57.096,0.0,,,,
1105,09/21/24 03:50:00,57.096,0.0,,,,
1106,09/21/24 04:00:00,57.096,0.0,,,,
1107,09/21/24 04:10:00,57.096,0.0,,,,
1108,09/21/24 04:20:00,57.096,0.0,,,,
1109,09/21/24 04:30:00,57.096,0.0,,,,
1110,09/21/24 04:40:00,57.096,0.0,,,,
1111,09/21/24 04:50:00,57.096,0.0,,,,
1112,09/21/24 05:00:00,57.096,0.0,,,,
1113,09/21/24 05:10:00,57.096,0.0,,,,
1114,09/21/24 05:20:00,57.096,0.0,,,,
1115,09/21/24 05:30:00,57.096,0.0,,,,
1116,09/21/24 05:40:00,57.096,0.0,,,,
1117,09/21/24 05:50:00,57.096,0.0,,,,
1118,09/21/24 06:00:00,57.096,0.0,,,,
1119,09/21/24 06:10:00,57.096,0.0,,,,
1120,09/21/24 06:20:00,57.096,0.0,,,,
1121,09/21/24 06:30:00,57.096,0.0,,,,
1122,09/21/24 06:40:00,57.096,0.0,,,,
1123,09/21/24 06:50:00,57.096,0.0,,,,
1124,09/21/24 07:00:00,57.096,3.0,,,,
1125,09/21/24 07:10:00,57.096,8.0,,,,
1126,09/21/24 07:20:00,57.268,35.0,,,,
1127,09/21/24 07:30:00,57.268,63.0,,,,
1128,09/21/24 07:40:00,57.268,82.0,,,,
1129,09/21/24 07:50:00,57.268,168.0,,,,
1130,09/21/24 08:00:00,57.441,272.0,,,,
1131,09/21/24 08:10:00,57.614,200.0,,,,
1132,09/21/24 08:20:00,57.614,160.0,,,,
1133,09/21/24 08:30:00,57.614,384.0,,,,
1134,09/21/24 08:40:00,57.785,432.0,,,,
1135,09/21/24 08:50:00,57.785,320.0,,,,
1136,09/21/24 09:00:00,57.958,672.0,,,,
1137,09/21/24 09:10:00,58.131,672.0,,,,
1138,09/21/24 09:20:00,58.131,1024.0,,,,
1139,09/21/24 09:30:00,58.303,512.0,,,,
1140,09/21/24 09:40:00,58.303,1344.0,,,,
1141,09/21/24 09:50:00,58.476,1728.0,,,,
1142,09/21/24 10:00:00,58.647,1984.0,,,,
1143,09/21/24 10:10:00,58.647,5632.0,,,,
1144,09/21/24 10:20:00,58.647,3968.0,,,,
1145,09/21/24 10:30:00,58.993,2816.0,,,,
1146,09/21/24 10:40:00,58.820,1600.0,,,,
1147,09/21/24 10:50:00,58.820,576.0,,,,
1148,09/21/24 11:00:00,58.820,2560.0,,,,
1149,09/21/24 11:10:00,59.164,3456.0,,,,
1150,09/21/24 11:20:00,58.993,3072.0,,,,
1151,09/21/24 11:30:00,59.164,3456.0,,,,
1152,09/21/24 11:40:00,58.993,2048.0,,,,
1153,09/21/24 11:50:00,58.476,608.0,,,,
1154,09/21/24 12:00:00,58.647,608.0,,,,
1155,09/21/24 12:10:00,58.993,864.0,,,,
1156,09/21/24 12:20:00,59.164,704.0,,,,
1157,09/21/24 12:30:00,58.647,4352.0,,,,
1158,09/21/24 12:40:00,59.164,4352.0,,,,
1159,09/21/24 12:50:00,59.164,768.0,,,,
1160,09/21/24 13:00:00,59.337,4096.0,,,,
1161,09/21/24 13:10:00,59.164,4352.0,,,,
1162,09/21/24 13:20:00,59.851,3072.0,,,,
1163,09/21/24 13:30:00,59.851,6912.0,,,,
1164,09/21/24 13:40:00,60.024,4096.0,,,,
1165,09/21/24 13:50:00,60.024,4864.0,,,,
1166,09/21/24 14:00:00,60.024,5120.0,,,,
1167,09/21/24 14:10:00,60.195,8704.0,,,,
1168,09/21/24 14:20:00,60.195,6912.0,,,,
1169,09/21/24 14:30:00,60.024,3328.0,,,,
1170,09/21/24 14:40:00,60.024,4096.0,,,,
1171,09/21/24 14:50:00,60.195,3712.0,,,,
1172,09/21/24 15:00:00,59.680,4352.0,,,,
1173,09/21/24 15:10:00,60.024,3584.0,,,,
1174,09/21/24 15:20:00,60.024,6144.0,,,,
1175,09/21/24 15:30:00,59.851,2944.0,,,,
1176,09/21/24 15:40:00,59.851,3456.0,,,,
1177,09/21/24 15:50:00,59.680,2816.0,,,,
1178,09/21/24 16:00:00,59.508,3072.0,,,,
1179,09/21/24 16:10:00,59.508,2432.0,,,,
1180,09/21/24 16:20:00,59.508,2432.0,,,,
1181,09/21/24 16:30:00,59.508,3968.0,,,,
1182,09/21/24 16:40:00,59.508,3456.0,,,,
1183,09/21/24 16:50:00,59.337,1600.0,,,,
1184,09/21/24 17:00:00,59.164,480.0,,,,
1185,09/21/24 17:10:00,59.164,512.0,,,,
1186,09/21/24 17:20:00,58.993,1216.0,,,,
1187,09/21/24 17:30:00,59.164,768.0,,,,
1188,09/21/24 17:40:00,58.993,704.0,,,,
1189,09/21/24 17:50:00,59.851,336.0,,,,
1190,09/21/24 18:00:00,59.164,368.0,,,,
1191,09/21/24 18:10:00,58.476,384.0,,,,
1192,09/21/24 18:20:00,58.303,336.0,,,,
1193,09/21/24 18:30:00,58.303,100.0,,,,
1194,09/21/24 18:40:00,58.131,71.0,,,,
1195,09/21/24 18:50:00,58.131,53.0,,,,
1196,09/21/24 19:00:00,58.131,44.0,,,,
1197,09/21/24 19:10:00,58.131,26.0,,,,
1198,09/21/24 19:20:00,58.131,12.0,,,,
1199,09/21/24 19:30:00,58.131,3.0,,,,
1200,09/21/24 19:40:00,58.131,0.0,,,,
1201,09/21/24 19:50:00,58.131,0.0,,,,
1202,09/21/24 20:00:00,58.131,0.0,,,,
1203,09/21/24 20:10:00,58.131,0.0,,,,
1204,09/21/24 20:20:00,57.958,0.0,,,,
1205,09/21/24 20:30:00,58.131,0.0,,,,
1206,09/21/24 20:40:00,58.303,0.0,,,,
1207,09/21/24 20:50:00,58.303,0.0,,,,
1208,09/21/24 21:00:00,58.303,0.0,,,,
1209,09/21/24 21:10:00,58.303,0.0,,,,
1210,09/21/24 21:20:00,58.303,0.0,,,,
1211,09/21/24 21:30:00,58.303,0.0,,,,
1212,09/21/24 21:40:00,58.131,0.0,,,,
1213,09/21/24 21:50:00,58.303,0.0,,,,
1214,09/21/24 22:00:00,58.131,0.0,,,,
1215,09/21/24 22:10:00,58.131,0.0,,,,
1216,09/21/24 22:20:00,58.131,0.0,,,,
1217,09/21/24 22:30:00,58.131,0.0,,,,
1218,09/21/24 22:40:00,58.131,0.0,,,,
1219,09/21/24 22:50:00,57.958,0.0,,,,
1220,09/21/24 23:00:00,57.958,0.0,,,,
1221,09/21/24 23:10:00,57.958,0.0,,,,
1222,09/21/24 23:20:00,57.958,0.0,,,,
1223,09/21/24 23:30:00,57.785,0.0,,,,
1224,09/21/24 23:40:00,57.785,0.0,,,,
1225,09/21/24 23:50:00,57.785,0.0,,,,
1226,09/22/24 00:00:00,57.785,0.0,,,,
1227,09/22/24 00:10:00,57.785,0.0,,,,
1228,09/22/24 00:20:00,57.785,0.0,,,,
1229,09/22/24 00:30:00,57.785,0.0,,,,
1230,09/22/24 00:40:00,57.785,0.0,,,,
1231,09/22/24 00:50:00,57.785,0.0,,,,
1232,09/22/24 01:00:00,57.785,0.0,,,,
1233,09/22/24 01:10:00,57.785,0.0,,,,
1234,09/22/24 01:20:00,57.958,0.0,,,,
1235,09/22/24 01:30:00,57.958,0.0,,,,
1236,09/22/24 01:40:00,57.958,0.0,,,,
1237,09/22/24 01:50:00,57.958,0.0,,,,
1238,09/22/24 02:00:00,57.785,0.0,,,,
1239,09/22/24 02:10:00,57.785,0.0,,,,
1240,09/22/24 02:20:00,57.785,0.0,,,,
1241,09/22/24 02:30:00,57.785,0.0,,,,
1242,09/22/24 02:40:00,57.785,0.0,,,,
1243,09/22/24 02:50:00,57.785,0.0,,,,
1244,09/22/24 03:00:00,57.785,0.0,,,,
1245,09/22/24 03:10:00,57.785,0.0,,,,
1246,09/22/24 03:20:00,57.785,0.0,,,,
1247,09/22/24 03:30:00,57.785,0.0,,,,
1248,09/22/24 03:40:00,57.785,0.0,,,,
1249,09/22/24 03:50:00,57.785,0.0,,,,
1250,09/22/24 04:00:00,57.785,0.0,,,,
1251,09/22/24 04:10:00,57.785,0.0,,,,
1252,09/22/24 04:20:00,57.785,0.0,,,,
1253,09/22/24 04:30:00,57.785,0.0,,,,
1254,09/22/24 04:40:00,57.785,0.0,,,,
1255,09/22/24 04:50:00,57.785,0.0,,,,
1256,09/22/24 05:00:00,57.785,0.0,,,,
1257,09/22/24 05:10:00,57.785,0.0,,,,
1258,09/22/24 05:20:00,57.614,0.0,,,,
1259,09/22/24 05:30:00,57.614,0.0,,,,
1260,09/22/24 05:40:00,57.614,0.0,,,,
1261,09/22/24 05:50:00,57.614,0.0,,,,
1262,09/22/24 06:00:00,57.614,0.0,,,,
1263,09/22/24 06:10:00,57.614,0.0,,,,
1264,09/22/24 06:20:00,57.614,0.0,,,,
1265,09/22/24 06:30:00,57.614,0.0,,,,
1266,09/22/24 06:40:00,57.614,0.0,,,,
1267,09/22/24 06:50:00,57.614,0.0,,,,
1268,09/22/24 07:00:00,57.614,2.0,,,,
1269,09/22/24 07:10:00,57.441,11.0,,,,
1270,09/22/24 07:20:00,57.441,27.0,,,,
1271,09/22/24 07:30:00,57.614,57.0,,,,
1272,09/22/24 07:40:00,57.614,103.0,,,,
1273,09/22/24 07:50:00,57.614,120.0,,,,
1274,09/22/24 08:00:00,57.785,288.0,,,,
1275,09/22/24 08:10:00,57.785,352.0,,,,
1276,09/22/24 08:20:00,57.958,216.0,,,,
1277,09/22/24 08:30:00,57.958,224.0,,,,
1278,09/22/24 08:40:00,57.958,400.0,,,,
1279,09/22/24 08:50:00,58.131,960.0,,,,
1280,09/22/24 09:00:00,58.303,128.0,,,,
1281,09/22/24 09:10:00,58.303,352.0,,,,
1282,09/22/24 09:20:00,58.476,672.0,,,,
1283,09/22/24 09:30:00,58.647,1792.0,,,,
1284,09/22/24 09:40:00,58.647,1408.0,,,,
1285,09/22/24 09:50:00,58.820,1984.0,,,,
1286,09/22/24 10:00:00,58.820,2176.0,,,,
1287,09/22/24 10:10:00,58.993,2688.0,,,,
1288,09/22/24 10:20:00,59.164,2048.0,,,,
1289,09/22/24 10:30:00,59.337,2816.0,,,,
1290,09/22/24 10:40:00,59.337,2560.0,,,,
1291,09/22/24 10:50:00,59.337,1408.0,,,,
1292,09/22/24 11:00:00,59.337,1152.0,,,,
1293,09/22/24 11:10:00,59.508,4864.0,,,,
1294,09/22/24 11:20:00,59.680,4096.0,,,,
1295,09/22/24 11:30:00,59.337,1024.0,,,,
1296,09/22/24 11:40:00,59.337,3456.0,,,,
1297,09/22/24 11:50:00,59.337,672.0,,,,
1298,09/22/24 12:00:00,59.164,4352.0,,,,
1299,09/22/24 12:10:00,59.680,3712.0,,,,
1300,09/22/24 12:20:00,59.337,704.0,,,,
1301,09/22/24 12:30:00,59.337,4352.0,,,,
1302,09/22/24 12:40:00,59.851,3584.0,,,,
1303,09/22/24 12:50:00,59.164,4352.0,,,,
1304,09/22/24 13:00:00,58.820,608.0,,,,
1305,09/22/24 13:10:00,58.993,5632.0,,,,
1306,09/22/24 13:20:00,59.164,4352.0,,,,
1307,09/22/24 13:30:00,59.680,4352.0,,,,
1308,09/22/24 13:40:00,60.195,3328.0,,,,
1309,09/22/24 13:50:00,60.195,4608.0,,,,
1310,09/22/24 14:00:00,60.195,3840.0,,,,
1311,09/22/24 14:10:00,60.195,3840.0,,,,
1312,09/22/24 14:20:00,60.195,3584.0,,,,
1313,09/22/24 14:30:00,59.851,2304.0,,,,
1314,09/22/24 14:40:00,60.024,3456.0,,,,
1315,09/22/24 14:50:00,60.024,3072.0,,,,
1316,09/22/24 15:00:00,60.024,2816.0,,,,
1317,09/22/24 15:10:00,60.195,1984.0,,,,
1318,09/22/24 15:20:00,60.024,800.0,,,,
1319,09/22/24 15:30:00,59.851,704.0,,,,
1320,09/22/24 15:40:00,60.539,704.0,,,,
1321,09/22/24 15:50:00,60.368,400.0,,,,
1322,09/22/24 16:00:00,60.883,672.0,,,,
1323,09/22/24 16:10:00,60.195,1984.0,,,,
1324,09/22/24 16:20:00,60.883,2432.0,,,,
1325,09/22/24 16:30:00,60.539,432.0,,,,
1326,09/22/24 16:40:00,60.712,2560.0,,,,
1327,09/22/24 16:50:00,60.712,1152.0,,,,
1328,09/22/24 17:00:00,59.851,288.0,,,,
1329,09/22/24 17:10:00,60.368,192.0,,,,
1330,09/22/24 17:20:00,60.539,216.0,,,,
1331,09/22/24 17:30:00,60.024,256.0,,,,
1332,09/22/24 17:40:00,60.368,208.0,,,,
1333,09/22/24 17:50:00,60.368,128.0,,,,
1334,09/22/24 18:00:00,60.368,136.0,,,,
1335,09/22/24 18:10:00,60.539,168.0,,,,
1336,09/22/24 18:20:00,60.712,320.0,,,,
1337,09/22/24 18:30:00,60.368,85.0,,,,
1338,09/22/24 18:40:00,60.368,65.0,,,,
1339,09/22/24 18:50:00,60.368,55.0,,,,
1340,09/22/24 19:00:00,60.368,44.0,,,,
1341,09/22/24 19:10:00,60.368,27.0,,,,
1342,09/22/24 19:20:00,60.195,11.0,,,,
1343,09/22/24 19:30:00,60.195,2.0,,,,
1344,09/22/24 19:40:00,60.195,0.0,,,,
1345,09/22/24 19:50:00,60.195,0.0,,,,
1346,09/22/24 20:00:00,60.024,0.0,,,,
1347,09/22/24 20:10:00,59.851,0.0,,,,
1348,09/22/24 20:20:00,60.024,0.0,,,,
1349,09/22/24 20:30:00,59.680,0.0,,,,
1350,09/22/24 20:40:00,59.164,0.0,,,,
1351,09/22/24 20:50:00,58.647,0.0,,,,
1352,09/22/24 21:00:00,58.303,0.0,,,,
1353,09/22/24 21:10:00,58.647,0.0,,,,
1354,09/22/24 21:20:00,58.476,0.0,,,,
1355,09/22/24 21:30:00,58.993,0.0,,,,
1356,09/22/24 21:40:00,58.820,0.0,,,,
1357,09/22/24 21:50:00,58.820,0.0,,,,
1358,09/22/24 22:00:00,58.993,0.0,,,,
1359,09/22/24 22:10:00,58.993,0.0,,,,
1360,09/22/24 22:20:00,58.993,0.0,,,,
1361,09/22/24 22:30:00,59.164,0.0,,,,
1362,09/22/24 22:40:00,58.820,0.0,,,,
1363,09/22/24 22:50:00,58.993,0.0,,,,
1364,09/22/24 23:00:00,58.820,0.0,,,,
1365,09/22/24 23:10:00,58.820,0.0,,,,
1366,09/22/24 23:20:00,58.820,0.0,,,,
1367,09/22/24 23:30:00,58.820,0.0,,,,
1368,09/22/24 23:40:00,58.820,0.0,,,,
1369,09/22/24 23:50:00,58.820,0.0,,,,
1370,09/23/24 00:00:00,58.647,0.0,,,,
1371,09/23/24 00:10:00,58.647,0.0,,,,
1372,09/23/24 00:20:00,58.647,0.0,,,,
1373,09/23/24 00:30:00,58.476,0.0,,,,
1374,09/23/24 00:40:00,58.476,0.0,,,,
1375,09/23/24 00:50:00,58.476,0.0,,,,
1376,09/23/24 01:00:00,58.476,0.0,,,,
1377,09/23/24 01:10:00,58.476,0.0,,,,
1378,09/23/24 01:20:00,58.303,0.0,,,,
1379,09/23/24 01:30:00,58.131,0.0,,,,
1380,09/23/24 01:40:00,58.131,0.0,,,,
1381,09/23/24 01:50:00,58.131,0.0,,,,
1382,09/23/24 02:00:00,57.958,0.0,,,,
1383,09/23/24 02:10:00,57.958,0.0,,,,
1384,09/23/24 02:20:00,57.958,0.0,,,,
1385,09/23/24 02:30:00,57.958,0.0,,,,
1386,09/23/24 02:40:00,57.958,0.0,,,,
1387,09/23/24 02:50:00,57.958,0.0,,,,
1388,09/23/24 03:00:00,57.785,0.0,,,,
1389,09/23/24 03:10:00,57.785,0.0,,,,
1390,09/23/24 03:20:00,57.785,0.0,,,,
1391,09/23/24 03:30:00,57.785,0.0,,,,
1392,09/23/24 03:40:00,57.785,0.0,,,,
1393,09/23/24 03:50:00,57.785,0.0,,,,
1394,09/23/24 04:00:00,57.785,0.0,,,,
1395,09/23/24 04:10:00,57.785,0.0,,,,
1396,09/23/24 04:20:00,57.785,0.0,,,,
1397,09/23/24 04:30:00,57.785,0.0,,,,
1398,09/23/24 04:40:00,57.614,0.0,,,,
1399,09/23/24 04:50:00,57.785,0.0,,,,
1400,09/23/24 05:00:00,57.785,0.0,,,,
1401,09/23/24 05:10:00,57.614,0.0,,,,
1402,09/23/24 05:20:00,57.614,0.0,,,,
1403,09/23/24 05:30:00,57.614,0.0,,,,
1404,09/23/24 05:40:00,57.614,0.0,,,,
1405,09/23/24 05:50:00,57.614,0.0,,,,
1406,09/23/24 06:00:00,57.614,0.0,,,,
1407,09/23/24 06:10:00,57.614,0.0,,,,
1408,09/23/24 06:20:00,57.614,0.0,,,,
1409,09/23/24 06:30:00,57.614,0.0,,,,
1410,09/23/24 06:40:00,57.614,0.0,,,,
1411,09/23/24 06:50:00,57.614,0.0,,,,
1412,09/23/24 07:00:00,57.614,0.0,,,,
1413,09/23/24 07:10:00,57.441,5.0,,,,
1414,09/23/24 07:20:00,57.441,18.0,,,,
1415,09/23/24 07:30:00,57.614,31.0,,,,
1416,09/23/24 07:40:00,57.614,67.0,,,,
1417,09/23/24 07:50:00,57.614,74.0,,,,
1418,09/23/24 08:00:00,57.614,116.0,,,,
1419,09/23/24 08:10:00,57.614,113.0,,,,
1420,09/23/24 08:20:00,57.614,168.0,,,,
1421,09/23/24 08:30:00,57.614,168.0,,,,
1422,09/23/24 08:40:00,57.785,184.0,,,,
1423,09/23/24 08:50:00,58.131,320.0,,,,
1424,09/23/24 09:00:00,58.131,336.0,,,,
1425,09/23/24 09:10:00,58.303,608.0,,,,
1426,09/23/24 09:20:00,58.303,1152.0,,,,
1427,09/23/24 09:30:00,58.476,960.0,,,,
1428,09/23/24 09:40:00,58.476,960.0,,,,
1429,09/23/24 09:50:00,58.647,704.0,,,,
1430,09/23/24 10:00:00,58.820,1536.0,,,,
1431,09/23/24 10:10:00,58.820,1472.0,,,,
1432,09/23/24 10:20:00,58.647,1536.0,,,,
1433,09/23/24 10:30:00,58.647,1152.0,,,,
1434,09/23/24 10:40:00,58.647,1024.0,,,,
1435,09/23/24 10:50:00,58.820,1536.0,,,,
1436,09/23/24 11:00:00,58.820,4352.0,,,,
1437,09/23/24 11:10:00,59.680,2816.0,,,,
1438,09/23/24 11:20:00,59.337,3328.0,,,,
1439,09/23/24 11:30:00,58.647,960.0,,,,
1440,09/23/24 11:40:00,58.820,1152.0,,,,
1441,09/23/24 11:50:00,58.993,3584.0,,,,
1442,09/23/24 12:00:00,59.337,3712.0,,,,
1443,09/23/24 12:10:00,59.508,4352.0,,,,
1444,09/23/24 12:20:00,59.508,3840.0,,,,
1445,09/23/24 12:30:00,60.024,3200.0,,,,
1446,09/23/24 12:40:00,59.164,3072.0,,,,
1447,09/23/24 12:50:00,59.680,4608.0,,,,
1448,09/23/24 13:00:00,59.851,4096.0,,,,
1449,09/23/24 13:10:00,59.851,4096.0,,,,
1450,09/23/24 13:20:00,60.024,3968.0,,,,
1451,09/23/24 13:30:00,59.851,4096.0,,,,
1452,09/23/24 13:40:00,59.851,4608.0,,,,
1453,09/23/24 13:50:00,59.851,2432.0,,,,
1454,09/23/24 14:00:00,59.680,864.0,,,,
1455,09/23/24 14:10:00,59.508,1792.0,,,,
1456,09/23/24 14:20:00,60.195,3072.0,,,,
1457,09/23/24 14:30:00,60.195,1344.0,,,,
1458,09/23/24 14:40:00,60.368,4352.0,,,,
1459,09/23/24 14:50:00,60.024,1536.0,,,,
1460,09/23/24 15:00:00,60.195,432.0,,,,
1461,09/23/24 15:10:00,60.368,2560.0,,,,
1462,09/23/24 15:20:00,60.368,1344.0,,,,
1463,09/23/24 15:30:00,60.368,2688.0,,,,
1464,09/23/24 15:40:00,60.195,1536.0,,,,
1465,09/23/24 15:50:00,60.195,960.0,,,,
1466,09/23/24 16:00:00,60.024,768.0,,,,
1467,09/23/24 16:10:00,59.851,400.0,,,,
1468,09/23/24 16:20:00,59.680,960.0,,,,
1469,09/23/24 16:30:00,59.508,1472.0,,,,
1470,09/23/24 16:40:00,59.508,3072.0,,,,
1471,09/23/24 16:50:00,59.337,400.0,,,,
1472,09/23/24 17:00:00,59.164,960.0,,,,
1473,09/23/24 17:10:00,58.820,960.0,,,,
1474,09/23/24 17:20:00,58.647,432.0,,,,
1475,09/23/24 17:30:00,58.647,608.0,,,,
1476,09/23/24 17:40:00,58.647,1152.0,,,,
1477,09/23/24 17:50:00,58.476,1536.0,,,,
1478,09/23/24 18:00:00,58.303,608.0,,,,
1479,09/23/24 18:10:00,58.303,272.0,,,,
1480,09/23/24 18:20:00,58.303,216.0,,,,
1481,09/23/24 18:30:00,58.131,128.0,,,,
1482,09/23/24 18:40:00,57.958,101.0,,,,
1483,09/23/24 18:50:00,57.958,74.0,,,,
1484,09/23/24 19:00:00,57.785,41.0,,,,
1485,09/23/24 19:10:00,57.785,27.0,,,,
1486,09/23/24 19:20:00,57.785,11.0,,,,
1487,09/23/24 19:30:00,57.785,2.0,,,,
1488,09/23/24 19:40:00,57.785,0.0,,,,
1489,09/23/24 19:50:00,57.614,0.0,,,,
1490,09/23/24 20:00:00,57.614,0.0,,,,
1491,09/23/24 20:10:00,57.614,0.0,,,,
1492,09/23/24 20:20:00,57.614,0.0,,,,
1493,09/23/24 20:30:00,57.614,0.0,,,,
1494,09/23/24 20:40:00,57.614,0.0,,,,
1495,09/23/24 20:50:00,57.441,0.0,,,,
1496,09/23/24 21:00:00,57.441,0.0,,,,
1497,09/23/24 21:10:00,57.441,0.0,,,,
1498,09/23/24 21:20:00,57.441,0.0,,,,
1499,09/23/24 21:30:00,57.441,0.0,,,,
1500,09/23/24 21:40:00,57.441,0.0,,,,
1501,09/23/24 21:50:00,57.441,0.0,,,,
1502,09/23/24 22:00:00,57.441,0.0,,,,
1503,09/23/24 22:10:00,57.614,0.0,,,,
1504,09/23/24 22:20:00,57.441,0.0,,,,
1505,09/23/24 22:30:00,57.614,0.0,,,,
1506,09/23/24 22:40:00,57.614,0.0,,,,
1507,09/23/24 22:50:00,57.614,0.0,,,,
1508,09/23/24 23:00:00,57.785,0.0,,,,
1509,09/23/24 23:10:00,57.785,0.0,,,,
1510,09/23/24 23:20:00,57.785,0.0,,,,
1511,09/23/24 23:30:00,57.785,0.0,,,,
1512,09/23/24 23:40:00,57.785,0.0,,,,
1513,09/23/24 23:50:00,57.785,0.0,,,,
1514,09/24/24 00:00:00,57.785,0.0,,,,
1515,09/24/24 00:10:00,57.614,0.0,,,,
1516,09/24/24 00:20:00,57.614,0.0,,,,
1517,09/24/24 00:30:00,57.614,0.0,,,,
1518,09/24/24 00:40:00,57.614,0.0,,,,
1519,09/24/24 00:50:00,57.614,0.0,,,,
1520,09/24/24 01:00:00,57.614,0.0,,,,
1521,09/24/24 01:10:00,57.614,0.0,,,,
1522,09/24/24 01:20:00,57.614,0.0,,,,
1523,09/24/24 01:30:00,57.614,0.0,,,,
1524,09/24/24 01:40:00,57.614,0.0,,,,
1525,09/24/24 01:50:00,57.614,0.0,,,,
1526,09/24/24 02:00:00,57.441,0.0,,,,
1527,09/24/24 02:10:00,57.614,0.0,,,,
1528,09/24/24 02:20:00,57.441,0.0,,,,
1529,09/24/24 02:30:00,57.441,0.0,,,,
1530,09/24/24 02:40:00,57.441,0.0,,,,
1531,09/24/24 02:50:00,57.441,0.0,,,,
1532,09/24/24 03:00:00,57.441,0.0,,,,
1533,09/24/24 03:10:00,57.441,0.0,,,,
1534,09/24/24 03:20:00,57.441,0.0,,,,
1535,09/24/24 03:30:00,57.441,0.0,,,,
1536,09/24/24 03:40:00,57.441,0.0,,,,
1537,09/24/24 03:50:00,57.441,0.0,,,,
1538,09/24/24 04:00:00,57.441,0.0,,,,
1539,09/24/24 04:10:00,57.441,0.0,,,,
1540,09/24/24 04:20:00,57.441,0.0,,,,
1541,09/24/24 04:30:00,57.441,0.0,,,,
1542,09/24/24 04:40:00,57.441,0.0,,,,
1543,09/24/24 04:50:00,57.441,0.0,,,,
1544,09/24/24 05:00:00,57.441,0.0,,,,
1545,09/24/24 05:10:00,57.441,0.0,,,,
1546,09/24/24 05:20:00,57.441,0.0,,,,
1547,09/24/24 05:30:00,57.441,0.0,,,,
1548,09/24/24 05:40:00,57.441,0.0,,,,
1549,09/24/24 05:50:00,57.441,0.0,,,,
1550,09/24/24 06:00:00,57.441,0.0,,,,
1551,09/24/24 06:10:00,57.441,0.0,,,,
1552,09/24/24 06:20:00,57.441,0.0,,,,
1553,09/24/24 06:30:00,57.441,0.0,,,,
1554,09/24/24 06:40:00,57.441,0.0,,,,
1555,09/24/24 06:50:00,57.441,0.0,,,,
1556,09/24/24 07:00:00,57.441,1.0,,,,
1557,09/24/24 07:10:00,57.441,9.0,,,,
1558,09/24/24 07:20:00,57.441,19.0,,,,
1559,09/24/24 07:30:00,57.441,38.0,,,,
1560,09/24/24 07:40:00,57.441,72.0,,,,
1561,09/24/24 07:50:00,57.614,78.0,,,,
1562,09/24/24 08:00:00,57.614,103.0,,,,
1563,09/24/24 08:10:00,57.614,576.0,,,,
1564,09/24/24 08:20:00,57.614,768.0,,,,
1565,09/24/24 08:30:00,57.785,768.0,,,,
1566,09/24/24 08:40:00,57.785,1152.0,,,,
1567,09/24/24 08:50:00,57.958,184.0,,,,
1568,09/24/24 09:00:00,58.131,1088.0,,,,
1569,09/24/24 09:10:00,58.303,336.0,,,,
1570,09/24/24 09:20:00,58.303,672.0,,,,
1571,09/24/24 09:30:00,58.476,768.0,,,,
1572,09/24/24 09:40:00,58.647,1152.0,,,,
1573,09/24/24 09:50:00,58.647,1024.0,,,,
1574,09/24/24 10:00:00,58.820,2816.0,,,,
1575,09/24/24 10:10:00,58.993,2304.0,,,,
1576,09/24/24 10:20:00,59.164,2432.0,,,,
1577,09/24/24 10:30:00,59.164,2432.0,,,,
1578,09/24/24 10:40:00,59.337,1152.0,,,,
1579,09/24/24 10:50:00,59.164,2048.0,,,,
1580,09/24/24 11:00:00,59.508,4352.0,,,,
1581,09/24/24 11:10:00,59.508,8704.0,,,,
1582,09/24/24 11:20:00,59.164,1920.0,,,,
1583,09/24/24 11:30:00,59.164,2944.0,,,,
1584,09/24/24 11:40:00,58.993,3328.0,,,,
1585,09/24/24 11:50:00,58.993,480.0,,,,
1586,09/24/24 12:00:00,58.647,2816.0,,,,
1587,09/24/24 12:10:00,58.647,576.0,,,,
1588,09/24/24 12:20:00,58.647,896.0,,,,
1589,09/24/24 12:30:00,58.820,672.0,,,,
1590,09/24/24 12:40:00,58.820,704.0,,,,
1591,09/24/24 12:50:00,58.993,576.0,,,,
1592,09/24/24 13:00:00,59.164,704.0,,,,
1593,09/24/24 13:10:00,59.164,4608.0,,,,
1594,09/24/24 13:20:00,59.508,8704.0,,,,
1595,09/24/24 13:30:00,59.851,8192.0,,,,
1596,09/24/24 13:40:00,60.195,6912.0,,,,
1597,09/24/24 13:50:00,60.195,4352.0,,,,
1598,09/24/24 14:00:00,60.539,3200.0,,,,
1599,09/24/24 14:10:00,61.054,4864.0,,,,
1600,09/24/24 14:20:00,60.883,1280.0,,,,
1601,09/24/24 14:30:00,60.883,10752.0,,,,
1602,09/24/24 14:40:00,61.054,2304.0,,,,
1603,09/24/24 14:50:00,60.883,6912.0,,,,
1604,09/24/24 15:00:00,61.054,896.0,,,,
1605,09/24/24 15:10:00,61.054,2688.0,,,,
1606,09/24/24 15:20:00,61.054,2944.0,,,,
1607,09/24/24 15:30:00,61.227,3456.0,,,,
1608,09/24/24 15:40:00,61.227,3200.0,,,,
1609,09/24/24 15:50:00,61.054,2816.0,,,,
1610,09/24/24 16:00:00,61.054,2560.0,,,,
1611,09/24/24 16:10:00,61.054,2944.0,,,,
1612,09/24/24 16:20:00,61.227,2560.0,,,,
1613,09/24/24 16:30:00,61.054,2304.0,,,,
1614,09/24/24 16:40:00,61.054,2176.0,,,,
1615,09/24/24 16:50:00,61.054,1216.0,,,,
1616,09/24/24 17:00:00,61.054,1984.0,,,,
1617,09/24/24 17:10:00,60.883,1536.0,,,,
1618,09/24/24 17:20:00,60.883,1536.0,,,,
1619,09/24/24 17:30:00,60.883,1344.0,,,,
1620,09/24/24 17:40:00,60.712,1152.0,,,,
1621,09/24/24 17:50:00,60.712,992.0,,,,
1622,09/24/24 18:00:00,60.712,704.0,,,,
1623,09/24/24 18:10:00,60.712,608.0,,,,
1624,09/24/24 18:20:00,60.539,368.0,,,,
1625,09/24/24 18:30:00,60.539,69.0,,,,
1626,09/24/24 18:40:00,60.539,58.0,,,,
1627,09/24/24 18:50:00,60.539,45.0,,,,
1628,09/24/24 19:00:00,60.368,32.0,,,,
1629,09/24/24 19:10:00,60.368,19.0,,,,
1630,09/24/24 19:20:00,60.539,7.0,,,,
1631,09/24/24 19:30:00,60.539,1.0,,,,
1632,09/24/24 19:40:00,60.712,0.0,,,,
1633,09/24/24 19:50:00,60.712,0.0,,,,
1634,09/24/24 20:00:00,60.539,0.0,,,,
1635,09/24/24 20:10:00,60.368,0.0,,,,
1636,09/24/24 20:20:00,60.368,0.0,,,,
1637,09/24/24 20:30:00,60.195,0.0,,,,
1638,09/24/24 20:40:00,60.368,0.0,,,,
1639,09/24/24 20:50:00,60.195,0.0,,,,
1640,09/24/24 21:00:00,60.024,0.0,,,,
1641,09/24/24 21:10:00,59.851,0.0,,,,
1642,09/24/24 21:20:00,60.024,0.0,,,,
1643,09/24/24 21:30:00,59.851,0.0,,,,
1644,09/24/24 21:40:00,59.851,0.0,,,,
1645,09/24/24 21:50:00,59.851,0.0,,,,
1646,09/24/24 22:00:00,59.680,0.0,,,,
1647,09/24/24 22:10:00,59.680,0.0,,,,
1648,09/24/24 22:20:00,59.508,0.0,,,,
1649,09/24/24 22:30:00,59.680,0.0,,,,
1650,09/24/24 22:40:00,59.508,0.0,,,,
1651,09/24/24 22:50:00,59.508,0.0,,,,
1652,09/24/24 23:00:00,59.508,0.0,,,,
1653,09/24/24 23:10:00,59.680,0.0,,,,
1654,09/24/24 23:20:00,59.851,0.0,,,,
1655,09/24/24 23:30:00,59.851,0.0,,,,
1656,09/24/24 23:40:00,59.851,0.0,,,,
1657,09/24/24 23:50:00,59.680,0.0,,,,
1658,09/25/24 00:00:00,59.508,0.0,,,,
1659,09/25/24 00:10:00,59.680,0.0,,,,
1660,09/25/24 00:20:00,59.508,0.0,,,,
1661,09/25/24 00:30:00,59.508,0.0,,,,
1662,09/25/24 00:40:00,59.508,0.0,,,,
1663,09/25/24 00:50:00,59.337,0.0,,,,
1664,09/25/24 01:00:00,59.337,0.0,,,,
1665,09/25/24 01:10:00,59.337,0.0,,,,
1666,09/25/24 01:20:00,59.164,0.0,,,,
1667,09/25/24 01:30:00,59.164,0.0,,,,
1668,09/25/24 01:40:00,59.164,0.0,,,,
1669,09/25/24 01:50:00,58.993,0.0,,,,
1670,09/25/24 02:00:00,58.993,0.0,,,,
1671,09/25/24 02:10:00,58.993,0.0,,,,
1672,09/25/24 02:20:00,58.993,0.0,,,,
1673,09/25/24 02:30:00,58.993,0.0,,,,
1674,09/25/24 02:40:00,58.820,0.0,,,,
1675,09/25/24 02:50:00,58.820,0.0,,,,
1676,09/25/24 03:00:00,58.820,0.0,,,,
1677,09/25/24 03:10:00,58.820,0.0,,,,
1678,09/25/24 03:20:00,58.820,0.0,,,,
1679,09/25/24 03:30:00,58.820,0.0,,,,
1680,09/25/24 03:40:00,58.820,0.0,,,,
1681,09/25/24 03:50:00,58.820,0.0,,,,
1682,09/25/24 04:00:00,58.820,0.0,,,,
1683,09/25/24 04:10:00,58.820,0.0,,,,
1684,09/25/24 04:20:00,58.993,0.0,,,,
1685,09/25/24 04:30:00,58.820,0.0,,,,
1686,09/25/24 04:40:00,58.820,0.0,,,,
1687,09/25/24 04:50:00,58.993,0.0,,,,
1688,09/25/24 05:00:00,58.993,0.0,,,,
1689,09/25/24 05:10:00,58.993,0.0,,,,
1690,09/25/24 05:20:00,58.993,0.0,,,,
1691,09/25/24 05:30:00,58.993,0.0,,,,
1692,09/25/24 05:40:00,59.164,0.0,,,,
1693,09/25/24 05:50:00,59.337,0.0,,,,
1694,09/25/24 06:00:00,59.164,0.0,,,,
1695,09/25/24 06:10:00,59.164,0.0,,,,
1696,09/25/24 06:20:00,59.164,0.0,,,,
1697,09/25/24 06:30:00,58.993,0.0,,,,
1698,09/25/24 06:40:00,58.993,0.0,,,,
1699,09/25/24 06:50:00,58.993,0.0,,,,
1700,09/25/24 07:00:00,58.993,0.0,,,,
1701,09/25/24 07:10:00,58.993,8.0,,,,
1702,09/25/24 07:20:00,58.820,20.0,,,,
1703,09/25/24 07:30:00,58.820,33.0,,,,
1704,09/25/24 07:40:00,58.820,48.0,,,,
1705,09/25/24 07:50:00,58.820,75.0,,,,
1706,09/25/24 08:00:00,58.820,84.0,,,,
1707,09/25/24 08:10:00,58.820,111.0,,,,
1708,09/25/24 08:20:00,58.993,136.0,,,,
1709,09/25/24 08:30:00,58.993,224.0,,,,
1710,09/25/24 08:40:00,58.993,216.0,,,,
1711,09/25/24 08:50:00,59.164,192.0,,,,
1712,09/25/24 09:00:00,59.337,320.0,,,,
1713,09/25/24 09:10:00,59.337,400.0,,,,
1714,09/25/24 09:20:00,59.508,272.0,,,,
1715,09/25/24 09:30:00,59.508,368.0,,,,
1716,09/25/24 09:40:00,59.680,416.0,,,,
1717,09/25/24 09:50:00,59.680,400.0,,,,
1718,09/25/24 10:00:00,59.851,800.0,,,,
1719,09/25/24 10:10:00,59.851,400.0,,,,
1720,09/25/24 10:20:00,60.024,672.0,,,,
1721,09/25/24 10:30:00,60.024,496.0,,,,
1722,09/25/24 10:40:00,60.195,864.0,,,,
1723,09/25/24 10:50:00,60.195,864.0,,,,
1724,09/25/24 11:00:00,60.195,512.0,,,,
1725,09/25/24 11:10:00,60.368,576.0,,,,
1726,09/25/24 11:20:00,60.368,1152.0,,,,
1727,09/25/24 11:30:00,60.539,2176.0,,,,
1728,09/25/24 11:40:00,60.712,1152.0,,,,
1729,09/25/24 11:50:00,60.712,1728.0,,,,
1730,09/25/24 12:00:00,60.883,896.0,,,,
1731,09/25/24 12:10:00,61.054,2048.0,,,,
1732,09/25/24 12:20:00,61.054,1920.0,,,,
1733,09/25/24 12:30:00,61.227,2816.0,,,,
1734,09/25/24 12:40:00,61.227,3328.0,,,,
1735,09/25/24 12:50:00,60.539,480.0,,,,
1736,09/25/24 13:00:00,60.195,2432.0,,,,
1737,09/25/24 13:10:00,60.195,480.0,,,,
1738,09/25/24 13:20:00,60.195,2432.0,,,,
1739,09/25/24 13:30:00,60.883,2432.0,,,,
1740,09/25/24 13:40:00,60.883,7680.0,,,,
1741,09/25/24 13:50:00,60.712,4352.0,,,,
1742,09/25/24 14:00:00,60.712,4864.0,,,,
1743,09/25/24 14:10:00,61.227,4864.0,,,,
1744,09/25/24 14:20:00,61.227,5888.0,,,,
1745,09/25/24 14:30:00,60.883,4096.0,,,,
1746,09/25/24 14:40:00,60.539,1344.0,,,,
1747,09/25/24 14:50:00,61.054,2176.0,,,,
1748,09/25/24 15:00:00,61.398,4864.0,,,,
1749,09/25/24 15:10:00,61.569,2304.0,,,,
1750,09/25/24 15:20:00,61.398,3712.0,,,,
1751,09/25/24 15:30:00,60.883,6144.0,,,,
1752,09/25/24 15:40:00,61.054,2176.0,,,,
1753,09/25/24 15:50:00,61.227,192.0,,,,
1754,09/25/24 16:00:00,61.741,432.0,,,,
1755,09/25/24 16:10:00,61.912,992.0,,,,
1756,09/25/24 16:20:00,62.083,248.0,,,,
1757,09/25/24 16:30:00,62.083,1280.0,,,,
1758,09/25/24 16:40:00,61.912,320.0,,,,
1759,09/25/24 16:50:00,62.254,1536.0,,,,
1760,09/25/24 17:00:00,62.254,1408.0,,,,
1761,09/25/24 17:10:00,61.912,1600.0,,,,
1762,09/25/24 17:20:00,61.569,1536.0,,,,
1763,09/25/24 17:30:00,61.741,672.0,,,,
1764,09/25/24 17:40:00,61.569,1536.0,,,,
1765,09/25/24 17:50:00,60.024,864.0,,,,
1766,09/25/24 18:00:00,59.680,496.0,,,,
1767,09/25/24 18:10:00,59.337,480.0,,,,
1768,09/25/24 18:20:00,59.508,105.0,,,,
1769,09/25/24 18:30:00,59.164,63.0,,,,
1770,09/25/24 18:40:00,58.993,58.0,,,,
1771,09/25/24 18:50:00,59.164,45.0,,,,
1772,09/25/24 19:00:00,59.164,32.0,,,,
1773,09/25/24 19:10:00,58.993,16.0,,,,
1774,09/25/24 19:20:00,58.820,6.0,,,,
1775,09/25/24 19:30:00,58.647,0.0,,,,
1776,09/25/24 19:40:00,58.820,0.0,,,,
1777,09/25/24 19:50:00,58.820,0.0,,,,
1778,09/25/24 20:00:00,58.820,0.0,,,,
1779,09/25/24 20:10:00,58.993,0.0,,,,
1780,09/25/24 20:20:00,58.820,0.0,,,,
1781,09/25/24 20:30:00,59.164,0.0,,,,
1782,09/25/24 20:40:00,58.993,0.0,,,,
1783,09/25/24 20:50:00,58.993,0.0,,,,
1784,09/25/24 21:00:00,58.993,0.0,,,,
1785,09/25/24 21:10:00,58.993,0.0,,,,
1786,09/25/24 21:20:00,58.993,0.0,,,,
1787,09/25/24 21:30:00,58.820,0.0,,,,
1788,09/25/24 21:40:00,58.820,0.0,,,,
1789,09/25/24 21:50:00,58.647,0.0,,,,
1790,09/25/24 22:00:00,58.647,0.0,,,,
1791,09/25/24 22:10:00,58.647,0.0,,,,
1792,09/25/24 22:20:00,58.647,0.0,,,,
1793,09/25/24 22:30:00,58.476,0.0,,,,
1794,09/25/24 22:40:00,58.476,0.0,,,,
1795,09/25/24 22:50:00,58.476,0.0,,,,
1796,09/25/24 23:00:00,58.476,0.0,,,,
1797,09/25/24 23:10:00,58.476,0.0,,,,
1798,09/25/24 23:20:00,58.476,0.0,,,,
1799,09/25/24 23:30:00,58.303,0.0,,,,
1800,09/25/24 23:40:00,58.303,0.0,,,,
1801,09/25/24 23:50:00,58.303,0.0,,,,
1802,09/26/24 00:00:00,58.303,0.0,,,,
1803,09/26/24 00:10:00,58.303,0.0,,,,
1804,09/26/24 00:20:00,58.131,0.0,,,,
1805,09/26/24 00:30:00,58.131,0.0,,,,
1806,09/26/24 00:40:00,58.131,0.0,,,,
1807,09/26/24 00:50:00,58.131,0.0,,,,
1808,09/26/24 01:00:00,58.131,0.0,,,,
1809,09/26/24 01:10:00,58.131,0.0,,,,
1810,09/26/24 01:20:00,58.131,0.0,,,,
1811,09/26/24 01:30:00,58.131,0.0,,,,
1812,09/26/24 01:40:00,58.131,0.0,,,,
1813,09/26/24 01:50:00,58.131,0.0,,,,
1814,09/26/24 02:00:00,58.131,0.0,,,,
1815,09/26/24 02:10:00,58.131,0.0,,,,
1816,09/26/24 02:20:00,58.131,0.0,,,,
1817,09/26/24 02:30:00,58.131,0.0,,,,
1818,09/26/24 02:40:00,58.131,0.0,,,,
1819,09/26/24 02:50:00,58.131,0.0,,,,
1820,09/26/24 03:00:00,58.131,0.0,,,,
1821,09/26/24 03:10:00,58.131,0.0,,,,
1822,09/26/24 03:20:00,58.131,0.0,,,,
1823,09/26/24 03:30:00,58.131,0.0,,,,
1824,09/26/24 03:40:00,58.131,0.0,,,,
1825,09/26/24 03:50:00,58.131,0.0,,,,
1826,09/26/24 04:00:00,58.131,0.0,,,,
1827,09/26/24 04:10:00,58.131,0.0,,,,
1828,09/26/24 04:20:00,57.958,0.0,,,,
1829,09/26/24 04:30:00,57.958,0.0,,,,
1830,09/26/24 04:40:00,57.958,0.0,,,,
1831,09/26/24 04:50:00,57.958,0.0,,,,
1832,09/26/24 05:00:00,57.958,0.0,,,,
1833,09/26/24 05:10:00,57.958,0.0,,,,
1834,09/26/24 05:20:00,57.958,0.0,,,,
1835,09/26/24 05:30:00,57.958,0.0,,,,
1836,09/26/24 05:40:00,57.958,0.0,,,,
1837,09/26/24 05:50:00,57.958,0.0,,,,
1838,09/26/24 06:00:00,57.958,0.0,,,,
1839,09/26/24 06:10:00,57.958,0.0,,,,
1840,09/26/24 06:20:00,57.958,0.0,,,,
1841,09/26/24 06:30:00,57.958,0.0,,,,
1842,09/26/24 06:40:00,57.958,0.0,,,,
1843,09/26/24 06:50:00,57.958,0.0,,,,
1844,09/26/24 07:00:00,57.958,0.0,,,,
1845,09/26/24 07:10:00,57.958,6.0,,,,
1846,09/26/24 07:20:00,57.958,18.0,,,,
1847,09/26/24 07:30:00,57.958,38.0,,,,
1848,09/26/24 07:40:00,57.958,48.0,,,,
1849,09/26/24 07:50:00,57.958,72.0,,,,
1850,09/26/24 08:00:00,57.958,168.0,,,,
1851,09/26/24 08:10:00,58.131,184.0,,,,
1852,09/26/24 08:20:00,58.131,576.0,,,,
1853,09/26/24 08:30:00,58.131,480.0,,,,
1854,09/26/24 08:40:00,58.131,288.0,,,,
1855,09/26/24 08:50:00,58.303,800.0,,,,
1856,09/26/24 09:00:00,58.476,2816.0,,,,
1857,09/26/24 09:10:00,58.647,1024.0,,,,
1858,09/26/24 09:20:00,58.647,2048.0,,,,
1859,09/26/24 09:30:00,58.820,1856.0,,,,
1860,09/26/24 09:40:00,58.820,896.0,,,,
1861,09/26/24 09:50:00,58.993,960.0,,,,
1862,09/26/24 10:00:00,59.164,1920.0,,,,
1863,09/26/24 10:10:00,59.337,2304.0,,,,
1864,09/26/24 10:20:00,59.508,4096.0,,,,
1865,09/26/24 10:30:00,59.680,608.0,,,,
1866,09/26/24 10:40:00,59.851,1536.0,,,,
1867,09/26/24 10:50:00,60.024,3712.0,,,,
1868,09/26/24 11:00:00,59.851,2816.0,,,,
1869,09/26/24 11:10:00,59.680,1728.0,,,,
1870,09/26/24 11:20:00,59.851,1216.0,,,,
1871,09/26/24 11:30:00,59.508,1472.0,,,,
1872,09/26/24 11:40:00,59.680,1280.0,,,,
1873,09/26/24 11:50:00,59.851,3456.0,,,,
1874,09/26/24 12:00:00,59.680,8192.0,,,,
1875,09/26/24 12:10:00,60.024,3328.0,,,,
1876,09/26/24 12:20:00,60.195,2688.0,,,,
1877,09/26/24 12:30:00,60.195,2688.0,,,,
1878,09/26/24 12:40:00,60.712,5376.0,,,,
1879,09/26/24 12:50:00,60.712,2048.0,,,,
1880,09/26/24 13:00:00,60.712,1344.0,,,,
1881,09/26/24 13:10:00,60.883,5888.0,,,,
1882,09/26/24 13:20:00,60.368,4096.0,,,,
1883,09/26/24 13:30:00,60.883,1728.0,,,,
1884,09/26/24 13:40:00,60.883,1344.0,,,,
1885,09/26/24 13:50:00,60.539,5888.0,,,,
1886,09/26/24 14:00:00,60.539,3584.0,,,,
1887,09/26/24 14:10:00,60.195,512.0,,,,
1888,09/26/24 14:20:00,60.024,1088.0,,,,
1889,09/26/24 14:30:00,60.024,3840.0,,,,
1890,09/26/24 14:40:00,60.024,3968.0,,,,
1891,09/26/24 14:50:00,60.024,1408.0,,,,
1892,09/26/24 15:00:00,60.024,1536.0,,,,
1893,09/26/24 15:10:00,59.680,1600.0,,,,
1894,09/26/24 15:20:00,59.851,3072.0,,,,
1895,09/26/24 15:30:00,60.024,1472.0,,,,
1896,09/26/24 15:40:00,59.851,5120.0,,,,
1897,09/26/24 15:50:00,59.680,800.0,,,,
1898,09/26/24 16:00:00,59.508,1664.0,,,,
1899,09/26/24 16:10:00,59.508,992.0,,,,
1900,09/26/24 16:20:00,59.337,1344.0,,,,
1901,09/26/24 16:30:00,59.337,768.0,,,,
1902,09/26/24 16:40:00,59.337,896.0,,,,
1903,09/26/24 16:50:00,59.164,2816.0,,,,
1904,09/26/24 17:00:00,59.164,800.0,,,,
1905,09/26/24 17:10:00,59.164,1536.0,,,,
1906,09/26/24 17:20:00,58.993,1280.0,,,,
1907,09/26/24 17:30:00,58.820,704.0,,,,
1908,09/26/24 17:40:00,58.647,704.0,,,,
1909,09/26/24 17:50:00,58.476,512.0,,,,
1910,09/26/24 18:00:00,58.476,288.0,,,,
1911,09/26/24 18:10:00,58.303,256.0,,,,
1912,09/26/24 18:20:00,58.303,192.0,,,,
1913,09/26/24 18:30:00,58.131,83.0,,,,
1914,09/26/24 18:40:00,57.958,73.0,,,,
1915,09/26/24 18:50:00,57.958,55.0,,,,
1916,09/26/24 19:00:00,57.785,35.0,,,,
1917,09/26/24 19:10:00,57.785,16.0,,,,
1918,09/26/24 19:20:00,57.785,5.0,,,,
1919,09/26/24 19:30:00,57.785,0.0,,,,
1920,09/26/24 19:40:00,57.614,0.0,,,,
1921,09/26/24 19:50:00,57.614,0.0,,,,
1922,09/26/24 20:00:00,57.614,0.0,,,,
1923,09/26/24 20:10:00,57.614,0.0,,,,
1924,09/26/24 20:20:00,57.614,0.0,,,,
1925,09/26/24 20:30:00,57.441,0.0,,,,
1926,09/26/24 20:40:00,57.441,0.0,,,,
1927,09/26/24 20:50:00,57.441,0.0,,,,
1928,09/26/24 21:00:00,57.441,0.0,,,,
1929,09/26/24 21:10:00,57.441,0.0,,,,
1930,09/26/24 21:20:00,57.268,0.0,,,,
1931,09/26/24 21:30:00,57.268,0.0,,,,
1932,09/26/24 21:40:00,57.268,0.0,,,,
1933,09/26/24 21:50:00,57.268,0.0,,,,
1934,09/26/24 22:00:00,57.268,0.0,,,,
1935,09/26/24 22:10:00,57.268,0.0,,,,
1936,09/26/24 22:20:00,57.268,0.0,,,,
1937,09/26/24 22:30:00,57.268,0.0,,,,
1938,09/26/24 22:40:00,57.268,0.0,,,,
1939,09/26/24 22:50:00,57.268,0.0,,,,
1940,09/26/24 23:00:00,57.268,0.0,,,,
1941,09/26/24 23:10:00,57.268,0.0,,,,
1942,09/26/24 23:20:00,57.268,0.0,,,,
1943,09/26/24 23:30:00,57.096,0.0,,,,
1944,09/26/24 23:40:00,57.096,0.0,,,,
1945,09/26/24 23:50:00,57.096,0.0,,,,
1946,09/27/24 00:00:00,57.096,0.0,,,,
1947,09/27/24 00:10:00,57.096,0.0,,,,
1948,09/27/24 00:20:00,57.096,0.0,,,,
1949,09/27/24 00:30:00,57.096,0.0,,,,
1950,09/27/24 00:40:00,57.096,0.0,,,,
1951,09/27/24 00:50:00,57.096,0.0,,,,
1952,09/27/24 01:00:00,57.096,0.0,,,,
1953,09/27/24 01:10:00,57.096,0.0,,,,
1954,09/27/24 01:20:00,57.096,0.0,,,,
1955,09/27/24 01:30:00,57.096,0.0,,,,
1956,09/27/24 01:40:00,57.096,0.0,,,,
1957,09/27/24 01:50:00,57.096,0.0,,,,
1958,09/27/24 02:00:00,57.096,0.0,,,,
1959,09/27/24 02:10:00,57.096,0.0,,,,
1960,09/27/24 02:20:00,57.096,0.0,,,,
1961,09/27/24 02:30:00,57.096,0.0,,,,
1962,09/27/24 02:40:00,57.096,0.0,,,,
1963,09/27/24 02:50:00,57.096,0.0,,,,
1964,09/27/24 03:00:00,57.096,0.0,,,,
1965,09/27/24 03:10:00,57.096,0.0,,,,
1966,09/27/24 03:20:00,57.096,0.0,,,,
1967,09/27/24 03:30:00,57.096,0.0,,,,
1968,09/27/24 03:40:00,57.096,0.0,,,,
1969,09/27/24 03:50:00,57.096,0.0,,,,
1970,09/27/24 04:00:00,57.096,0.0,,,,
1971,09/27/24 04:10:00,57.268,0.0,,,,
1972,09/27/24 04:20:00,57.268,0.0,,,,
1973,09/27/24 04:30:00,57.268,0.0,,,,
1974,09/27/24 04:40:00,57.268,0.0,,,,
1975,09/27/24 04:50:00,57.268,0.0,,,,
1976,09/27/24 05:00:00,57.268,0.0,,,,
1977,09/27/24 05:10:00,57.268,0.0,,,,
1978,09/27/24 05:20:00,57.268,0.0,,,,
1979,09/27/24 05:30:00,57.268,0.0,,,,
1980,09/27/24 05:40:00,57.268,0.0,,,,
1981,09/27/24 05:50:00,57.096,0.0,,,,
1982,09/27/24 06:00:00,57.268,0.0,,,,
1983,09/27/24 06:10:00,57.096,0.0,,,,
1984,09/27/24 06:20:00,57.096,0.0,,,,
1985,09/27/24 06:30:00,57.096,0.0,,,,
1986,09/27/24 06:40:00,57.096,0.0,,,,
1987,09/27/24 06:50:00,57.096,0.0,,,,
1988,09/27/24 07:00:00,57.096,0.0,,,,
1989,09/27/24 07:10:00,57.096,7.0,,,,
1990,09/27/24 07:20:00,57.096,21.0,,,,
1991,09/27/24 07:30:00,56.923,32.0,,,,
1992,09/27/24 07:40:00,56.923,50.0,,,,
1993,09/27/24 07:50:00,56.923,152.0,,,,
1994,09/27/24 08:00:00,56.923,110.0,,,,
1995,09/27/24 08:10:00,57.096,192.0,,,,
1996,09/27/24 08:20:00,57.268,304.0,,,,
1997,09/27/24 08:30:00,57.268,304.0,,,,
1998,09/27/24 08:40:00,57.441,416.0,,,,
1999,09/27/24 08:50:00,57.614,576.0,,,,
2000,09/27/24 09:00:00,57.614,992.0,,,,
2001,09/27/24 09:10:00,57.785,672.0,,,,
2002,09/27/24 09:20:00,57.958,608.0,,,,
2003,09/27/24 09:30:00,58.131,864.0,,,,
2004,09/27/24 09:40:00,58.131,1728.0,,,,
2005,09/27/24 09:50:00,58.303,800.0,,,,
2006,09/27/24 10:00:00,58.303,2048.0,,,,
2007,09/27/24 10:10:00,58.131,464.0,,,,
2008,09/27/24 10:20:00,58.303,512.0,,,,
2009,09/27/24 10:30:00,55.711,272.0,,,,
2010,09/27/24 10:31:33,,,Logged,,,
2011,09/27/24 10:31:43,,,,Logged,,
2012,09/27/24 10:31:53,,,,,Logged,Logged
