"#","Date Time, GMT-06:00","Temp, °F (LGR S/N: 22008790, SEN S/N: 22008790)","Intensity, lum/ft² (LGR S/N: 22008790, SEN S/N: 22008790)","Coupler Attached (LGR S/N: 22008790)","Host Connected (LGR S/N: 22008790)","Stopped (LGR S/N: 22008790)","End Of File (LGR S/N: 22008790)"
1,07/19/24 13:00:00,70.651,6400.0,,,,
2,07/19/24 13:10:00,70.308,4608.0,,,,
3,07/19/24 13:20:00,70.308,5120.0,,,,
4,07/19/24 13:30:00,70.480,3968.0,,,,
5,07/19/24 13:40:00,69.793,4608.0,,,,
6,07/19/24 13:50:00,69.622,4096.0,,,,
7,07/19/24 14:00:00,70.651,3584.0,,,,
8,07/19/24 14:10:00,68.763,480.0,,,,
9,07/19/24 14:20:00,70.137,4608.0,,,,
10,07/19/24 14:30:00,69.793,2560.0,,,,
11,07/19/24 14:40:00,69.793,2048.0,,,,
12,07/19/24 14:50:00,69.793,1408.0,,,,
13,07/19/24 15:00:00,69.964,1088.0,,,,
14,07/19/24 15:10:00,70.480,1920.0,,,,
15,07/19/24 15:20:00,70.308,960.0,,,,
16,07/19/24 15:30:00,69.964,800.0,,,,
17,07/19/24 15:40:00,69.278,1856.0,,,,
18,07/19/24 15:50:00,69.793,1344.0,,,,
19,07/19/24 16:00:00,69.449,768.0,,,,
20,07/19/24 16:10:00,69.107,704.0,,,,
21,07/19/24 16:20:00,69.622,768.0,,,,
22,07/19/24 16:30:00,69.622,768.0,,,,
23,07/19/24 16:40:00,69.793,512.0,,,,
24,07/19/24 16:50:00,69.793,512.0,,,,
25,07/19/24 17:00:00,69.622,864.0,,,,
26,07/19/24 17:10:00,69.278,512.0,,,,
27,07/19/24 17:20:00,69.449,1216.0,,,,
28,07/19/24 17:30:00,69.793,992.0,,,,
29,07/19/24 17:40:00,70.137,432.0,,,,
30,07/19/24 17:50:00,69.449,320.0,,,,
31,07/19/24 18:00:00,70.137,416.0,,,,
32,07/19/24 18:10:00,69.278,704.0,,,,
33,07/19/24 18:20:00,69.278,2432.0,,,,
34,07/19/24 18:30:00,69.449,448.0,,,,
35,07/19/24 18:40:00,69.107,704.0,,,,
36,07/19/24 18:50:00,68.934,304.0,,,,
37,07/19/24 19:00:00,68.592,320.0,,,,
38,07/19/24 19:10:00,68.248,288.0,,,,
39,07/19/24 19:20:00,67.906,160.0,,,,
40,07/19/24 19:30:00,67.906,168.0,,,,
41,07/19/24 19:40:00,68.077,160.0,,,,
42,07/19/24 19:50:00,67.735,144.0,,,,
43,07/19/24 20:00:00,68.248,97.0,,,,
44,07/19/24 20:10:00,68.248,86.0,,,,
45,07/19/24 20:20:00,68.592,78.0,,,,
46,07/19/24 20:30:00,68.592,61.0,,,,
47,07/19/24 20:40:00,68.763,39.0,,,,
48,07/19/24 20:50:00,68.592,16.0,,,,
49,07/19/24 21:00:00,68.763,8.0,,,,
50,07/19/24 21:10:00,68.763,2.0,,,,
51,07/19/24 21:20:00,68.763,0.0,,,,
52,07/19/24 21:30:00,68.763,0.0,,,,
53,07/19/24 21:40:00,68.763,0.0,,,,
54,07/19/24 21:50:00,68.763,0.0,,,,
55,07/19/24 22:00:00,68.592,0.0,,,,
56,07/19/24 22:10:00,68.592,0.0,,,,
57,07/19/24 22:20:00,68.592,0.0,,,,
58,07/19/24 22:30:00,68.592,0.0,,,,
59,07/19/24 22:40:00,68.592,0.0,,,,
60,07/19/24 22:50:00,68.592,0.0,,,,
61,07/19/24 23:00:00,68.592,0.0,,,,
62,07/19/24 23:10:00,68.592,0.0,,,,
63,07/19/24 23:20:00,68.421,0.0,,,,
64,07/19/24 23:30:00,68.421,0.0,,,,
65,07/19/24 23:40:00,68.421,0.0,,,,
66,07/19/24 23:50:00,68.421,0.0,,,,
67,07/20/24 00:00:00,68.421,0.0,,,,
68,07/20/24 00:10:00,68.421,0.0,,,,
69,07/20/24 00:20:00,68.421,0.0,,,,
70,07/20/24 00:30:00,68.421,0.0,,,,
71,07/20/24 00:40:00,68.421,0.0,,,,
72,07/20/24 00:50:00,68.421,0.0,,,,
73,07/20/24 01:00:00,68.421,0.0,,,,
74,07/20/24 01:10:00,68.421,0.0,,,,
75,07/20/24 01:20:00,68.421,0.0,,,,
76,07/20/24 01:30:00,68.421,0.0,,,,
77,07/20/24 01:40:00,68.421,0.0,,,,
78,07/20/24 01:50:00,68.421,0.0,,,,
79,07/20/24 02:00:00,68.248,0.0,,,,
80,07/20/24 02:10:00,68.248,0.0,,,,
81,07/20/24 02:20:00,68.248,0.0,,,,
82,07/20/24 02:30:00,68.248,0.0,,,,
83,07/20/24 02:40:00,68.248,0.0,,,,
84,07/20/24 02:50:00,68.248,0.0,,,,
85,07/20/24 03:00:00,68.077,0.0,,,,
86,07/20/24 03:10:00,68.248,0.0,,,,
87,07/20/24 03:20:00,68.077,0.0,,,,
88,07/20/24 03:30:00,68.077,0.0,,,,
89,07/20/24 03:40:00,68.077,0.0,,,,
90,07/20/24 03:50:00,68.077,0.0,,,,
91,07/20/24 04:00:00,68.077,0.0,,,,
92,07/20/24 04:10:00,68.077,0.0,,,,
93,07/20/24 04:20:00,67.906,0.0,,,,
94,07/20/24 04:30:00,67.906,0.0,,,,
95,07/20/24 04:40:00,67.906,0.0,,,,
96,07/20/24 04:50:00,67.906,0.0,,,,
97,07/20/24 05:00:00,67.906,0.0,,,,
98,07/20/24 05:10:00,67.906,0.0,,,,
99,07/20/24 05:20:00,67.906,0.0,,,,
100,07/20/24 05:30:00,67.906,0.0,,,,
101,07/20/24 05:40:00,67.906,0.0,,,,
102,07/20/24 05:50:00,67.735,3.0,,,,
103,07/20/24 06:00:00,67.735,12.0,,,,
104,07/20/24 06:10:00,67.735,38.0,,,,
105,07/20/24 06:20:00,67.735,105.0,,,,
106,07/20/24 06:30:00,67.906,152.0,,,,
107,07/20/24 06:40:00,67.906,256.0,,,,
108,07/20/24 06:50:00,67.906,232.0,,,,
109,07/20/24 07:00:00,67.906,216.0,,,,
110,07/20/24 07:10:00,67.906,248.0,,,,
111,07/20/24 07:20:00,67.906,400.0,,,,
112,07/20/24 07:30:00,68.077,400.0,,,,
113,07/20/24 07:40:00,68.077,352.0,,,,
114,07/20/24 07:50:00,68.077,368.0,,,,
115,07/20/24 08:00:00,67.906,224.0,,,,
116,07/20/24 08:10:00,67.906,336.0,,,,
117,07/20/24 08:20:00,68.077,384.0,,,,
118,07/20/24 08:30:00,68.421,512.0,,,,
119,07/20/24 08:40:00,68.592,480.0,,,,
120,07/20/24 08:50:00,68.592,480.0,,,,
121,07/20/24 09:00:00,68.421,608.0,,,,
122,07/20/24 09:10:00,68.421,512.0,,,,
123,07/20/24 09:20:00,68.592,512.0,,,,
124,07/20/24 09:30:00,68.763,496.0,,,,
125,07/20/24 09:40:00,68.763,480.0,,,,
126,07/20/24 09:50:00,68.763,768.0,,,,
127,07/20/24 10:00:00,68.934,800.0,,,,
128,07/20/24 10:10:00,68.934,800.0,,,,
129,07/20/24 10:20:00,69.107,1152.0,,,,
130,07/20/24 10:30:00,69.107,960.0,,,,
131,07/20/24 10:40:00,68.763,1152.0,,,,
132,07/20/24 10:50:00,68.934,1984.0,,,,
133,07/20/24 11:00:00,68.934,864.0,,,,
134,07/20/24 11:10:00,69.449,1472.0,,,,
135,07/20/24 11:20:00,69.449,2688.0,,,,
136,07/20/24 11:30:00,69.622,1344.0,,,,
137,07/20/24 11:40:00,69.793,960.0,,,,
138,07/20/24 11:50:00,69.964,1664.0,,,,
139,07/20/24 12:00:00,70.137,1600.0,,,,
140,07/20/24 12:10:00,70.137,3712.0,,,,
141,07/20/24 12:20:00,70.824,3328.0,,,,
142,07/20/24 12:30:00,70.995,2048.0,,,,
143,07/20/24 12:40:00,69.278,448.0,,,,
144,07/20/24 12:50:00,69.449,1664.0,,,,
145,07/20/24 13:00:00,70.995,3584.0,,,,
146,07/20/24 13:10:00,71.168,2944.0,,,,
147,07/20/24 13:20:00,71.168,2432.0,,,,
148,07/20/24 13:30:00,71.339,3072.0,,,,
149,07/20/24 13:40:00,71.168,3328.0,,,,
150,07/20/24 13:50:00,71.339,2944.0,,,,
151,07/20/24 14:00:00,70.824,1344.0,,,,
152,07/20/24 14:10:00,69.793,960.0,,,,
153,07/20/24 14:20:00,71.168,3840.0,,,,
154,07/20/24 14:30:00,71.512,3200.0,,,,
155,07/20/24 14:40:00,70.308,1152.0,,,,
156,07/20/24 14:50:00,69.964,896.0,,,,
157,07/20/24 15:00:00,69.793,768.0,,,,
158,07/20/24 15:10:00,69.964,864.0,,,,
159,07/20/24 15:20:00,70.995,3968.0,,,,
160,07/20/24 15:30:00,70.480,4352.0,,,,
161,07/20/24 15:40:00,70.995,4608.0,,,,
162,07/20/24 15:50:00,70.995,1856.0,,,,
163,07/20/24 16:00:00,70.995,2816.0,,,,
164,07/20/24 16:10:00,71.512,2432.0,,,,
165,07/20/24 16:20:00,71.512,2816.0,,,,
166,07/20/24 16:30:00,71.512,4096.0,,,,
167,07/20/24 16:40:00,71.339,2048.0,,,,
168,07/20/24 16:50:00,71.683,3968.0,,,,
169,07/20/24 17:00:00,71.512,1664.0,,,,
170,07/20/24 17:10:00,71.339,6912.0,,,,
171,07/20/24 17:20:00,71.339,800.0,,,,
172,07/20/24 17:30:00,71.339,4608.0,,,,
173,07/20/24 17:40:00,70.824,464.0,,,,
174,07/20/24 17:50:00,70.995,896.0,,,,
175,07/20/24 18:00:00,70.824,464.0,,,,
176,07/20/24 18:10:00,70.995,1024.0,,,,
177,07/20/24 18:20:00,70.824,208.0,,,,
178,07/20/24 18:30:00,70.480,95.0,,,,
179,07/20/24 18:40:00,70.824,576.0,,,,
180,07/20/24 18:50:00,71.168,512.0,,,,
181,07/20/24 19:00:00,70.995,304.0,,,,
182,07/20/24 19:10:00,70.824,216.0,,,,
183,07/20/24 19:20:00,70.824,168.0,,,,
184,07/20/24 19:30:00,70.824,152.0,,,,
185,07/20/24 19:40:00,70.824,128.0,,,,
186,07/20/24 19:50:00,70.824,122.0,,,,
187,07/20/24 20:00:00,70.824,105.0,,,,
188,07/20/24 20:10:00,70.824,92.0,,,,
189,07/20/24 20:20:00,70.824,101.0,,,,
190,07/20/24 20:30:00,70.651,71.0,,,,
191,07/20/24 20:40:00,70.651,45.0,,,,
192,07/20/24 20:50:00,70.651,22.0,,,,
193,07/20/24 21:00:00,70.651,9.0,,,,
194,07/20/24 21:10:00,70.651,2.0,,,,
195,07/20/24 21:20:00,70.651,0.0,,,,
196,07/20/24 21:30:00,70.651,0.0,,,,
197,07/20/24 21:40:00,70.480,0.0,,,,
198,07/20/24 21:50:00,70.480,0.0,,,,
199,07/20/24 22:00:00,70.480,0.0,,,,
200,07/20/24 22:10:00,70.480,0.0,,,,
201,07/20/24 22:20:00,70.480,0.0,,,,
202,07/20/24 22:30:00,70.480,0.0,,,,
203,07/20/24 22:40:00,70.308,0.0,,,,
204,07/20/24 22:50:00,70.308,0.0,,,,
205,07/20/24 23:00:00,70.308,0.0,,,,
206,07/20/24 23:10:00,70.308,0.0,,,,
207,07/20/24 23:20:00,70.308,0.0,,,,
208,07/20/24 23:30:00,70.308,0.0,,,,
209,07/20/24 23:40:00,70.308,0.0,,,,
210,07/20/24 23:50:00,70.308,0.0,,,,
211,07/21/24 00:00:00,70.137,0.0,,,,
212,07/21/24 00:10:00,70.137,0.0,,,,
213,07/21/24 00:20:00,70.137,0.0,,,,
214,07/21/24 00:30:00,70.137,0.0,,,,
215,07/21/24 00:40:00,70.137,0.0,,,,
216,07/21/24 00:50:00,70.137,0.0,,,,
217,07/21/24 01:00:00,70.137,0.0,,,,
218,07/21/24 01:10:00,69.964,0.0,,,,
219,07/21/24 01:20:00,69.964,0.0,,,,
220,07/21/24 01:30:00,69.964,0.0,,,,
221,07/21/24 01:40:00,69.964,0.0,,,,
222,07/21/24 01:50:00,69.964,0.0,,,,
223,07/21/24 02:00:00,69.964,0.0,,,,
224,07/21/24 02:10:00,69.964,0.0,,,,
225,07/21/24 02:20:00,69.964,0.0,,,,
226,07/21/24 02:30:00,69.793,0.0,,,,
227,07/21/24 02:40:00,69.793,0.0,,,,
228,07/21/24 02:50:00,69.793,0.0,,,,
229,07/21/24 03:00:00,69.793,0.0,,,,
230,07/21/24 03:10:00,69.622,0.0,,,,
231,07/21/24 03:20:00,69.622,0.0,,,,
232,07/21/24 03:30:00,69.622,0.0,,,,
233,07/21/24 03:40:00,69.622,0.0,,,,
234,07/21/24 03:50:00,69.622,0.0,,,,
235,07/21/24 04:00:00,69.622,0.0,,,,
236,07/21/24 04:10:00,69.622,0.0,,,,
237,07/21/24 04:20:00,69.622,0.0,,,,
238,07/21/24 04:30:00,69.449,0.0,,,,
239,07/21/24 04:40:00,69.449,0.0,,,,
240,07/21/24 04:50:00,69.449,0.0,,,,
241,07/21/24 05:00:00,69.449,0.0,,,,
242,07/21/24 05:10:00,69.449,0.0,,,,
243,07/21/24 05:20:00,69.449,0.0,,,,
244,07/21/24 05:30:00,69.449,0.0,,,,
245,07/21/24 05:40:00,69.449,0.0,,,,
246,07/21/24 05:50:00,69.278,3.0,,,,
247,07/21/24 06:00:00,69.278,10.0,,,,
248,07/21/24 06:10:00,69.278,26.0,,,,
249,07/21/24 06:20:00,69.278,47.0,,,,
250,07/21/24 06:30:00,69.278,94.0,,,,
251,07/21/24 06:40:00,69.278,160.0,,,,
252,07/21/24 06:50:00,69.278,128.0,,,,
253,07/21/24 07:00:00,69.278,128.0,,,,
254,07/21/24 07:10:00,69.278,144.0,,,,
255,07/21/24 07:20:00,69.449,232.0,,,,
256,07/21/24 07:30:00,69.449,480.0,,,,
257,07/21/24 07:40:00,69.449,576.0,,,,
258,07/21/24 07:50:00,69.449,320.0,,,,
259,07/21/24 08:00:00,69.622,512.0,,,,
260,07/21/24 08:10:00,69.622,768.0,,,,
261,07/21/24 08:20:00,69.622,2048.0,,,,
262,07/21/24 08:30:00,69.793,576.0,,,,
263,07/21/24 08:40:00,69.793,960.0,,,,
264,07/21/24 08:50:00,69.793,800.0,,,,
265,07/21/24 09:00:00,69.793,368.0,,,,
266,07/21/24 09:10:00,69.964,512.0,,,,
267,07/21/24 09:20:00,69.964,496.0,,,,
268,07/21/24 09:30:00,69.964,512.0,,,,
269,07/21/24 09:40:00,70.137,1024.0,,,,
270,07/21/24 09:50:00,70.137,992.0,,,,
271,07/21/24 10:00:00,70.137,576.0,,,,
272,07/21/24 10:10:00,70.308,704.0,,,,
273,07/21/24 10:20:00,70.308,800.0,,,,
274,07/21/24 10:30:00,70.480,896.0,,,,
275,07/21/24 10:40:00,70.480,960.0,,,,
276,07/21/24 10:50:00,70.651,2048.0,,,,
277,07/21/24 11:00:00,70.651,1536.0,,,,
278,07/21/24 11:10:00,70.824,1792.0,,,,
279,07/21/24 11:20:00,70.995,2560.0,,,,
280,07/21/24 11:30:00,71.168,2816.0,,,,
281,07/21/24 11:40:00,71.168,2688.0,,,,
282,07/21/24 11:50:00,71.339,2176.0,,,,
283,07/21/24 12:00:00,71.339,2560.0,,,,
284,07/21/24 12:10:00,71.339,2688.0,,,,
285,07/21/24 12:20:00,71.512,2688.0,,,,
286,07/21/24 12:30:00,71.512,2816.0,,,,
287,07/21/24 12:40:00,71.683,2816.0,,,,
288,07/21/24 12:50:00,71.683,2816.0,,,,
289,07/21/24 13:00:00,71.856,3072.0,,,,
290,07/21/24 13:10:00,71.856,3072.0,,,,
291,07/21/24 13:20:00,71.856,2816.0,,,,
292,07/21/24 13:30:00,71.856,2816.0,,,,
293,07/21/24 13:40:00,71.856,3456.0,,,,
294,07/21/24 13:50:00,72.028,5376.0,,,,
295,07/21/24 14:00:00,71.856,3456.0,,,,
296,07/21/24 14:10:00,72.199,2944.0,,,,
297,07/21/24 14:20:00,72.028,2688.0,,,,
298,07/21/24 14:30:00,72.028,2560.0,,,,
299,07/21/24 14:40:00,72.199,3840.0,,,,
300,07/21/24 14:50:00,72.199,2688.0,,,,
301,07/21/24 15:00:00,72.028,2048.0,,,,
302,07/21/24 15:10:00,72.028,2432.0,,,,
303,07/21/24 15:20:00,72.028,1664.0,,,,
304,07/21/24 15:30:00,71.856,1536.0,,,,
305,07/21/24 15:40:00,71.856,1856.0,,,,
306,07/21/24 15:50:00,71.856,1536.0,,,,
307,07/21/24 16:00:00,72.372,3072.0,,,,
308,07/21/24 16:10:00,72.199,3456.0,,,,
309,07/21/24 16:20:00,72.199,2816.0,,,,
310,07/21/24 16:30:00,72.199,800.0,,,,
311,07/21/24 16:40:00,72.028,1984.0,,,,
312,07/21/24 16:50:00,72.199,1664.0,,,,
313,07/21/24 17:00:00,72.199,960.0,,,,
314,07/21/24 17:10:00,72.199,960.0,,,,
315,07/21/24 17:20:00,72.199,512.0,,,,
316,07/21/24 17:30:00,72.372,2048.0,,,,
317,07/21/24 17:40:00,72.028,608.0,,,,
318,07/21/24 17:50:00,71.856,480.0,,,,
319,07/21/24 18:00:00,71.683,480.0,,,,
320,07/21/24 18:10:00,71.683,448.0,,,,
321,07/21/24 18:20:00,71.512,400.0,,,,
322,07/21/24 18:30:00,71.512,352.0,,,,
323,07/21/24 18:40:00,71.339,448.0,,,,
324,07/21/24 18:50:00,71.168,384.0,,,,
325,07/21/24 19:00:00,70.995,288.0,,,,
326,07/21/24 19:10:00,71.168,304.0,,,,
327,07/21/24 19:20:00,71.339,336.0,,,,
328,07/21/24 19:30:00,71.856,272.0,,,,
329,07/21/24 19:40:00,71.683,184.0,,,,
330,07/21/24 19:50:00,71.683,208.0,,,,
331,07/21/24 20:00:00,72.028,224.0,,,,
332,07/21/24 20:10:00,71.339,128.0,,,,
333,07/21/24 20:20:00,71.683,73.0,,,,
334,07/21/24 20:30:00,71.512,67.0,,,,
335,07/21/24 20:40:00,71.339,36.0,,,,
336,07/21/24 20:50:00,71.512,19.0,,,,
337,07/21/24 21:00:00,71.512,8.0,,,,
338,07/21/24 21:10:00,71.856,1.0,,,,
339,07/21/24 21:20:00,72.028,0.0,,,,
340,07/21/24 21:30:00,72.028,0.0,,,,
341,07/21/24 21:40:00,72.028,0.0,,,,
342,07/21/24 21:50:00,72.028,0.0,,,,
343,07/21/24 22:00:00,72.028,0.0,,,,
344,07/21/24 22:10:00,71.856,0.0,,,,
345,07/21/24 22:20:00,71.856,0.0,,,,
346,07/21/24 22:30:00,71.856,0.0,,,,
347,07/21/24 22:40:00,71.856,0.0,,,,
348,07/21/24 22:50:00,71.683,0.0,,,,
349,07/21/24 23:00:00,71.512,0.0,,,,
350,07/21/24 23:10:00,71.512,0.0,,,,
351,07/21/24 23:20:00,71.339,0.0,,,,
352,07/21/24 23:30:00,71.512,0.0,,,,
353,07/21/24 23:40:00,71.512,0.0,,,,
354,07/21/24 23:50:00,71.512,0.0,,,,
355,07/22/24 00:00:00,71.512,0.0,,,,
356,07/22/24 00:10:00,71.339,0.0,,,,
357,07/22/24 00:20:00,71.339,0.0,,,,
358,07/22/24 00:30:00,71.168,0.0,,,,
359,07/22/24 00:40:00,71.168,0.0,,,,
360,07/22/24 00:50:00,70.995,0.0,,,,
361,07/22/24 01:00:00,70.995,0.0,,,,
362,07/22/24 01:10:00,70.995,0.0,,,,
363,07/22/24 01:20:00,70.824,0.0,,,,
364,07/22/24 01:30:00,70.824,0.0,,,,
365,07/22/24 01:40:00,70.824,0.0,,,,
366,07/22/24 01:50:00,70.824,0.0,,,,
367,07/22/24 02:00:00,70.651,0.0,,,,
368,07/22/24 02:10:00,70.651,0.0,,,,
369,07/22/24 02:20:00,70.651,0.0,,,,
370,07/22/24 02:30:00,70.651,0.0,,,,
371,07/22/24 02:40:00,70.480,0.0,,,,
372,07/22/24 02:50:00,70.480,0.0,,,,
373,07/22/24 03:00:00,70.480,0.0,,,,
374,07/22/24 03:10:00,70.480,0.0,,,,
375,07/22/24 03:20:00,70.308,0.0,,,,
376,07/22/24 03:30:00,70.308,0.0,,,,
377,07/22/24 03:40:00,70.308,0.0,,,,
378,07/22/24 03:50:00,70.308,0.0,,,,
379,07/22/24 04:00:00,70.308,0.0,,,,
380,07/22/24 04:10:00,70.308,0.0,,,,
381,07/22/24 04:20:00,70.137,0.0,,,,
382,07/22/24 04:30:00,70.137,0.0,,,,
383,07/22/24 04:40:00,70.137,0.0,,,,
384,07/22/24 04:50:00,70.137,0.0,,,,
385,07/22/24 05:00:00,70.137,0.0,,,,
386,07/22/24 05:10:00,69.964,0.0,,,,
387,07/22/24 05:20:00,69.964,0.0,,,,
388,07/22/24 05:30:00,69.964,0.0,,,,
389,07/22/24 05:40:00,69.964,0.0,,,,
390,07/22/24 05:50:00,69.964,2.0,,,,
391,07/22/24 06:00:00,69.964,11.0,,,,
392,07/22/24 06:10:00,69.793,25.0,,,,
393,07/22/24 06:20:00,69.793,52.0,,,,
394,07/22/24 06:30:00,69.793,79.0,,,,
395,07/22/24 06:40:00,69.793,90.0,,,,
396,07/22/24 06:50:00,69.793,106.0,,,,
397,07/22/24 07:00:00,69.793,208.0,,,,
398,07/22/24 07:10:00,69.793,144.0,,,,
399,07/22/24 07:20:00,69.793,192.0,,,,
400,07/22/24 07:30:00,69.964,200.0,,,,
401,07/22/24 07:40:00,69.964,240.0,,,,
402,07/22/24 07:50:00,69.964,256.0,,,,
403,07/22/24 08:00:00,70.137,288.0,,,,
404,07/22/24 08:10:00,70.137,352.0,,,,
405,07/22/24 08:20:00,70.137,336.0,,,,
406,07/22/24 08:30:00,70.137,464.0,,,,
407,07/22/24 08:40:00,70.137,480.0,,,,
408,07/22/24 08:50:00,70.308,608.0,,,,
409,07/22/24 09:00:00,70.308,576.0,,,,
410,07/22/24 09:10:00,70.308,576.0,,,,
411,07/22/24 09:20:00,70.308,608.0,,,,
412,07/22/24 09:30:00,70.480,512.0,,,,
413,07/22/24 09:40:00,70.480,768.0,,,,
414,07/22/24 09:50:00,70.651,608.0,,,,
415,07/22/24 10:00:00,70.651,672.0,,,,
416,07/22/24 10:10:00,70.651,1152.0,,,,
417,07/22/24 10:20:00,70.824,1472.0,,,,
418,07/22/24 10:30:00,70.824,864.0,,,,
419,07/22/24 10:40:00,70.995,896.0,,,,
420,07/22/24 10:50:00,70.995,992.0,,,,
421,07/22/24 11:00:00,71.168,960.0,,,,
422,07/22/24 11:10:00,71.168,1280.0,,,,
423,07/22/24 11:20:00,71.339,1728.0,,,,
424,07/22/24 11:30:00,71.512,1408.0,,,,
425,07/22/24 11:40:00,71.512,2048.0,,,,
426,07/22/24 11:50:00,71.683,2048.0,,,,
427,07/22/24 12:00:00,71.683,2304.0,,,,
428,07/22/24 12:10:00,71.683,2560.0,,,,
429,07/22/24 12:20:00,71.856,2432.0,,,,
430,07/22/24 12:30:00,71.856,2688.0,,,,
431,07/22/24 12:40:00,72.028,2304.0,,,,
432,07/22/24 12:50:00,72.028,2816.0,,,,
433,07/22/24 13:00:00,72.028,2816.0,,,,
434,07/22/24 13:10:00,72.199,2816.0,,,,
435,07/22/24 13:20:00,72.372,3072.0,,,,
436,07/22/24 13:30:00,71.856,1664.0,,,,
437,07/22/24 13:40:00,72.028,2560.0,,,,
438,07/22/24 13:50:00,72.372,2048.0,,,,
439,07/22/24 14:00:00,72.028,4352.0,,,,
440,07/22/24 14:10:00,72.199,1536.0,,,,
441,07/22/24 14:20:00,71.856,1344.0,,,,
442,07/22/24 14:30:00,72.372,2048.0,,,,
443,07/22/24 14:40:00,72.545,6400.0,,,,
444,07/22/24 14:50:00,72.028,1024.0,,,,
445,07/22/24 15:00:00,72.372,7168.0,,,,
446,07/22/24 15:10:00,72.372,1920.0,,,,
447,07/22/24 15:20:00,72.545,4608.0,,,,
448,07/22/24 15:30:00,72.545,2944.0,,,,
449,07/22/24 15:40:00,72.545,3072.0,,,,
450,07/22/24 15:50:00,72.372,1088.0,,,,
451,07/22/24 16:00:00,72.545,1920.0,,,,
452,07/22/24 16:10:00,72.372,2432.0,,,,
453,07/22/24 16:20:00,72.372,2560.0,,,,
454,07/22/24 16:30:00,72.372,2304.0,,,,
455,07/22/24 16:40:00,72.372,864.0,,,,
456,07/22/24 16:50:00,72.028,464.0,,,,
457,07/22/24 17:00:00,71.856,448.0,,,,
458,07/22/24 17:10:00,72.028,352.0,,,,
459,07/22/24 17:20:00,72.028,384.0,,,,
460,07/22/24 17:30:00,72.718,768.0,,,,
461,07/22/24 17:40:00,72.718,896.0,,,,
462,07/22/24 17:50:00,72.372,608.0,,,,
463,07/22/24 18:00:00,72.545,480.0,,,,
464,07/22/24 18:10:00,72.545,400.0,,,,
465,07/22/24 18:20:00,72.891,384.0,,,,
466,07/22/24 18:30:00,73.062,432.0,,,,
467,07/22/24 18:40:00,72.891,288.0,,,,
468,07/22/24 18:50:00,72.891,368.0,,,,
469,07/22/24 19:00:00,72.891,272.0,,,,
470,07/22/24 19:10:00,72.718,256.0,,,,
471,07/22/24 19:20:00,72.718,216.0,,,,
472,07/22/24 19:30:00,72.718,224.0,,,,
473,07/22/24 19:40:00,72.545,248.0,,,,
474,07/22/24 19:50:00,72.199,208.0,,,,
475,07/22/24 20:00:00,71.683,128.0,,,,
476,07/22/24 20:10:00,71.683,81.0,,,,
477,07/22/24 20:20:00,71.339,60.0,,,,
478,07/22/24 20:30:00,71.339,34.0,,,,
479,07/22/24 20:40:00,71.339,37.0,,,,
480,07/22/24 20:50:00,71.339,12.0,,,,
481,07/22/24 21:00:00,71.339,3.0,,,,
482,07/22/24 21:10:00,70.824,0.0,,,,
483,07/22/24 21:20:00,70.995,0.0,,,,
484,07/22/24 21:30:00,70.824,0.0,,,,
485,07/22/24 21:40:00,70.651,0.0,,,,
486,07/22/24 21:50:00,70.651,0.0,,,,
487,07/22/24 22:00:00,70.308,0.0,,,,
488,07/22/24 22:10:00,70.480,0.0,,,,
489,07/22/24 22:20:00,70.480,0.0,,,,
490,07/22/24 22:30:00,70.308,0.0,,,,
491,07/22/24 22:40:00,70.480,0.0,,,,
492,07/22/24 22:50:00,70.480,0.0,,,,
493,07/22/24 23:00:00,70.308,0.0,,,,
494,07/22/24 23:10:00,70.308,0.0,,,,
495,07/22/24 23:20:00,70.308,0.0,,,,
496,07/22/24 23:30:00,70.308,0.0,,,,
497,07/22/24 23:40:00,70.137,0.0,,,,
498,07/22/24 23:50:00,70.137,0.0,,,,
499,07/23/24 00:00:00,70.137,0.0,,,,
500,07/23/24 00:10:00,70.137,0.0,,,,
501,07/23/24 00:20:00,70.137,0.0,,,,
502,07/23/24 00:30:00,70.137,0.0,,,,
503,07/23/24 00:40:00,69.964,0.0,,,,
504,07/23/24 00:50:00,69.964,0.0,,,,
505,07/23/24 01:00:00,69.964,0.0,,,,
506,07/23/24 01:10:00,69.964,0.0,,,,
507,07/23/24 01:20:00,69.964,0.0,,,,
508,07/23/24 01:30:00,69.964,0.0,,,,
509,07/23/24 01:40:00,69.964,0.0,,,,
510,07/23/24 01:50:00,69.793,0.0,,,,
511,07/23/24 02:00:00,69.793,0.0,,,,
512,07/23/24 02:10:00,69.793,0.0,,,,
513,07/23/24 02:20:00,69.793,0.0,,,,
514,07/23/24 02:30:00,69.793,0.0,,,,
515,07/23/24 02:40:00,69.793,0.0,,,,
516,07/23/24 02:50:00,69.793,0.0,,,,
517,07/23/24 03:00:00,69.964,0.0,,,,
518,07/23/24 03:10:00,69.793,0.0,,,,
519,07/23/24 03:20:00,69.793,0.0,,,,
520,07/23/24 03:30:00,69.793,0.0,,,,
521,07/23/24 03:40:00,69.793,0.0,,,,
522,07/23/24 03:50:00,69.793,0.0,,,,
523,07/23/24 04:00:00,69.793,0.0,,,,
524,07/23/24 04:10:00,69.793,0.0,,,,
525,07/23/24 04:20:00,69.622,0.0,,,,
526,07/23/24 04:30:00,69.622,0.0,,,,
527,07/23/24 04:40:00,69.622,0.0,,,,
528,07/23/24 04:50:00,69.622,0.0,,,,
529,07/23/24 05:00:00,69.622,0.0,,,,
530,07/23/24 05:10:00,69.622,0.0,,,,
531,07/23/24 05:20:00,69.622,0.0,,,,
532,07/23/24 05:30:00,69.622,0.0,,,,
533,07/23/24 05:40:00,69.622,0.0,,,,
534,07/23/24 05:50:00,69.449,2.0,,,,
535,07/23/24 06:00:00,69.449,8.0,,,,
536,07/23/24 06:10:00,69.449,21.0,,,,
537,07/23/24 06:20:00,69.449,47.0,,,,
538,07/23/24 06:30:00,69.449,80.0,,,,
539,07/23/24 06:40:00,69.449,113.0,,,,
540,07/23/24 06:50:00,69.449,160.0,,,,
541,07/23/24 07:00:00,69.449,126.0,,,,
542,07/23/24 07:10:00,69.449,232.0,,,,
543,07/23/24 07:20:00,69.449,288.0,,,,
544,07/23/24 07:30:00,69.449,320.0,,,,
545,07/23/24 07:40:00,69.622,384.0,,,,
546,07/23/24 07:50:00,69.622,768.0,,,,
547,07/23/24 08:00:00,69.793,256.0,,,,
548,07/23/24 08:10:00,69.622,800.0,,,,
549,07/23/24 08:20:00,69.793,496.0,,,,
550,07/23/24 08:30:00,69.964,512.0,,,,
551,07/23/24 08:40:00,69.964,496.0,,,,
552,07/23/24 08:50:00,69.964,512.0,,,,
553,07/23/24 09:00:00,69.964,608.0,,,,
554,07/23/24 09:10:00,70.137,576.0,,,,
555,07/23/24 09:20:00,70.308,1024.0,,,,
556,07/23/24 09:30:00,70.480,2304.0,,,,
557,07/23/24 09:40:00,70.480,672.0,,,,
558,07/23/24 09:50:00,70.480,896.0,,,,
559,07/23/24 10:00:00,70.651,1216.0,,,,
560,07/23/24 10:10:00,70.651,2432.0,,,,
561,07/23/24 10:20:00,70.995,1920.0,,,,
562,07/23/24 10:30:00,71.168,3200.0,,,,
563,07/23/24 10:40:00,71.512,3968.0,,,,
564,07/23/24 10:50:00,71.512,3072.0,,,,
565,07/23/24 11:00:00,71.339,1216.0,,,,
566,07/23/24 11:10:00,71.168,1344.0,,,,
567,07/23/24 11:20:00,71.168,1920.0,,,,
568,07/23/24 11:30:00,71.339,1088.0,,,,
569,07/23/24 11:40:00,71.512,2432.0,,,,
570,07/23/24 11:50:00,71.512,2944.0,,,,
571,07/23/24 12:00:00,71.512,2432.0,,,,
572,07/23/24 12:10:00,71.512,2560.0,,,,
573,07/23/24 12:20:00,71.512,2816.0,,,,
574,07/23/24 12:30:00,71.683,3072.0,,,,
575,07/23/24 12:40:00,71.683,3584.0,,,,
576,07/23/24 12:50:00,71.683,2944.0,,,,
577,07/23/24 13:00:00,71.512,2688.0,,,,
578,07/23/24 13:10:00,71.683,3072.0,,,,
579,07/23/24 13:20:00,71.683,2432.0,,,,
580,07/23/24 13:30:00,71.856,3072.0,,,,
581,07/23/24 13:40:00,70.651,672.0,,,,
582,07/23/24 13:50:00,72.028,1792.0,,,,
583,07/23/24 14:00:00,71.856,1728.0,,,,
584,07/23/24 14:10:00,71.856,12288.0,,,,
585,07/23/24 14:20:00,71.512,3328.0,,,,
586,07/23/24 14:30:00,71.512,2560.0,,,,
587,07/23/24 14:40:00,72.028,6144.0,,,,
588,07/23/24 14:50:00,71.683,2688.0,,,,
589,07/23/24 15:00:00,72.028,5376.0,,,,
590,07/23/24 15:10:00,71.856,2560.0,,,,
591,07/23/24 15:20:00,71.683,1984.0,,,,
592,07/23/24 15:30:00,71.856,2944.0,,,,
593,07/23/24 15:40:00,72.718,2688.0,,,,
594,07/23/24 15:50:00,72.372,3200.0,,,,
595,07/23/24 16:00:00,72.545,4608.0,,,,
596,07/23/24 16:10:00,72.891,1728.0,,,,
597,07/23/24 16:20:00,72.718,896.0,,,,
598,07/23/24 16:30:00,71.856,992.0,,,,
599,07/23/24 16:40:00,72.372,1088.0,,,,
600,07/23/24 16:50:00,72.372,672.0,,,,
601,07/23/24 17:00:00,72.891,1408.0,,,,
602,07/23/24 17:10:00,72.891,608.0,,,,
603,07/23/24 17:20:00,73.062,1600.0,,,,
604,07/23/24 17:30:00,72.718,4608.0,,,,
605,07/23/24 17:40:00,72.718,352.0,,,,
606,07/23/24 17:50:00,73.407,3456.0,,,,
607,07/23/24 18:00:00,73.407,896.0,,,,
608,07/23/24 18:10:00,73.580,672.0,,,,
609,07/23/24 18:20:00,73.407,448.0,,,,
610,07/23/24 18:30:00,73.580,480.0,,,,
611,07/23/24 18:40:00,73.234,1216.0,,,,
612,07/23/24 18:50:00,73.407,1024.0,,,,
613,07/23/24 19:00:00,73.234,320.0,,,,
614,07/23/24 19:10:00,73.234,248.0,,,,
615,07/23/24 19:20:00,73.407,200.0,,,,
616,07/23/24 19:30:00,73.407,208.0,,,,
617,07/23/24 19:40:00,73.407,216.0,,,,
618,07/23/24 19:50:00,73.407,115.0,,,,
619,07/23/24 20:00:00,73.234,53.0,,,,
620,07/23/24 20:10:00,73.234,34.0,,,,
621,07/23/24 20:20:00,73.234,66.0,,,,
622,07/23/24 20:30:00,73.234,192.0,,,,
623,07/23/24 20:40:00,73.062,70.0,,,,
624,07/23/24 20:50:00,73.062,14.0,,,,
625,07/23/24 21:00:00,73.062,4.0,,,,
626,07/23/24 21:10:00,73.062,0.0,,,,
627,07/23/24 21:20:00,72.891,0.0,,,,
628,07/23/24 21:30:00,72.891,0.0,,,,
629,07/23/24 21:40:00,72.891,0.0,,,,
630,07/23/24 21:50:00,72.891,0.0,,,,
631,07/23/24 22:00:00,72.891,0.0,,,,
632,07/23/24 22:10:00,72.891,0.0,,,,
633,07/23/24 22:20:00,72.891,0.0,,,,
634,07/23/24 22:30:00,72.891,0.0,,,,
635,07/23/24 22:40:00,72.891,0.0,,,,
636,07/23/24 22:50:00,72.891,0.0,,,,
637,07/23/24 23:00:00,72.718,0.0,,,,
638,07/23/24 23:10:00,72.891,0.0,,,,
639,07/23/24 23:20:00,72.891,0.0,,,,
640,07/23/24 23:30:00,72.891,0.0,,,,
641,07/23/24 23:40:00,72.891,0.0,,,,
642,07/23/24 23:50:00,72.891,0.0,,,,
643,07/24/24 00:00:00,72.891,0.0,,,,
644,07/24/24 00:10:00,72.891,0.0,,,,
645,07/24/24 00:20:00,72.891,0.0,,,,
646,07/24/24 00:30:00,72.891,0.0,,,,
647,07/24/24 00:40:00,72.891,0.0,,,,
648,07/24/24 00:50:00,72.891,0.0,,,,
649,07/24/24 01:00:00,72.891,0.0,,,,
650,07/24/24 01:10:00,72.891,0.0,,,,
651,07/24/24 01:20:00,72.891,0.0,,,,
652,07/24/24 01:30:00,72.891,0.0,,,,
653,07/24/24 01:40:00,72.891,0.0,,,,
654,07/24/24 01:50:00,72.718,0.0,,,,
655,07/24/24 02:00:00,72.718,0.0,,,,
656,07/24/24 02:10:00,72.718,0.0,,,,
657,07/24/24 02:20:00,72.545,0.0,,,,
658,07/24/24 02:30:00,72.545,0.0,,,,
659,07/24/24 02:40:00,72.545,0.0,,,,
660,07/24/24 02:50:00,72.372,0.0,,,,
661,07/24/24 03:00:00,72.372,0.0,,,,
662,07/24/24 03:10:00,72.372,0.0,,,,
663,07/24/24 03:20:00,72.372,0.0,,,,
664,07/24/24 03:30:00,72.372,0.0,,,,
665,07/24/24 03:40:00,72.372,0.0,,,,
666,07/24/24 03:50:00,72.372,0.0,,,,
667,07/24/24 04:00:00,72.372,0.0,,,,
668,07/24/24 04:10:00,72.372,0.0,,,,
669,07/24/24 04:20:00,72.372,0.0,,,,
670,07/24/24 04:30:00,72.372,0.0,,,,
671,07/24/24 04:40:00,72.199,0.0,,,,
672,07/24/24 04:50:00,72.199,0.0,,,,
673,07/24/24 05:00:00,72.199,0.0,,,,
674,07/24/24 05:10:00,72.199,0.0,,,,
675,07/24/24 05:20:00,72.199,0.0,,,,
676,07/24/24 05:30:00,72.199,0.0,,,,
677,07/24/24 05:40:00,72.199,0.0,,,,
678,07/24/24 05:50:00,72.199,2.0,,,,
679,07/24/24 06:00:00,72.199,9.0,,,,
680,07/24/24 06:10:00,72.028,23.0,,,,
681,07/24/24 06:20:00,72.028,52.0,,,,
682,07/24/24 06:30:00,72.028,91.0,,,,
683,07/24/24 06:40:00,72.028,128.0,,,,
684,07/24/24 06:50:00,72.199,128.0,,,,
685,07/24/24 07:00:00,72.199,152.0,,,,
686,07/24/24 07:10:00,72.199,176.0,,,,
687,07/24/24 07:20:00,72.199,208.0,,,,
688,07/24/24 07:30:00,72.199,216.0,,,,
689,07/24/24 07:40:00,72.372,208.0,,,,
690,07/24/24 07:50:00,72.372,232.0,,,,
691,07/24/24 08:00:00,72.372,416.0,,,,
692,07/24/24 08:10:00,72.372,256.0,,,,
693,07/24/24 08:20:00,72.372,336.0,,,,
694,07/24/24 08:30:00,72.372,288.0,,,,
695,07/24/24 08:40:00,72.545,352.0,,,,
696,07/24/24 08:50:00,72.545,496.0,,,,
697,07/24/24 09:00:00,72.545,416.0,,,,
698,07/24/24 09:10:00,72.545,416.0,,,,
699,07/24/24 09:20:00,72.718,576.0,,,,
700,07/24/24 09:30:00,72.718,448.0,,,,
701,07/24/24 09:40:00,72.891,800.0,,,,
702,07/24/24 09:50:00,72.891,512.0,,,,
703,07/24/24 10:00:00,72.891,576.0,,,,
704,07/24/24 10:10:00,73.062,768.0,,,,
705,07/24/24 10:20:00,73.062,1536.0,,,,
706,07/24/24 10:30:00,73.234,704.0,,,,
707,07/24/24 10:40:00,73.234,1344.0,,,,
708,07/24/24 10:50:00,73.407,960.0,,,,
709,07/24/24 11:00:00,73.407,672.0,,,,
710,07/24/24 11:10:00,73.580,704.0,,,,
711,07/24/24 11:20:00,73.580,992.0,,,,
712,07/24/24 11:30:00,73.753,1152.0,,,,
713,07/24/24 11:40:00,73.753,1408.0,,,,
714,07/24/24 11:50:00,73.926,1728.0,,,,
715,07/24/24 12:00:00,74.098,2560.0,,,,
716,07/24/24 12:10:00,74.098,1920.0,,,,
717,07/24/24 12:20:00,74.271,2944.0,,,,
718,07/24/24 12:30:00,74.446,1920.0,,,,
719,07/24/24 12:40:00,74.446,2816.0,,,,
720,07/24/24 12:50:00,74.446,2816.0,,,,
721,07/24/24 13:00:00,74.271,1408.0,,,,
722,07/24/24 13:10:00,74.446,1856.0,,,,
723,07/24/24 13:20:00,74.098,3968.0,,,,
724,07/24/24 13:30:00,74.446,3200.0,,,,
725,07/24/24 13:40:00,74.791,2304.0,,,,
726,07/24/24 13:50:00,74.791,3456.0,,,,
727,07/24/24 14:00:00,74.791,2304.0,,,,
728,07/24/24 14:10:00,74.791,3200.0,,,,
729,07/24/24 14:20:00,74.791,1600.0,,,,
730,07/24/24 14:30:00,74.964,4096.0,,,,
731,07/24/24 14:40:00,73.234,704.0,,,,
732,07/24/24 14:50:00,73.926,768.0,,,,
733,07/24/24 15:00:00,73.407,800.0,,,,
734,07/24/24 15:10:00,73.753,5120.0,,,,
735,07/24/24 15:20:00,74.619,7424.0,,,,
736,07/24/24 15:30:00,74.446,2176.0,,,,
737,07/24/24 15:40:00,74.271,1344.0,,,,
738,07/24/24 15:50:00,74.098,608.0,,,,
739,07/24/24 16:00:00,73.753,1152.0,,,,
740,07/24/24 16:10:00,74.098,1344.0,,,,
741,07/24/24 16:20:00,74.098,1024.0,,,,
742,07/24/24 16:30:00,73.926,800.0,,,,
743,07/24/24 16:40:00,74.446,2688.0,,,,
744,07/24/24 16:50:00,74.791,1024.0,,,,
745,07/24/24 17:00:00,73.926,480.0,,,,
746,07/24/24 17:10:00,74.098,512.0,,,,
747,07/24/24 17:20:00,74.098,576.0,,,,
748,07/24/24 17:30:00,74.446,1344.0,,,,
749,07/24/24 17:40:00,74.619,960.0,,,,
750,07/24/24 17:50:00,74.098,672.0,,,,
751,07/24/24 18:00:00,74.271,512.0,,,,
752,07/24/24 18:10:00,74.446,608.0,,,,
753,07/24/24 18:20:00,74.098,416.0,,,,
754,07/24/24 18:30:00,73.926,448.0,,,,
755,07/24/24 18:40:00,73.926,768.0,,,,
756,07/24/24 18:50:00,73.580,288.0,,,,
757,07/24/24 19:00:00,73.234,336.0,,,,
758,07/24/24 19:10:00,72.891,256.0,,,,
759,07/24/24 19:20:00,72.718,272.0,,,,
760,07/24/24 19:30:00,72.545,184.0,,,,
761,07/24/24 19:40:00,72.372,152.0,,,,
762,07/24/24 19:50:00,72.199,119.0,,,,
763,07/24/24 20:00:00,72.199,144.0,,,,
764,07/24/24 20:10:00,71.683,93.0,,,,
765,07/24/24 20:20:00,71.168,51.0,,,,
766,07/24/24 20:30:00,70.824,38.0,,,,
767,07/24/24 20:40:00,70.651,17.0,,,,
768,07/24/24 20:50:00,70.480,6.0,,,,
769,07/24/24 21:00:00,70.480,1.0,,,,
770,07/24/24 21:10:00,70.824,0.0,,,,
771,07/24/24 21:20:00,70.308,0.0,,,,
772,07/24/24 21:30:00,69.107,0.0,,,,
773,07/24/24 21:40:00,68.421,0.0,,,,
774,07/24/24 21:50:00,68.421,0.0,,,,
775,07/24/24 22:00:00,68.421,0.0,,,,
776,07/24/24 22:10:00,68.421,0.0,,,,
777,07/24/24 22:20:00,68.592,0.0,,,,
778,07/24/24 22:30:00,68.592,0.0,,,,
779,07/24/24 22:40:00,68.763,0.0,,,,
780,07/24/24 22:50:00,68.934,0.0,,,,
781,07/24/24 23:00:00,69.107,0.0,,,,
782,07/24/24 23:10:00,69.622,0.0,,,,
783,07/24/24 23:20:00,69.622,0.0,,,,
784,07/24/24 23:30:00,69.449,0.0,,,,
785,07/24/24 23:40:00,69.278,0.0,,,,
786,07/24/24 23:50:00,68.934,0.0,,,,
787,07/25/24 00:00:00,68.763,0.0,,,,
788,07/25/24 00:10:00,68.934,0.0,,,,
789,07/25/24 00:20:00,69.278,0.0,,,,
790,07/25/24 00:30:00,69.107,0.0,,,,
791,07/25/24 00:40:00,68.763,0.0,,,,
792,07/25/24 00:50:00,68.934,0.0,,,,
793,07/25/24 01:00:00,69.793,0.0,,,,
794,07/25/24 01:10:00,69.793,0.0,,,,
795,07/25/24 01:20:00,69.964,0.0,,,,
796,07/25/24 01:30:00,69.964,0.0,,,,
797,07/25/24 01:40:00,70.137,0.0,,,,
798,07/25/24 01:50:00,70.308,0.0,,,,
799,07/25/24 02:00:00,70.308,0.0,,,,
800,07/25/24 02:10:00,69.964,0.0,,,,
801,07/25/24 02:20:00,70.137,0.0,,,,
802,07/25/24 02:30:00,69.964,0.0,,,,
803,07/25/24 02:40:00,69.622,0.0,,,,
804,07/25/24 02:50:00,69.793,0.0,,,,
805,07/25/24 03:00:00,69.964,0.0,,,,
806,07/25/24 03:10:00,69.964,0.0,,,,
807,07/25/24 03:20:00,70.308,0.0,,,,
808,07/25/24 03:30:00,70.137,0.0,,,,
809,07/25/24 03:40:00,70.137,0.0,,,,
810,07/25/24 03:50:00,70.137,0.0,,,,
811,07/25/24 04:00:00,70.137,0.0,,,,
812,07/25/24 04:10:00,70.137,0.0,,,,
813,07/25/24 04:20:00,70.137,0.0,,,,
814,07/25/24 04:30:00,70.137,0.0,,,,
815,07/25/24 04:40:00,70.137,0.0,,,,
816,07/25/24 04:50:00,69.964,0.0,,,,
817,07/25/24 05:00:00,69.964,0.0,,,,
818,07/25/24 05:10:00,69.964,0.0,,,,
819,07/25/24 05:20:00,69.793,0.0,,,,
820,07/25/24 05:30:00,69.793,0.0,,,,
821,07/25/24 05:40:00,69.793,0.0,,,,
822,07/25/24 05:50:00,69.793,0.0,,,,
823,07/25/24 06:00:00,69.793,3.0,,,,
824,07/25/24 06:10:00,69.793,9.0,,,,
825,07/25/24 06:20:00,69.793,46.0,,,,
826,07/25/24 06:30:00,69.793,52.0,,,,
827,07/25/24 06:40:00,69.793,53.0,,,,
828,07/25/24 06:50:00,69.793,49.0,,,,
829,07/25/24 07:00:00,69.793,90.0,,,,
830,07/25/24 07:10:00,69.964,240.0,,,,
831,07/25/24 07:20:00,69.964,200.0,,,,
832,07/25/24 07:30:00,69.964,256.0,,,,
833,07/25/24 07:40:00,70.137,416.0,,,,
834,07/25/24 07:50:00,69.964,352.0,,,,
835,07/25/24 08:00:00,69.964,336.0,,,,
836,07/25/24 08:10:00,70.137,304.0,,,,
837,07/25/24 08:20:00,70.137,464.0,,,,
838,07/25/24 08:30:00,69.964,288.0,,,,
839,07/25/24 08:40:00,69.964,184.0,,,,
840,07/25/24 08:50:00,69.964,184.0,,,,
841,07/25/24 09:00:00,69.964,248.0,,,,
842,07/25/24 09:10:00,69.964,240.0,,,,
843,07/25/24 09:20:00,69.793,122.0,,,,
844,07/25/24 09:30:00,69.964,216.0,,,,
845,07/25/24 09:40:00,69.964,400.0,,,,
846,07/25/24 09:50:00,69.964,480.0,,,,
847,07/25/24 10:00:00,70.137,512.0,,,,
848,07/25/24 10:10:00,70.137,512.0,,,,
849,07/25/24 10:20:00,70.137,512.0,,,,
850,07/25/24 10:30:00,69.964,448.0,,,,
851,07/25/24 10:40:00,69.964,368.0,,,,
852,07/25/24 10:50:00,69.964,496.0,,,,
853,07/25/24 11:00:00,70.137,672.0,,,,
854,07/25/24 11:10:00,70.651,2560.0,,,,
855,07/25/24 11:20:00,71.512,2688.0,,,,
856,07/25/24 11:30:00,71.168,2304.0,,,,
857,07/25/24 11:40:00,71.339,1664.0,,,,
858,07/25/24 11:50:00,70.995,1792.0,,,,
859,07/25/24 12:00:00,71.856,2432.0,,,,
860,07/25/24 12:10:00,71.512,2176.0,,,,
861,07/25/24 12:20:00,70.824,1152.0,,,,
862,07/25/24 12:30:00,70.824,1024.0,,,,
863,07/25/24 12:40:00,70.824,1216.0,,,,
864,07/25/24 12:50:00,70.995,2048.0,,,,
865,07/25/24 13:00:00,71.339,1920.0,,,,
866,07/25/24 13:10:00,70.995,1536.0,,,,
867,07/25/24 13:20:00,71.339,1280.0,,,,
868,07/25/24 13:30:00,72.545,1536.0,,,,
869,07/25/24 13:40:00,71.512,1472.0,,,,
870,07/25/24 13:50:00,72.199,1472.0,,,,
871,07/25/24 14:00:00,71.856,2688.0,,,,
872,07/25/24 14:10:00,72.718,4608.0,,,,
873,07/25/24 14:20:00,71.339,960.0,,,,
874,07/25/24 14:30:00,71.168,992.0,,,,
875,07/25/24 14:40:00,71.168,1280.0,,,,
876,07/25/24 14:50:00,71.168,1152.0,,,,
877,07/25/24 15:00:00,71.339,896.0,,,,
878,07/25/24 15:10:00,71.856,2688.0,,,,
879,07/25/24 15:20:00,72.545,2176.0,,,,
880,07/25/24 15:30:00,71.683,864.0,,,,
881,07/25/24 15:40:00,71.512,992.0,,,,
882,07/25/24 15:50:00,71.512,432.0,,,,
883,07/25/24 16:00:00,71.856,768.0,,,,
884,07/25/24 16:10:00,72.545,1728.0,,,,
885,07/25/24 16:20:00,71.339,2176.0,,,,
886,07/25/24 16:30:00,71.856,608.0,,,,
887,07/25/24 16:40:00,71.512,416.0,,,,
888,07/25/24 16:50:00,71.512,512.0,,,,
889,07/25/24 17:00:00,71.339,432.0,,,,
890,07/25/24 17:10:00,71.339,448.0,,,,
891,07/25/24 17:20:00,71.339,608.0,,,,
892,07/25/24 17:30:00,71.168,512.0,,,,
893,07/25/24 17:40:00,70.995,288.0,,,,
894,07/25/24 17:50:00,70.651,304.0,,,,
895,07/25/24 18:00:00,70.651,400.0,,,,
896,07/25/24 18:10:00,70.480,400.0,,,,
897,07/25/24 18:20:00,70.824,608.0,,,,
898,07/25/24 18:30:00,70.824,512.0,,,,
899,07/25/24 18:40:00,70.824,672.0,,,,
900,07/25/24 18:50:00,70.824,368.0,,,,
901,07/25/24 19:00:00,70.480,192.0,,,,
902,07/25/24 19:10:00,70.480,168.0,,,,
903,07/25/24 19:20:00,70.480,224.0,,,,
904,07/25/24 19:30:00,70.308,232.0,,,,
905,07/25/24 19:40:00,70.308,144.0,,,,
906,07/25/24 19:50:00,70.308,192.0,,,,
907,07/25/24 20:00:00,70.137,176.0,,,,
908,07/25/24 20:10:00,70.137,97.0,,,,
909,07/25/24 20:20:00,70.137,71.0,,,,
910,07/25/24 20:30:00,70.308,59.0,,,,
911,07/25/24 20:40:00,70.308,23.0,,,,
912,07/25/24 20:50:00,70.137,6.0,,,,
913,07/25/24 21:00:00,70.137,1.0,,,,
914,07/25/24 21:10:00,70.137,0.0,,,,
915,07/25/24 21:20:00,70.137,0.0,,,,
916,07/25/24 21:30:00,69.964,0.0,,,,
917,07/25/24 21:40:00,69.793,0.0,,,,
918,07/25/24 21:50:00,69.622,0.0,,,,
919,07/25/24 22:00:00,69.449,0.0,,,,
920,07/25/24 22:10:00,69.449,0.0,,,,
921,07/25/24 22:20:00,69.449,0.0,,,,
922,07/25/24 22:30:00,69.449,0.0,,,,
923,07/25/24 22:40:00,69.449,0.0,,,,
924,07/25/24 22:50:00,69.449,0.0,,,,
925,07/25/24 23:00:00,69.278,0.0,,,,
926,07/25/24 23:10:00,69.278,0.0,,,,
927,07/25/24 23:20:00,69.278,0.0,,,,
928,07/25/24 23:30:00,69.107,0.0,,,,
929,07/25/24 23:40:00,69.107,0.0,,,,
930,07/25/24 23:50:00,69.107,0.0,,,,
931,07/26/24 00:00:00,68.934,0.0,,,,
932,07/26/24 00:10:00,68.934,0.0,,,,
933,07/26/24 00:20:00,68.934,0.0,,,,
934,07/26/24 00:30:00,68.763,0.0,,,,
935,07/26/24 00:40:00,68.763,0.0,,,,
936,07/26/24 00:50:00,68.592,0.0,,,,
937,07/26/24 01:00:00,68.421,0.0,,,,
938,07/26/24 01:10:00,68.248,0.0,,,,
939,07/26/24 01:20:00,68.248,0.0,,,,
940,07/26/24 01:30:00,68.248,0.0,,,,
941,07/26/24 01:40:00,67.906,0.0,,,,
942,07/26/24 01:50:00,68.077,0.0,,,,
943,07/26/24 02:00:00,68.077,0.0,,,,
944,07/26/24 02:10:00,68.077,0.0,,,,
945,07/26/24 02:20:00,67.906,0.0,,,,
946,07/26/24 02:30:00,67.906,0.0,,,,
947,07/26/24 02:40:00,67.906,0.0,,,,
948,07/26/24 02:50:00,67.735,0.0,,,,
949,07/26/24 03:00:00,67.735,0.0,,,,
950,07/26/24 03:10:00,67.735,0.0,,,,
951,07/26/24 03:20:00,67.906,0.0,,,,
952,07/26/24 03:30:00,67.906,0.0,,,,
953,07/26/24 03:40:00,67.735,0.0,,,,
954,07/26/24 03:50:00,67.735,0.0,,,,
955,07/26/24 04:00:00,67.735,0.0,,,,
956,07/26/24 04:10:00,67.735,0.0,,,,
957,07/26/24 04:20:00,67.735,0.0,,,,
958,07/26/24 04:30:00,67.735,0.0,,,,
959,07/26/24 04:40:00,67.735,0.0,,,,
960,07/26/24 04:50:00,67.906,0.0,,,,
961,07/26/24 05:00:00,67.906,0.0,,,,
962,07/26/24 05:10:00,67.906,0.0,,,,
963,07/26/24 05:20:00,67.906,0.0,,,,
964,07/26/24 05:30:00,67.906,0.0,,,,
965,07/26/24 05:40:00,68.077,0.0,,,,
966,07/26/24 05:50:00,68.077,0.0,,,,
967,07/26/24 06:00:00,68.248,4.0,,,,
968,07/26/24 06:10:00,68.248,10.0,,,,
969,07/26/24 06:20:00,68.248,31.0,,,,
970,07/26/24 06:30:00,68.248,44.0,,,,
971,07/26/24 06:40:00,68.248,136.0,,,,
972,07/26/24 06:50:00,68.248,99.0,,,,
973,07/26/24 07:00:00,68.077,99.0,,,,
974,07/26/24 07:10:00,68.077,256.0,,,,
975,07/26/24 07:20:00,66.537,272.0,,,,
976,07/26/24 07:30:00,67.392,168.0,,,,
977,07/26/24 07:40:00,67.906,168.0,,,,
978,07/26/24 07:50:00,68.077,224.0,,,,
979,07/26/24 08:00:00,68.077,248.0,,,,
980,07/26/24 08:10:00,67.906,352.0,,,,
981,07/26/24 08:20:00,68.077,368.0,,,,
982,07/26/24 08:30:00,67.735,448.0,,,,
983,07/26/24 08:40:00,67.906,336.0,,,,
984,07/26/24 08:50:00,68.077,336.0,,,,
985,07/26/24 09:00:00,68.077,496.0,,,,
986,07/26/24 09:10:00,68.248,480.0,,,,
987,07/26/24 09:20:00,68.248,432.0,,,,
988,07/26/24 09:30:00,68.248,1152.0,,,,
989,07/26/24 09:40:00,68.248,576.0,,,,
990,07/26/24 09:50:00,68.421,1344.0,,,,
991,07/26/24 10:00:00,68.592,800.0,,,,
992,07/26/24 10:10:00,68.592,2176.0,,,,
993,07/26/24 10:20:00,69.107,2304.0,,,,
994,07/26/24 10:30:00,68.763,896.0,,,,
995,07/26/24 10:40:00,68.934,768.0,,,,
996,07/26/24 10:50:00,69.107,1024.0,,,,
997,07/26/24 11:00:00,69.107,992.0,,,,
998,07/26/24 11:10:00,69.107,1152.0,,,,
999,07/26/24 11:20:00,69.107,1280.0,,,,
1000,07/26/24 11:30:00,68.763,896.0,,,,
1001,07/26/24 11:40:00,69.107,3584.0,,,,
1002,07/26/24 11:50:00,69.107,1728.0,,,,
1003,07/26/24 12:00:00,69.449,2432.0,,,,
1004,07/26/24 12:10:00,69.622,3968.0,,,,
1005,07/26/24 12:20:00,69.622,1728.0,,,,
1006,07/26/24 12:30:00,69.622,5888.0,,,,
1007,07/26/24 12:40:00,69.449,1216.0,,,,
1008,07/26/24 12:50:00,69.449,2688.0,,,,
1009,07/26/24 13:00:00,70.137,3968.0,,,,
1010,07/26/24 13:10:00,69.622,1728.0,,,,
1011,07/26/24 13:20:00,69.622,2176.0,,,,
1012,07/26/24 13:30:00,70.137,1792.0,,,,
1013,07/26/24 13:40:00,69.449,768.0,,,,
1014,07/26/24 13:50:00,69.793,1600.0,,,,
1015,07/26/24 14:00:00,69.107,608.0,,,,
1016,07/26/24 14:10:00,68.934,1536.0,,,,
1017,07/26/24 14:20:00,68.934,896.0,,,,
1018,07/26/24 14:30:00,69.449,800.0,,,,
1019,07/26/24 14:40:00,68.934,768.0,,,,
1020,07/26/24 14:50:00,68.763,672.0,,,,
1021,07/26/24 15:00:00,68.421,224.0,,,,
1022,07/26/24 15:10:00,68.421,208.0,,,,
1023,07/26/24 15:20:00,69.622,2176.0,,,,
1024,07/26/24 15:30:00,69.278,1344.0,,,,
1025,07/26/24 15:40:00,68.934,1216.0,,,,
1026,07/26/24 15:50:00,69.278,1920.0,,,,
1027,07/26/24 16:00:00,69.107,2304.0,,,,
1028,07/26/24 16:10:00,69.107,1152.0,,,,
1029,07/26/24 16:20:00,68.763,992.0,,,,
1030,07/26/24 16:30:00,68.592,896.0,,,,
1031,07/26/24 16:40:00,68.763,1344.0,,,,
1032,07/26/24 16:50:00,68.421,464.0,,,,
1033,07/26/24 17:00:00,67.906,864.0,,,,
1034,07/26/24 17:10:00,68.421,1792.0,,,,
1035,07/26/24 17:20:00,67.906,512.0,,,,
1036,07/26/24 17:30:00,67.906,608.0,,,,
1037,07/26/24 17:40:00,67.735,400.0,,,,
1038,07/26/24 17:50:00,67.906,400.0,,,,
1039,07/26/24 18:00:00,68.077,1152.0,,,,
1040,07/26/24 18:10:00,68.248,992.0,,,,
1041,07/26/24 18:20:00,68.077,512.0,,,,
1042,07/26/24 18:30:00,67.906,464.0,,,,
1043,07/26/24 18:40:00,67.906,576.0,,,,
1044,07/26/24 18:50:00,67.564,320.0,,,,
1045,07/26/24 19:00:00,67.564,272.0,,,,
1046,07/26/24 19:10:00,67.392,240.0,,,,
1047,07/26/24 19:20:00,67.392,224.0,,,,
1048,07/26/24 19:30:00,67.392,208.0,,,,
1049,07/26/24 19:40:00,67.221,160.0,,,,
1050,07/26/24 19:50:00,67.221,105.0,,,,
1051,07/26/24 20:00:00,67.221,110.0,,,,
1052,07/26/24 20:10:00,67.221,79.0,,,,
1053,07/26/24 20:20:00,67.050,57.0,,,,
1054,07/26/24 20:30:00,67.050,29.0,,,,
1055,07/26/24 20:40:00,67.050,15.0,,,,
1056,07/26/24 20:50:00,67.050,7.0,,,,
1057,07/26/24 21:00:00,66.879,3.0,,,,
1058,07/26/24 21:10:00,66.879,0.0,,,,
1059,07/26/24 21:20:00,66.879,0.0,,,,
1060,07/26/24 21:30:00,66.879,0.0,,,,
1061,07/26/24 21:40:00,66.879,0.0,,,,
1062,07/26/24 21:50:00,66.879,0.0,,,,
1063,07/26/24 22:00:00,66.708,0.0,,,,
1064,07/26/24 22:10:00,66.708,0.0,,,,
1065,07/26/24 22:20:00,66.537,0.0,,,,
1066,07/26/24 22:30:00,66.537,0.0,,,,
1067,07/26/24 22:40:00,66.537,0.0,,,,
1068,07/26/24 22:50:00,66.537,0.0,,,,
1069,07/26/24 23:00:00,66.537,0.0,,,,
1070,07/26/24 23:10:00,66.537,0.0,,,,
1071,07/26/24 23:20:00,66.537,0.0,,,,
1072,07/26/24 23:30:00,66.537,0.0,,,,
1073,07/26/24 23:40:00,66.537,0.0,,,,
1074,07/26/24 23:50:00,66.537,0.0,,,,
1075,07/27/24 00:00:00,66.537,0.0,,,,
1076,07/27/24 00:10:00,66.366,0.0,,,,
1077,07/27/24 00:20:00,66.366,0.0,,,,
1078,07/27/24 00:30:00,66.537,0.0,,,,
1079,07/27/24 00:40:00,66.366,0.0,,,,
1080,07/27/24 00:50:00,66.366,0.0,,,,
1081,07/27/24 01:00:00,66.366,0.0,,,,
1082,07/27/24 01:10:00,66.366,0.0,,,,
1083,07/27/24 01:20:00,66.366,0.0,,,,
1084,07/27/24 01:30:00,66.193,0.0,,,,
1085,07/27/24 01:40:00,66.193,0.0,,,,
1086,07/27/24 01:50:00,66.193,0.0,,,,
1087,07/27/24 02:00:00,66.193,0.0,,,,
1088,07/27/24 02:10:00,66.193,0.0,,,,
1089,07/27/24 02:20:00,66.193,0.0,,,,
1090,07/27/24 02:30:00,66.193,0.0,,,,
1091,07/27/24 02:40:00,66.022,0.0,,,,
1092,07/27/24 02:50:00,66.022,0.0,,,,
1093,07/27/24 03:00:00,66.022,0.0,,,,
1094,07/27/24 03:10:00,66.022,0.0,,,,
1095,07/27/24 03:20:00,66.022,0.0,,,,
1096,07/27/24 03:30:00,66.022,0.0,,,,
1097,07/27/24 03:40:00,65.851,0.0,,,,
1098,07/27/24 03:50:00,65.851,0.0,,,,
1099,07/27/24 04:00:00,65.851,0.0,,,,
1100,07/27/24 04:10:00,65.680,0.0,,,,
1101,07/27/24 04:20:00,65.509,0.0,,,,
1102,07/27/24 04:30:00,65.509,0.0,,,,
1103,07/27/24 04:40:00,65.509,0.0,,,,
1104,07/27/24 04:50:00,65.509,0.0,,,,
1105,07/27/24 05:00:00,65.509,0.0,,,,
1106,07/27/24 05:10:00,65.338,0.0,,,,
1107,07/27/24 05:20:00,65.338,0.0,,,,
1108,07/27/24 05:30:00,65.338,0.0,,,,
1109,07/27/24 05:40:00,65.338,0.0,,,,
1110,07/27/24 05:50:00,65.338,1.0,,,,
1111,07/27/24 06:00:00,65.338,4.0,,,,
1112,07/27/24 06:10:00,65.338,12.0,,,,
1113,07/27/24 06:20:00,65.338,25.0,,,,
1114,07/27/24 06:30:00,65.338,56.0,,,,
1115,07/27/24 06:40:00,65.338,96.0,,,,
1116,07/27/24 06:50:00,65.338,128.0,,,,
1117,07/27/24 07:00:00,65.338,136.0,,,,
1118,07/27/24 07:10:00,65.338,184.0,,,,
1119,07/27/24 07:20:00,65.509,368.0,,,,
1120,07/27/24 07:30:00,65.509,384.0,,,,
1121,07/27/24 07:40:00,65.509,400.0,,,,
1122,07/27/24 07:50:00,65.509,416.0,,,,
1123,07/27/24 08:00:00,65.509,352.0,,,,
1124,07/27/24 08:10:00,65.680,384.0,,,,
1125,07/27/24 08:20:00,65.680,368.0,,,,
1126,07/27/24 08:30:00,65.680,384.0,,,,
1127,07/27/24 08:40:00,65.680,352.0,,,,
1128,07/27/24 08:50:00,65.680,352.0,,,,
1129,07/27/24 09:00:00,65.680,464.0,,,,
1130,07/27/24 09:10:00,65.851,1152.0,,,,
1131,07/27/24 09:20:00,65.680,672.0,,,,
1132,07/27/24 09:30:00,65.680,992.0,,,,
1133,07/27/24 09:40:00,65.851,1152.0,,,,
1134,07/27/24 09:50:00,65.680,704.0,,,,
1135,07/27/24 10:00:00,65.851,992.0,,,,
1136,07/27/24 10:10:00,65.851,768.0,,,,
1137,07/27/24 10:20:00,66.022,864.0,,,,
1138,07/27/24 10:30:00,65.851,672.0,,,,
1139,07/27/24 10:40:00,65.851,768.0,,,,
1140,07/27/24 10:50:00,65.680,512.0,,,,
1141,07/27/24 11:00:00,66.193,1280.0,,,,
1142,07/27/24 11:10:00,66.366,1344.0,,,,
1143,07/27/24 11:20:00,66.193,1216.0,,,,
1144,07/27/24 11:30:00,66.537,1792.0,,,,
1145,07/27/24 11:40:00,66.879,4608.0,,,,
1146,07/27/24 11:50:00,66.366,1344.0,,,,
1147,07/27/24 12:00:00,67.221,1920.0,,,,
1148,07/27/24 12:10:00,66.879,1536.0,,,,
1149,07/27/24 12:20:00,67.050,2688.0,,,,
1150,07/27/24 12:30:00,66.879,1664.0,,,,
1151,07/27/24 12:40:00,66.708,3968.0,,,,
1152,07/27/24 12:50:00,66.366,1152.0,,,,
1153,07/27/24 13:00:00,66.879,1344.0,,,,
1154,07/27/24 13:10:00,67.392,3968.0,,,,
1155,07/27/24 13:20:00,67.392,2816.0,,,,
1156,07/27/24 13:30:00,67.564,3584.0,,,,
1157,07/27/24 13:40:00,67.392,5376.0,,,,
1158,07/27/24 13:50:00,67.564,3840.0,,,,
1159,07/27/24 14:00:00,66.537,2816.0,,,,
1160,07/27/24 14:10:00,66.537,672.0,,,,
1161,07/27/24 14:20:00,66.366,576.0,,,,
1162,07/27/24 14:30:00,66.366,800.0,,,,
1163,07/27/24 14:40:00,66.708,1536.0,,,,
1164,07/27/24 14:50:00,67.564,2560.0,,,,
1165,07/27/24 15:00:00,67.050,704.0,,,,
1166,07/27/24 15:10:00,67.564,4352.0,,,,
1167,07/27/24 15:20:00,67.050,1280.0,,,,
1168,07/27/24 15:30:00,66.537,768.0,,,,
1169,07/27/24 15:40:00,66.708,864.0,,,,
1170,07/27/24 15:50:00,66.708,704.0,,,,
1171,07/27/24 16:00:00,66.879,1216.0,,,,
1172,07/27/24 16:10:00,67.221,992.0,,,,
1173,07/27/24 16:20:00,67.735,1600.0,,,,
1174,07/27/24 16:30:00,66.708,464.0,,,,
1175,07/27/24 16:40:00,66.537,480.0,,,,
1176,07/27/24 16:50:00,66.708,576.0,,,,
1177,07/27/24 17:00:00,66.537,432.0,,,,
1178,07/27/24 17:10:00,66.366,416.0,,,,
1179,07/27/24 17:20:00,66.366,352.0,,,,
1180,07/27/24 17:30:00,66.366,232.0,,,,
1181,07/27/24 17:40:00,66.193,56.0,,,,
1182,07/27/24 17:50:00,66.366,122.0,,,,
1183,07/27/24 18:00:00,66.366,83.0,,,,
1184,07/27/24 18:10:00,66.366,45.0,,,,
1185,07/27/24 18:20:00,66.366,84.0,,,,
1186,07/27/24 18:30:00,66.366,256.0,,,,
1187,07/27/24 18:40:00,66.366,256.0,,,,
1188,07/27/24 18:50:00,66.366,304.0,,,,
1189,07/27/24 19:00:00,66.366,200.0,,,,
1190,07/27/24 19:10:00,66.193,152.0,,,,
1191,07/27/24 19:20:00,66.537,122.0,,,,
1192,07/27/24 19:30:00,66.537,106.0,,,,
1193,07/27/24 19:40:00,66.537,49.0,,,,
1194,07/27/24 19:50:00,66.366,18.0,,,,
1195,07/27/24 20:00:00,66.193,13.0,,,,
1196,07/27/24 20:10:00,66.193,32.0,,,,
1197,07/27/24 20:20:00,66.022,28.0,,,,
1198,07/27/24 20:30:00,65.851,10.0,,,,
1199,07/27/24 20:40:00,65.851,2.0,,,,
1200,07/27/24 20:50:00,65.680,2.0,,,,
1201,07/27/24 21:00:00,65.680,0.0,,,,
1202,07/27/24 21:10:00,65.680,0.0,,,,
1203,07/27/24 21:20:00,65.680,0.0,,,,
1204,07/27/24 21:30:00,65.680,0.0,,,,
1205,07/27/24 21:40:00,65.509,0.0,,,,
1206,07/27/24 21:50:00,65.509,0.0,,,,
1207,07/27/24 22:00:00,65.509,0.0,,,,
1208,07/27/24 22:10:00,65.680,0.0,,,,
1209,07/27/24 22:20:00,65.680,0.0,,,,
1210,07/27/24 22:30:00,65.509,0.0,,,,
1211,07/27/24 22:40:00,65.509,0.0,,,,
1212,07/27/24 22:50:00,65.680,0.0,,,,
1213,07/27/24 23:00:00,65.680,0.0,,,,
1214,07/27/24 23:10:00,65.680,0.0,,,,
1215,07/27/24 23:20:00,65.680,0.0,,,,
1216,07/27/24 23:30:00,65.680,0.0,,,,
1217,07/27/24 23:40:00,65.680,0.0,,,,
1218,07/27/24 23:50:00,65.680,0.0,,,,
1219,07/28/24 00:00:00,65.509,0.0,,,,
1220,07/28/24 00:10:00,65.509,0.0,,,,
1221,07/28/24 00:20:00,65.509,0.0,,,,
1222,07/28/24 00:30:00,65.509,0.0,,,,
1223,07/28/24 00:40:00,65.509,0.0,,,,
1224,07/28/24 00:50:00,65.509,0.0,,,,
1225,07/28/24 01:00:00,65.338,0.0,,,,
1226,07/28/24 01:10:00,65.338,0.0,,,,
1227,07/28/24 01:20:00,65.338,0.0,,,,
1228,07/28/24 01:30:00,65.338,0.0,,,,
1229,07/28/24 01:40:00,65.338,0.0,,,,
1230,07/28/24 01:50:00,65.338,0.0,,,,
1231,07/28/24 02:00:00,65.338,0.0,,,,
1232,07/28/24 02:10:00,65.338,0.0,,,,
1233,07/28/24 02:20:00,65.338,0.0,,,,
1234,07/28/24 02:30:00,65.338,0.0,,,,
1235,07/28/24 02:40:00,65.167,0.0,,,,
1236,07/28/24 02:50:00,65.167,0.0,,,,
1237,07/28/24 03:00:00,65.167,0.0,,,,
1238,07/28/24 03:10:00,65.167,0.0,,,,
1239,07/28/24 03:20:00,65.167,0.0,,,,
1240,07/28/24 03:30:00,65.167,0.0,,,,
1241,07/28/24 03:40:00,65.167,0.0,,,,
1242,07/28/24 03:50:00,65.167,0.0,,,,
1243,07/28/24 04:00:00,65.167,0.0,,,,
1244,07/28/24 04:10:00,65.167,0.0,,,,
1245,07/28/24 04:20:00,65.167,0.0,,,,
1246,07/28/24 04:30:00,65.167,0.0,,,,
1247,07/28/24 04:40:00,65.167,0.0,,,,
1248,07/28/24 04:50:00,65.167,0.0,,,,
1249,07/28/24 05:00:00,65.167,0.0,,,,
1250,07/28/24 05:10:00,64.996,0.0,,,,
1251,07/28/24 05:20:00,65.167,0.0,,,,
1252,07/28/24 05:30:00,64.996,0.0,,,,
1253,07/28/24 05:40:00,64.996,0.0,,,,
1254,07/28/24 05:50:00,64.996,0.0,,,,
1255,07/28/24 06:00:00,64.996,3.0,,,,
1256,07/28/24 06:10:00,64.996,11.0,,,,
1257,07/28/24 06:20:00,64.996,25.0,,,,
1258,07/28/24 06:30:00,64.996,42.0,,,,
1259,07/28/24 06:40:00,64.996,74.0,,,,
1260,07/28/24 06:50:00,64.996,120.0,,,,
1261,07/28/24 07:00:00,64.996,144.0,,,,
1262,07/28/24 07:10:00,65.167,184.0,,,,
1263,07/28/24 07:20:00,65.167,216.0,,,,
1264,07/28/24 07:30:00,65.167,256.0,,,,
1265,07/28/24 07:40:00,65.167,304.0,,,,
1266,07/28/24 07:50:00,65.167,304.0,,,,
1267,07/28/24 08:00:00,65.167,400.0,,,,
1268,07/28/24 08:10:00,65.338,368.0,,,,
1269,07/28/24 08:20:00,65.167,256.0,,,,
1270,07/28/24 08:30:00,65.338,416.0,,,,
1271,07/28/24 08:40:00,65.509,480.0,,,,
1272,07/28/24 08:50:00,65.680,480.0,,,,
1273,07/28/24 09:00:00,65.509,320.0,,,,
1274,07/28/24 09:10:00,65.509,304.0,,,,
1275,07/28/24 09:20:00,66.022,672.0,,,,
1276,07/28/24 09:30:00,66.022,704.0,,,,
1277,07/28/24 09:40:00,66.193,768.0,,,,
1278,07/28/24 09:50:00,65.680,480.0,,,,
1279,07/28/24 10:00:00,66.193,800.0,,,,
1280,07/28/24 10:10:00,66.366,768.0,,,,
1281,07/28/24 10:20:00,66.022,608.0,,,,
1282,07/28/24 10:30:00,66.537,864.0,,,,
1283,07/28/24 10:40:00,66.537,960.0,,,,
1284,07/28/24 10:50:00,66.708,1344.0,,,,
1285,07/28/24 11:00:00,66.708,1024.0,,,,
1286,07/28/24 11:10:00,66.879,1024.0,,,,
1287,07/28/24 11:20:00,66.879,2048.0,,,,
1288,07/28/24 11:30:00,67.050,1536.0,,,,
1289,07/28/24 11:40:00,66.879,2048.0,,,,
1290,07/28/24 11:50:00,67.050,3456.0,,,,
1291,07/28/24 12:00:00,67.050,1536.0,,,,
1292,07/28/24 12:10:00,67.050,1408.0,,,,
1293,07/28/24 12:20:00,67.221,2048.0,,,,
1294,07/28/24 12:30:00,67.221,1664.0,,,,
1295,07/28/24 12:40:00,67.221,2304.0,,,,
1296,07/28/24 12:50:00,67.392,2688.0,,,,
1297,07/28/24 13:00:00,67.564,2560.0,,,,
1298,07/28/24 13:10:00,67.564,3072.0,,,,
1299,07/28/24 13:20:00,67.564,2688.0,,,,
1300,07/28/24 13:30:00,67.735,2304.0,,,,
1301,07/28/24 13:40:00,67.564,2688.0,,,,
1302,07/28/24 13:50:00,67.221,864.0,,,,
1303,07/28/24 14:00:00,67.221,2432.0,,,,
1304,07/28/24 14:10:00,67.564,2816.0,,,,
1305,07/28/24 14:20:00,67.564,3840.0,,,,
1306,07/28/24 14:30:00,67.735,2688.0,,,,
1307,07/28/24 14:40:00,67.221,1344.0,,,,
1308,07/28/24 14:50:00,67.221,2432.0,,,,
1309,07/28/24 15:00:00,67.392,800.0,,,,
1310,07/28/24 15:10:00,67.221,800.0,,,,
1311,07/28/24 15:20:00,67.564,1792.0,,,,
1312,07/28/24 15:30:00,67.392,2176.0,,,,
1313,07/28/24 15:40:00,67.392,672.0,,,,
1314,07/28/24 15:50:00,67.221,672.0,,,,
1315,07/28/24 16:00:00,67.564,672.0,,,,
1316,07/28/24 16:10:00,67.564,1280.0,,,,
1317,07/28/24 16:20:00,67.392,2176.0,,,,
1318,07/28/24 16:30:00,67.392,1344.0,,,,
1319,07/28/24 16:40:00,67.221,1856.0,,,,
1320,07/28/24 16:50:00,67.392,1920.0,,,,
1321,07/28/24 17:00:00,67.221,672.0,,,,
1322,07/28/24 17:10:00,67.221,800.0,,,,
1323,07/28/24 17:20:00,67.221,864.0,,,,
1324,07/28/24 17:30:00,67.050,864.0,,,,
1325,07/28/24 17:40:00,67.050,2048.0,,,,
1326,07/28/24 17:50:00,67.050,480.0,,,,
1327,07/28/24 18:00:00,66.708,480.0,,,,
1328,07/28/24 18:10:00,66.879,496.0,,,,
1329,07/28/24 18:20:00,67.050,384.0,,,,
1330,07/28/24 18:30:00,66.537,352.0,,,,
1331,07/28/24 18:40:00,66.708,336.0,,,,
1332,07/28/24 18:50:00,66.537,304.0,,,,
1333,07/28/24 19:00:00,66.366,216.0,,,,
1334,07/28/24 19:10:00,66.193,208.0,,,,
1335,07/28/24 19:20:00,66.022,184.0,,,,
1336,07/28/24 19:30:00,65.851,160.0,,,,
1337,07/28/24 19:40:00,65.851,136.0,,,,
1338,07/28/24 19:50:00,65.509,128.0,,,,
1339,07/28/24 20:00:00,65.680,98.0,,,,
1340,07/28/24 20:10:00,65.509,75.0,,,,
1341,07/28/24 20:20:00,65.680,52.0,,,,
1342,07/28/24 20:30:00,65.509,33.0,,,,
1343,07/28/24 20:40:00,65.509,17.0,,,,
1344,07/28/24 20:50:00,65.509,7.0,,,,
1345,07/28/24 21:00:00,65.509,1.0,,,,
1346,07/28/24 21:10:00,65.509,0.0,,,,
1347,07/28/24 21:20:00,65.509,0.0,,,,
1348,07/28/24 21:30:00,65.509,0.0,,,,
1349,07/28/24 21:40:00,65.338,0.0,,,,
1350,07/28/24 21:50:00,65.338,0.0,,,,
1351,07/28/24 22:00:00,65.338,0.0,,,,
1352,07/28/24 22:10:00,65.338,0.0,,,,
1353,07/28/24 22:20:00,65.338,0.0,,,,
1354,07/28/24 22:30:00,65.167,0.0,,,,
1355,07/28/24 22:40:00,65.167,0.0,,,,
1356,07/28/24 22:50:00,65.167,0.0,,,,
1357,07/28/24 23:00:00,65.167,0.0,,,,
1358,07/28/24 23:10:00,65.167,0.0,,,,
1359,07/28/24 23:20:00,65.167,0.0,,,,
1360,07/28/24 23:30:00,65.167,0.0,,,,
1361,07/28/24 23:40:00,65.167,0.0,,,,
1362,07/28/24 23:50:00,65.167,0.0,,,,
1363,07/29/24 00:00:00,65.167,0.0,,,,
1364,07/29/24 00:10:00,65.338,0.0,,,,
1365,07/29/24 00:20:00,65.338,0.0,,,,
1366,07/29/24 00:30:00,65.338,0.0,,,,
1367,07/29/24 00:40:00,65.338,0.0,,,,
1368,07/29/24 00:50:00,65.338,0.0,,,,
1369,07/29/24 01:00:00,65.338,0.0,,,,
1370,07/29/24 01:10:00,65.338,0.0,,,,
1371,07/29/24 01:20:00,65.338,0.0,,,,
1372,07/29/24 01:30:00,65.338,0.0,,,,
1373,07/29/24 01:40:00,65.338,0.0,,,,
1374,07/29/24 01:50:00,65.338,0.0,,,,
1375,07/29/24 02:00:00,65.167,0.0,,,,
1376,07/29/24 02:10:00,65.167,0.0,,,,
1377,07/29/24 02:20:00,65.167,0.0,,,,
1378,07/29/24 02:30:00,65.167,0.0,,,,
1379,07/29/24 02:40:00,65.167,0.0,,,,
1380,07/29/24 02:50:00,65.167,0.0,,,,
1381,07/29/24 03:00:00,65.167,0.0,,,,
1382,07/29/24 03:10:00,65.167,0.0,,,,
1383,07/29/24 03:20:00,65.167,0.0,,,,
1384,07/29/24 03:30:00,65.167,0.0,,,,
1385,07/29/24 03:40:00,65.167,0.0,,,,
1386,07/29/24 03:50:00,65.167,0.0,,,,
1387,07/29/24 04:00:00,64.996,0.0,,,,
1388,07/29/24 04:10:00,65.167,0.0,,,,
1389,07/29/24 04:20:00,64.996,0.0,,,,
1390,07/29/24 04:30:00,65.167,0.0,,,,
1391,07/29/24 04:40:00,64.996,0.0,,,,
1392,07/29/24 04:50:00,64.996,0.0,,,,
1393,07/29/24 05:00:00,64.996,0.0,,,,
1394,07/29/24 05:10:00,64.996,0.0,,,,
1395,07/29/24 05:20:00,64.996,0.0,,,,
1396,07/29/24 05:30:00,64.996,0.0,,,,
1397,07/29/24 05:40:00,64.996,0.0,,,,
1398,07/29/24 05:50:00,64.996,0.0,,,,
1399,07/29/24 06:00:00,64.996,3.0,,,,
1400,07/29/24 06:10:00,64.996,10.0,,,,
1401,07/29/24 06:20:00,64.996,23.0,,,,
1402,07/29/24 06:30:00,64.996,39.0,,,,
1403,07/29/24 06:40:00,64.996,61.0,,,,
1404,07/29/24 06:50:00,64.996,118.0,,,,
1405,07/29/24 07:00:00,65.167,107.0,,,,
1406,07/29/24 07:10:00,65.167,136.0,,,,
1407,07/29/24 07:20:00,65.167,160.0,,,,
1408,07/29/24 07:30:00,65.167,168.0,,,,
1409,07/29/24 07:40:00,65.167,208.0,,,,
1410,07/29/24 07:50:00,65.338,240.0,,,,
1411,07/29/24 08:00:00,65.338,304.0,,,,
1412,07/29/24 08:10:00,65.338,320.0,,,,
1413,07/29/24 08:20:00,65.338,256.0,,,,
1414,07/29/24 08:30:00,65.338,304.0,,,,
1415,07/29/24 08:40:00,65.338,304.0,,,,
1416,07/29/24 08:50:00,65.509,432.0,,,,
1417,07/29/24 09:00:00,65.509,512.0,,,,
1418,07/29/24 09:10:00,65.509,384.0,,,,
1419,07/29/24 09:20:00,65.680,480.0,,,,
1420,07/29/24 09:30:00,65.680,608.0,,,,
1421,07/29/24 09:40:00,65.851,576.0,,,,
1422,07/29/24 09:50:00,65.851,608.0,,,,
1423,07/29/24 10:00:00,65.851,704.0,,,,
1424,07/29/24 10:10:00,66.022,704.0,,,,
1425,07/29/24 10:20:00,66.193,704.0,,,,
1426,07/29/24 10:30:00,66.193,800.0,,,,
1427,07/29/24 10:40:00,66.193,896.0,,,,
1428,07/29/24 10:50:00,66.366,800.0,,,,
1429,07/29/24 11:00:00,66.366,672.0,,,,
1430,07/29/24 11:10:00,66.708,896.0,,,,
1431,07/29/24 11:20:00,66.708,1024.0,,,,
1432,07/29/24 11:30:00,66.879,1088.0,,,,
1433,07/29/24 11:40:00,66.879,896.0,,,,
1434,07/29/24 11:50:00,67.050,1152.0,,,,
1435,07/29/24 12:00:00,66.879,1344.0,,,,
1436,07/29/24 12:10:00,66.537,1408.0,,,,
1437,07/29/24 12:20:00,67.050,2432.0,,,,
1438,07/29/24 12:30:00,67.221,3200.0,,,,
1439,07/29/24 12:40:00,67.392,1024.0,,,,
1440,07/29/24 12:50:00,67.564,2688.0,,,,
1441,07/29/24 13:00:00,67.735,2688.0,,,,
1442,07/29/24 13:10:00,67.906,4096.0,,,,
1443,07/29/24 13:20:00,67.735,3456.0,,,,
1444,07/29/24 13:30:00,68.077,3456.0,,,,
1445,07/29/24 13:40:00,66.537,400.0,,,,
1446,07/29/24 13:50:00,67.906,1856.0,,,,
1447,07/29/24 14:00:00,67.906,2688.0,,,,
1448,07/29/24 14:10:00,67.735,3456.0,,,,
1449,07/29/24 14:20:00,66.708,576.0,,,,
1450,07/29/24 14:30:00,66.879,512.0,,,,
1451,07/29/24 14:40:00,66.879,464.0,,,,
1452,07/29/24 14:50:00,67.735,4352.0,,,,
1453,07/29/24 15:00:00,67.564,2816.0,,,,
1454,07/29/24 15:10:00,67.735,4352.0,,,,
1455,07/29/24 15:20:00,67.735,3072.0,,,,
1456,07/29/24 15:30:00,67.392,1152.0,,,,
1457,07/29/24 15:40:00,67.221,1088.0,,,,
1458,07/29/24 15:50:00,67.564,2688.0,,,,
1459,07/29/24 16:00:00,67.564,576.0,,,,
1460,07/29/24 16:10:00,67.906,992.0,,,,
1461,07/29/24 16:20:00,67.564,864.0,,,,
1462,07/29/24 16:30:00,66.537,496.0,,,,
1463,07/29/24 16:40:00,66.366,1344.0,,,,
1464,07/29/24 16:50:00,66.879,1344.0,,,,
1465,07/29/24 17:00:00,67.392,608.0,,,,
1466,07/29/24 17:10:00,67.050,864.0,,,,
1467,07/29/24 17:20:00,66.708,864.0,,,,
1468,07/29/24 17:30:00,66.879,608.0,,,,
1469,07/29/24 17:40:00,67.050,576.0,,,,
1470,07/29/24 17:50:00,66.879,800.0,,,,
1471,07/29/24 18:00:00,66.537,448.0,,,,
1472,07/29/24 18:10:00,66.366,384.0,,,,
1473,07/29/24 18:20:00,66.708,304.0,,,,
1474,07/29/24 18:30:00,66.537,304.0,,,,
1475,07/29/24 18:40:00,66.366,336.0,,,,
1476,07/29/24 18:50:00,66.366,256.0,,,,
1477,07/29/24 19:00:00,66.193,288.0,,,,
1478,07/29/24 19:10:00,66.022,272.0,,,,
1479,07/29/24 19:20:00,66.022,208.0,,,,
1480,07/29/24 19:30:00,65.851,136.0,,,,
1481,07/29/24 19:40:00,65.851,216.0,,,,
1482,07/29/24 19:50:00,65.851,114.0,,,,
1483,07/29/24 20:00:00,65.680,136.0,,,,
1484,07/29/24 20:10:00,65.680,83.0,,,,
1485,07/29/24 20:20:00,65.680,52.0,,,,
1486,07/29/24 20:30:00,65.851,32.0,,,,
1487,07/29/24 20:40:00,65.680,17.0,,,,
1488,07/29/24 20:50:00,65.680,7.0,,,,
1489,07/29/24 21:00:00,65.680,1.0,,,,
1490,07/29/24 21:10:00,65.680,0.0,,,,
1491,07/29/24 21:20:00,65.680,0.0,,,,
1492,07/29/24 21:30:00,65.509,0.0,,,,
1493,07/29/24 21:40:00,65.509,0.0,,,,
1494,07/29/24 21:50:00,65.509,0.0,,,,
1495,07/29/24 22:00:00,65.509,0.0,,,,
1496,07/29/24 22:10:00,65.509,0.0,,,,
1497,07/29/24 22:20:00,65.509,0.0,,,,
1498,07/29/24 22:30:00,65.509,0.0,,,,
1499,07/29/24 22:40:00,65.509,0.0,,,,
1500,07/29/24 22:50:00,65.338,0.0,,,,
1501,07/29/24 23:00:00,65.338,0.0,,,,
1502,07/29/24 23:10:00,65.338,0.0,,,,
1503,07/29/24 23:20:00,65.338,0.0,,,,
1504,07/29/24 23:30:00,65.338,0.0,,,,
1505,07/29/24 23:40:00,65.338,0.0,,,,
1506,07/29/24 23:50:00,65.167,0.0,,,,
1507,07/30/24 00:00:00,65.167,0.0,,,,
1508,07/30/24 00:10:00,65.167,0.0,,,,
1509,07/30/24 00:20:00,65.167,0.0,,,,
1510,07/30/24 00:30:00,65.167,0.0,,,,
1511,07/30/24 00:40:00,65.167,0.0,,,,
1512,07/30/24 00:50:00,65.167,0.0,,,,
1513,07/30/24 01:00:00,64.996,0.0,,,,
1514,07/30/24 01:10:00,64.996,0.0,,,,
1515,07/30/24 01:20:00,64.996,0.0,,,,
1516,07/30/24 01:30:00,64.996,0.0,,,,
1517,07/30/24 01:40:00,64.996,0.0,,,,
1518,07/30/24 01:50:00,64.996,0.0,,,,
1519,07/30/24 02:00:00,64.996,0.0,,,,
1520,07/30/24 02:10:00,64.825,0.0,,,,
1521,07/30/24 02:20:00,64.825,0.0,,,,
1522,07/30/24 02:30:00,64.996,0.0,,,,
1523,07/30/24 02:40:00,64.825,0.0,,,,
1524,07/30/24 02:50:00,64.825,0.0,,,,
1525,07/30/24 03:00:00,64.825,0.0,,,,
1526,07/30/24 03:10:00,64.825,0.0,,,,
1527,07/30/24 03:20:00,64.825,0.0,,,,
1528,07/30/24 03:30:00,64.825,0.0,,,,
1529,07/30/24 03:40:00,64.825,0.0,,,,
1530,07/30/24 03:50:00,64.825,0.0,,,,
1531,07/30/24 04:00:00,64.825,0.0,,,,
1532,07/30/24 04:10:00,64.652,0.0,,,,
1533,07/30/24 04:20:00,64.652,0.0,,,,
1534,07/30/24 04:30:00,64.652,0.0,,,,
1535,07/30/24 04:40:00,64.652,0.0,,,,
1536,07/30/24 04:50:00,64.652,0.0,,,,
1537,07/30/24 05:00:00,64.652,0.0,,,,
1538,07/30/24 05:10:00,64.652,0.0,,,,
1539,07/30/24 05:20:00,64.652,0.0,,,,
1540,07/30/24 05:30:00,64.652,0.0,,,,
1541,07/30/24 05:40:00,64.652,0.0,,,,
1542,07/30/24 05:50:00,64.652,0.0,,,,
1543,07/30/24 06:00:00,64.652,2.0,,,,
1544,07/30/24 06:10:00,64.652,8.0,,,,
1545,07/30/24 06:20:00,64.652,19.0,,,,
1546,07/30/24 06:30:00,64.652,40.0,,,,
1547,07/30/24 06:40:00,64.652,73.0,,,,
1548,07/30/24 06:50:00,64.652,89.0,,,,
1549,07/30/24 07:00:00,64.652,116.0,,,,
1550,07/30/24 07:10:00,64.652,144.0,,,,
1551,07/30/24 07:20:00,64.652,168.0,,,,
1552,07/30/24 07:30:00,64.652,184.0,,,,
1553,07/30/24 07:40:00,64.825,184.0,,,,
1554,07/30/24 07:50:00,64.825,240.0,,,,
1555,07/30/24 08:00:00,64.825,272.0,,,,
1556,07/30/24 08:10:00,64.996,320.0,,,,
1557,07/30/24 08:20:00,64.996,304.0,,,,
1558,07/30/24 08:30:00,64.996,368.0,,,,
1559,07/30/24 08:40:00,64.996,416.0,,,,
1560,07/30/24 08:50:00,64.996,768.0,,,,
1561,07/30/24 09:00:00,65.167,496.0,,,,
1562,07/30/24 09:10:00,65.167,576.0,,,,
1563,07/30/24 09:20:00,65.338,576.0,,,,
1564,07/30/24 09:30:00,65.338,608.0,,,,
1565,07/30/24 09:40:00,65.338,672.0,,,,
1566,07/30/24 09:50:00,65.509,608.0,,,,
1567,07/30/24 10:00:00,65.680,768.0,,,,
1568,07/30/24 10:10:00,65.851,864.0,,,,
1569,07/30/24 10:20:00,65.509,368.0,,,,
1570,07/30/24 10:30:00,65.509,432.0,,,,
1571,07/30/24 10:40:00,65.509,464.0,,,,
1572,07/30/24 10:50:00,65.509,608.0,,,,
1573,07/30/24 11:00:00,65.680,672.0,,,,
1574,07/30/24 11:10:00,65.680,768.0,,,,
1575,07/30/24 11:20:00,66.022,1088.0,,,,
1576,07/30/24 11:30:00,65.851,800.0,,,,
1577,07/30/24 11:40:00,66.366,1152.0,,,,
1578,07/30/24 11:50:00,65.851,1024.0,,,,
1579,07/30/24 12:00:00,66.193,1472.0,,,,
1580,07/30/24 12:10:00,66.366,1408.0,,,,
1581,07/30/24 12:20:00,66.022,1152.0,,,,
1582,07/30/24 12:30:00,66.193,1472.0,,,,
1583,07/30/24 12:40:00,66.366,1600.0,,,,
1584,07/30/24 12:50:00,66.193,1408.0,,,,
1585,07/30/24 13:00:00,65.851,672.0,,,,
1586,07/30/24 13:10:00,65.851,992.0,,,,
1587,07/30/24 13:20:00,66.366,2816.0,,,,
1588,07/30/24 13:30:00,66.193,1728.0,,,,
1589,07/30/24 13:40:00,66.193,1216.0,,,,
1590,07/30/24 13:50:00,66.022,1088.0,,,,
1591,07/30/24 14:00:00,65.851,768.0,,,,
1592,07/30/24 14:10:00,65.851,672.0,,,,
1593,07/30/24 14:20:00,65.680,768.0,,,,
1594,07/30/24 14:30:00,65.680,704.0,,,,
1595,07/30/24 14:40:00,65.851,1536.0,,,,
1596,07/30/24 14:50:00,66.022,960.0,,,,
1597,07/30/24 15:00:00,65.680,960.0,,,,
1598,07/30/24 15:10:00,65.338,304.0,,,,
1599,07/30/24 15:20:00,65.167,352.0,,,,
1600,07/30/24 15:30:00,65.338,608.0,,,,
1601,07/30/24 15:40:00,65.851,1600.0,,,,
1602,07/30/24 15:50:00,65.851,992.0,,,,
1603,07/30/24 16:00:00,65.509,672.0,,,,
1604,07/30/24 16:10:00,65.338,480.0,,,,
1605,07/30/24 16:20:00,65.509,608.0,,,,
1606,07/30/24 16:30:00,65.680,800.0,,,,
1607,07/30/24 16:40:00,65.680,768.0,,,,
1608,07/30/24 16:50:00,65.338,384.0,,,,
1609,07/30/24 17:00:00,65.338,336.0,,,,
1610,07/30/24 17:10:00,65.680,1152.0,,,,
1611,07/30/24 17:20:00,66.022,960.0,,,,
1612,07/30/24 17:30:00,65.338,512.0,,,,
1613,07/30/24 17:40:00,65.338,608.0,,,,
1614,07/30/24 17:50:00,65.338,480.0,,,,
1615,07/30/24 18:00:00,65.167,368.0,,,,
1616,07/30/24 18:10:00,65.338,432.0,,,,
1617,07/30/24 18:20:00,65.167,208.0,,,,
1618,07/30/24 18:30:00,64.996,168.0,,,,
1619,07/30/24 18:40:00,64.996,248.0,,,,
1620,07/30/24 18:50:00,64.996,336.0,,,,
1621,07/30/24 19:00:00,64.996,128.0,,,,
1622,07/30/24 19:10:00,64.825,121.0,,,,
1623,07/30/24 19:20:00,64.825,128.0,,,,
1624,07/30/24 19:30:00,64.825,192.0,,,,
1625,07/30/24 19:40:00,64.825,62.0,,,,
1626,07/30/24 19:50:00,64.825,23.0,,,,
1627,07/30/24 20:00:00,64.825,20.0,,,,
1628,07/30/24 20:10:00,64.825,24.0,,,,
1629,07/30/24 20:20:00,64.652,13.0,,,,
1630,07/30/24 20:30:00,64.652,11.0,,,,
1631,07/30/24 20:40:00,64.652,3.0,,,,
1632,07/30/24 20:50:00,64.652,0.0,,,,
1633,07/30/24 21:00:00,64.652,0.0,,,,
1634,07/30/24 21:10:00,64.652,0.0,,,,
1635,07/30/24 21:20:00,64.652,0.0,,,,
1636,07/30/24 21:30:00,64.652,0.0,,,,
1637,07/30/24 21:40:00,64.652,0.0,,,,
1638,07/30/24 21:50:00,64.652,0.0,,,,
1639,07/30/24 22:00:00,64.652,0.0,,,,
1640,07/30/24 22:10:00,64.652,0.0,,,,
1641,07/30/24 22:20:00,64.652,0.0,,,,
1642,07/30/24 22:30:00,64.652,0.0,,,,
1643,07/30/24 22:40:00,64.652,0.0,,,,
1644,07/30/24 22:50:00,64.652,0.0,,,,
1645,07/30/24 23:00:00,64.652,0.0,,,,
1646,07/30/24 23:10:00,64.652,0.0,,,,
1647,07/30/24 23:20:00,64.652,0.0,,,,
1648,07/30/24 23:30:00,64.481,0.0,,,,
1649,07/30/24 23:40:00,64.481,0.0,,,,
1650,07/30/24 23:50:00,64.481,0.0,,,,
1651,07/31/24 00:00:00,64.481,0.0,,,,
1652,07/31/24 00:10:00,64.481,0.0,,,,
1653,07/31/24 00:20:00,64.481,0.0,,,,
1654,07/31/24 00:30:00,64.481,0.0,,,,
1655,07/31/24 00:40:00,64.481,0.0,,,,
1656,07/31/24 00:50:00,64.481,0.0,,,,
1657,07/31/24 01:00:00,64.481,0.0,,,,
1658,07/31/24 01:10:00,64.481,0.0,,,,
1659,07/31/24 01:20:00,64.310,0.0,,,,
1660,07/31/24 01:30:00,64.310,0.0,,,,
1661,07/31/24 01:40:00,64.310,0.0,,,,
1662,07/31/24 01:50:00,64.310,0.0,,,,
1663,07/31/24 02:00:00,64.310,0.0,,,,
1664,07/31/24 02:10:00,64.310,0.0,,,,
1665,07/31/24 02:20:00,64.310,0.0,,,,
1666,07/31/24 02:30:00,64.310,0.0,,,,
1667,07/31/24 02:40:00,64.310,0.0,,,,
1668,07/31/24 02:50:00,64.139,0.0,,,,
1669,07/31/24 03:00:00,64.139,0.0,,,,
1670,07/31/24 03:10:00,64.139,0.0,,,,
1671,07/31/24 03:20:00,64.139,0.0,,,,
1672,07/31/24 03:30:00,64.139,0.0,,,,
1673,07/31/24 03:40:00,64.139,0.0,,,,
1674,07/31/24 03:50:00,64.139,0.0,,,,
1675,07/31/24 04:00:00,64.139,0.0,,,,
1676,07/31/24 04:10:00,64.139,0.0,,,,
1677,07/31/24 04:20:00,64.139,0.0,,,,
1678,07/31/24 04:30:00,64.139,0.0,,,,
1679,07/31/24 04:40:00,64.139,0.0,,,,
1680,07/31/24 04:50:00,64.139,0.0,,,,
1681,07/31/24 05:00:00,64.139,0.0,,,,
1682,07/31/24 05:10:00,64.139,0.0,,,,
1683,07/31/24 05:20:00,64.139,0.0,,,,
1684,07/31/24 05:30:00,64.139,0.0,,,,
1685,07/31/24 05:40:00,64.139,0.0,,,,
1686,07/31/24 05:50:00,64.139,0.0,,,,
1687,07/31/24 06:00:00,64.139,0.0,,,,
1688,07/31/24 06:10:00,64.139,3.0,,,,
1689,07/31/24 06:20:00,64.139,14.0,,,,
1690,07/31/24 06:30:00,64.139,25.0,,,,
1691,07/31/24 06:40:00,64.139,46.0,,,,
1692,07/31/24 06:50:00,64.139,74.0,,,,
1693,07/31/24 07:00:00,64.139,86.0,,,,
1694,07/31/24 07:10:00,64.139,87.0,,,,
1695,07/31/24 07:20:00,64.139,176.0,,,,
1696,07/31/24 07:30:00,64.139,160.0,,,,
1697,07/31/24 07:40:00,64.139,136.0,,,,
1698,07/31/24 07:50:00,64.139,224.0,,,,
1699,07/31/24 08:00:00,64.139,272.0,,,,
1700,07/31/24 08:10:00,64.139,288.0,,,,
1701,07/31/24 08:20:00,64.139,336.0,,,,
1702,07/31/24 08:30:00,64.310,368.0,,,,
1703,07/31/24 08:40:00,64.310,400.0,,,,
1704,07/31/24 08:50:00,64.310,512.0,,,,
1705,07/31/24 09:00:00,64.310,512.0,,,,
1706,07/31/24 09:10:00,64.652,768.0,,,,
1707,07/31/24 09:20:00,64.652,768.0,,,,
1708,07/31/24 09:30:00,65.167,896.0,,,,
1709,07/31/24 09:40:00,65.167,704.0,,,,
1710,07/31/24 09:50:00,65.338,768.0,,,,
1711,07/31/24 10:00:00,65.509,864.0,,,,
1712,07/31/24 10:10:00,65.338,864.0,,,,
1713,07/31/24 10:20:00,65.338,768.0,,,,
1714,07/31/24 10:30:00,65.338,704.0,,,,
1715,07/31/24 10:40:00,65.509,992.0,,,,
1716,07/31/24 10:50:00,65.851,1536.0,,,,
1717,07/31/24 11:00:00,65.851,1408.0,,,,
1718,07/31/24 11:10:00,66.022,864.0,,,,
1719,07/31/24 11:20:00,66.022,1856.0,,,,
1720,07/31/24 11:30:00,66.193,1152.0,,,,
1721,07/31/24 11:40:00,66.193,2048.0,,,,
1722,07/31/24 11:50:00,66.537,2432.0,,,,
1723,07/31/24 12:00:00,66.537,2688.0,,,,
1724,07/31/24 12:10:00,66.708,2048.0,,,,
1725,07/31/24 12:20:00,66.537,1984.0,,,,
1726,07/31/24 12:30:00,66.537,3072.0,,,,
1727,07/31/24 12:40:00,66.879,1088.0,,,,
1728,07/31/24 12:50:00,66.708,3712.0,,,,
1729,07/31/24 13:00:00,66.708,4352.0,,,,
1730,07/31/24 13:10:00,66.708,2816.0,,,,
1731,07/31/24 13:20:00,66.708,2816.0,,,,
1732,07/31/24 13:30:00,66.879,576.0,,,,
1733,07/31/24 13:40:00,67.392,1472.0,,,,
1734,07/31/24 13:50:00,67.564,2560.0,,,,
1735,07/31/24 14:00:00,67.221,3456.0,,,,
1736,07/31/24 14:10:00,68.592,3456.0,,,,
1737,07/31/24 14:20:00,68.248,2304.0,,,,
1738,07/31/24 14:30:00,68.077,1664.0,,,,
1739,07/31/24 14:40:00,67.564,2432.0,,,,
1740,07/31/24 14:50:00,67.735,2944.0,,,,
1741,07/31/24 15:00:00,67.564,4352.0,,,,
1742,07/31/24 15:10:00,67.906,1152.0,,,,
1743,07/31/24 15:20:00,67.906,800.0,,,,
1744,07/31/24 15:30:00,68.592,2432.0,,,,
1745,07/31/24 15:40:00,68.421,3968.0,,,,
1746,07/31/24 15:50:00,68.248,896.0,,,,
1747,07/31/24 16:00:00,68.077,2304.0,,,,
1748,07/31/24 16:10:00,67.906,3200.0,,,,
1749,07/31/24 16:20:00,67.735,1408.0,,,,
1750,07/31/24 16:30:00,67.564,2432.0,,,,
1751,07/31/24 16:40:00,67.564,1344.0,,,,
1752,07/31/24 16:50:00,66.708,1536.0,,,,
1753,07/31/24 17:00:00,67.564,1344.0,,,,
1754,07/31/24 17:10:00,67.564,1344.0,,,,
1755,07/31/24 17:20:00,67.392,608.0,,,,
1756,07/31/24 17:30:00,67.392,1792.0,,,,
1757,07/31/24 17:40:00,67.050,1664.0,,,,
1758,07/31/24 17:50:00,66.879,864.0,,,,
1759,07/31/24 18:00:00,66.879,672.0,,,,
1760,07/31/24 18:10:00,66.708,992.0,,,,
1761,07/31/24 18:20:00,66.366,416.0,,,,
1762,07/31/24 18:30:00,66.193,400.0,,,,
1763,07/31/24 18:40:00,66.193,1280.0,,,,
1764,07/31/24 18:50:00,66.022,168.0,,,,
1765,07/31/24 19:00:00,65.851,124.0,,,,
1766,07/31/24 19:10:00,65.680,113.0,,,,
1767,07/31/24 19:20:00,65.509,90.0,,,,
1768,07/31/24 19:30:00,65.338,107.0,,,,
1769,07/31/24 19:40:00,65.338,91.0,,,,
1770,07/31/24 19:50:00,65.338,73.0,,,,
1771,07/31/24 20:00:00,65.167,81.0,,,,
1772,07/31/24 20:10:00,65.167,62.0,,,,
1773,07/31/24 20:20:00,64.996,39.0,,,,
1774,07/31/24 20:30:00,64.996,31.0,,,,
1775,07/31/24 20:40:00,64.825,16.0,,,,
1776,07/31/24 20:50:00,64.825,6.0,,,,
1777,07/31/24 21:00:00,64.652,1.0,,,,
1778,07/31/24 21:10:00,64.652,0.0,,,,
1779,07/31/24 21:20:00,64.652,0.0,,,,
1780,07/31/24 21:30:00,64.652,0.0,,,,
1781,07/31/24 21:40:00,64.652,0.0,,,,
1782,07/31/24 21:50:00,64.481,0.0,,,,
1783,07/31/24 22:00:00,64.481,0.0,,,,
1784,07/31/24 22:10:00,64.481,0.0,,,,
1785,07/31/24 22:20:00,64.481,0.0,,,,
1786,07/31/24 22:30:00,64.481,0.0,,,,
1787,07/31/24 22:40:00,64.310,0.0,,,,
1788,07/31/24 22:50:00,64.310,0.0,,,,
1789,07/31/24 23:00:00,64.310,0.0,,,,
1790,07/31/24 23:10:00,64.310,0.0,,,,
1791,07/31/24 23:20:00,64.310,0.0,,,,
1792,07/31/24 23:30:00,64.310,0.0,,,,
1793,07/31/24 23:40:00,64.310,0.0,,,,
1794,07/31/24 23:50:00,64.139,0.0,,,,
1795,08/01/24 00:00:00,64.310,0.0,,,,
1796,08/01/24 00:10:00,64.139,0.0,,,,
1797,08/01/24 00:20:00,64.139,0.0,,,,
1798,08/01/24 00:30:00,64.139,0.0,,,,
1799,08/01/24 00:40:00,64.139,0.0,,,,
1800,08/01/24 00:50:00,64.139,0.0,,,,
1801,08/01/24 01:00:00,64.139,0.0,,,,
1802,08/01/24 01:10:00,64.139,0.0,,,,
1803,08/01/24 01:20:00,64.139,0.0,,,,
1804,08/01/24 01:30:00,64.139,0.0,,,,
1805,08/01/24 01:40:00,64.139,0.0,,,,
1806,08/01/24 01:50:00,63.968,0.0,,,,
1807,08/01/24 02:00:00,64.139,0.0,,,,
1808,08/01/24 02:10:00,63.968,0.0,,,,
1809,08/01/24 02:20:00,63.968,0.0,,,,
1810,08/01/24 02:30:00,63.968,0.0,,,,
1811,08/01/24 02:40:00,63.968,0.0,,,,
1812,08/01/24 02:50:00,63.968,0.0,,,,
1813,08/01/24 03:00:00,64.139,0.0,,,,
1814,08/01/24 03:10:00,64.139,0.0,,,,
1815,08/01/24 03:20:00,64.310,0.0,,,,
1816,08/01/24 03:30:00,64.310,0.0,,,,
1817,08/01/24 03:40:00,64.310,0.0,,,,
1818,08/01/24 03:50:00,64.310,0.0,,,,
1819,08/01/24 04:00:00,64.310,0.0,,,,
1820,08/01/24 04:10:00,64.310,0.0,,,,
1821,08/01/24 04:20:00,64.139,0.0,,,,
1822,08/01/24 04:30:00,64.139,0.0,,,,
1823,08/01/24 04:40:00,64.139,0.0,,,,
1824,08/01/24 04:50:00,64.139,0.0,,,,
1825,08/01/24 05:00:00,64.139,0.0,,,,
1826,08/01/24 05:10:00,64.139,0.0,,,,
1827,08/01/24 05:20:00,64.139,0.0,,,,
1828,08/01/24 05:30:00,64.139,0.0,,,,
1829,08/01/24 05:40:00,64.139,0.0,,,,
1830,08/01/24 05:50:00,64.139,0.0,,,,
1831,08/01/24 06:00:00,64.139,3.0,,,,
1832,08/01/24 06:10:00,64.139,10.0,,,,
1833,08/01/24 06:20:00,63.968,23.0,,,,
1834,08/01/24 06:30:00,63.968,51.0,,,,
1835,08/01/24 06:40:00,63.968,68.0,,,,
1836,08/01/24 06:50:00,63.968,200.0,,,,
1837,08/01/24 07:00:00,64.139,136.0,,,,
1838,08/01/24 07:10:00,64.139,144.0,,,,
1839,08/01/24 07:20:00,64.139,448.0,,,,
1840,08/01/24 07:30:00,64.310,608.0,,,,
1841,08/01/24 07:40:00,64.310,480.0,,,,
1842,08/01/24 07:50:00,64.310,208.0,,,,
1843,08/01/24 08:00:00,64.310,576.0,,,,
1844,08/01/24 08:10:00,64.481,1344.0,,,,
1845,08/01/24 08:20:00,64.481,576.0,,,,
1846,08/01/24 08:30:00,64.481,864.0,,,,
1847,08/01/24 08:40:00,64.481,512.0,,,,
1848,08/01/24 08:50:00,64.481,232.0,,,,
1849,08/01/24 09:00:00,64.652,576.0,,,,
1850,08/01/24 09:10:00,64.652,288.0,,,,
1851,08/01/24 09:20:00,64.825,768.0,,,,
1852,08/01/24 09:30:00,64.996,896.0,,,,
1853,08/01/24 09:40:00,65.338,400.0,,,,
1854,08/01/24 09:50:00,65.509,512.0,,,,
1855,08/01/24 10:00:00,65.509,304.0,,,,
1856,08/01/24 10:10:00,65.509,512.0,,,,
1857,08/01/24 10:20:00,65.680,672.0,,,,
1858,08/01/24 10:30:00,65.680,800.0,,,,
1859,08/01/24 10:40:00,65.851,1216.0,,,,
1860,08/01/24 10:50:00,65.851,768.0,,,,
1861,08/01/24 11:00:00,66.022,512.0,,,,
1862,08/01/24 11:10:00,66.022,1152.0,,,,
1863,08/01/24 11:20:00,66.193,1280.0,,,,
1864,08/01/24 11:30:00,66.193,608.0,,,,
1865,08/01/24 11:40:00,66.708,2048.0,,,,
1866,08/01/24 11:50:00,66.366,992.0,,,,
1867,08/01/24 12:00:00,66.537,1728.0,,,,
1868,08/01/24 12:10:00,66.708,1408.0,,,,
1869,08/01/24 12:20:00,67.050,1536.0,,,,
1870,08/01/24 12:30:00,66.879,1536.0,,,,
1871,08/01/24 12:40:00,67.050,1664.0,,,,
1872,08/01/24 12:50:00,67.050,1728.0,,,,
1873,08/01/24 13:00:00,67.221,2688.0,,,,
1874,08/01/24 13:10:00,67.392,2048.0,,,,
1875,08/01/24 13:20:00,67.564,2432.0,,,,
1876,08/01/24 13:30:00,67.735,2432.0,,,,
1877,08/01/24 13:40:00,67.564,4608.0,,,,
1878,08/01/24 13:50:00,67.735,2432.0,,,,
1879,08/01/24 14:00:00,68.248,1472.0,,,,
1880,08/01/24 14:10:00,68.934,1792.0,,,,
1881,08/01/24 14:20:00,68.934,2176.0,,,,
1882,08/01/24 14:30:00,69.449,3456.0,,,,
1883,08/01/24 14:40:00,69.793,2304.0,,,,
1884,08/01/24 14:50:00,69.964,1408.0,,,,
1885,08/01/24 15:00:00,69.449,1664.0,,,,
1886,08/01/24 15:10:00,69.793,2304.0,,,,
1887,08/01/24 15:20:00,70.137,3584.0,,,,
1888,08/01/24 15:30:00,69.107,2816.0,,,,
1889,08/01/24 15:40:00,68.763,4608.0,,,,
1890,08/01/24 15:50:00,68.934,6400.0,,,,
1891,08/01/24 16:00:00,68.763,4608.0,,,,
1892,08/01/24 16:10:00,68.592,1728.0,,,,
1893,08/01/24 16:20:00,69.622,4096.0,,,,
1894,08/01/24 16:30:00,69.278,5120.0,,,,
1895,08/01/24 16:40:00,69.107,800.0,,,,
1896,08/01/24 16:50:00,68.421,480.0,,,,
1897,08/01/24 17:00:00,68.763,608.0,,,,
1898,08/01/24 17:10:00,68.592,272.0,,,,
1899,08/01/24 17:20:00,68.934,704.0,,,,
1900,08/01/24 17:30:00,69.622,672.0,,,,
1901,08/01/24 17:40:00,69.793,352.0,,,,
1902,08/01/24 17:50:00,69.449,400.0,,,,
1903,08/01/24 18:00:00,69.622,304.0,,,,
1904,08/01/24 18:10:00,69.107,288.0,,,,
1905,08/01/24 18:20:00,69.449,352.0,,,,
1906,08/01/24 18:30:00,69.793,208.0,,,,
1907,08/01/24 18:40:00,69.793,336.0,,,,
1908,08/01/24 18:50:00,69.278,160.0,,,,
1909,08/01/24 19:00:00,69.107,95.0,,,,
1910,08/01/24 19:10:00,68.763,87.0,,,,
1911,08/01/24 19:20:00,68.934,86.0,,,,
1912,08/01/24 19:30:00,68.934,77.0,,,,
1913,08/01/24 19:40:00,68.763,72.0,,,,
1914,08/01/24 19:50:00,68.592,66.0,,,,
1915,08/01/24 20:00:00,68.763,58.0,,,,
1916,08/01/24 20:10:00,68.763,49.0,,,,
1917,08/01/24 20:20:00,68.592,40.0,,,,
1918,08/01/24 20:30:00,68.248,25.0,,,,
1919,08/01/24 20:40:00,68.248,16.0,,,,
1920,08/01/24 20:50:00,67.906,7.0,,,,
1921,08/01/24 21:00:00,67.906,0.0,,,,
1922,08/01/24 21:10:00,67.564,0.0,,,,
1923,08/01/24 21:20:00,67.221,0.0,,,,
1924,08/01/24 21:30:00,67.392,0.0,,,,
1925,08/01/24 21:40:00,67.050,0.0,,,,
1926,08/01/24 21:50:00,66.879,0.0,,,,
1927,08/01/24 22:00:00,66.879,0.0,,,,
1928,08/01/24 22:10:00,66.708,0.0,,,,
1929,08/01/24 22:20:00,66.708,0.0,,,,
1930,08/01/24 22:30:00,66.708,0.0,,,,
1931,08/01/24 22:40:00,66.708,0.0,,,,
1932,08/01/24 22:50:00,66.537,0.0,,,,
1933,08/01/24 23:00:00,66.537,0.0,,,,
1934,08/01/24 23:10:00,66.537,0.0,,,,
1935,08/01/24 23:20:00,66.537,0.0,,,,
1936,08/01/24 23:30:00,66.537,0.0,,,,
1937,08/01/24 23:40:00,66.537,0.0,,,,
1938,08/01/24 23:50:00,66.366,0.0,,,,
1939,08/02/24 00:00:00,66.193,0.0,,,,
1940,08/02/24 00:10:00,66.193,0.0,,,,
1941,08/02/24 00:20:00,66.022,0.0,,,,
1942,08/02/24 00:30:00,66.022,0.0,,,,
1943,08/02/24 00:40:00,66.022,0.0,,,,
1944,08/02/24 00:50:00,66.022,0.0,,,,
1945,08/02/24 01:00:00,66.022,0.0,,,,
1946,08/02/24 01:10:00,66.022,0.0,,,,
1947,08/02/24 01:20:00,66.022,0.0,,,,
1948,08/02/24 01:30:00,66.022,0.0,,,,
1949,08/02/24 01:40:00,66.022,0.0,,,,
1950,08/02/24 01:50:00,66.022,0.0,,,,
1951,08/02/24 02:00:00,66.022,0.0,,,,
1952,08/02/24 02:10:00,66.022,0.0,,,,
1953,08/02/24 02:20:00,66.022,0.0,,,,
1954,08/02/24 02:30:00,66.022,0.0,,,,
1955,08/02/24 02:40:00,66.022,0.0,,,,
1956,08/02/24 02:50:00,66.022,0.0,,,,
1957,08/02/24 03:00:00,66.022,0.0,,,,
1958,08/02/24 03:10:00,66.022,0.0,,,,
1959,08/02/24 03:20:00,66.022,0.0,,,,
1960,08/02/24 03:30:00,66.022,0.0,,,,
1961,08/02/24 03:40:00,66.022,0.0,,,,
1962,08/02/24 03:50:00,66.022,0.0,,,,
1963,08/02/24 04:00:00,66.022,0.0,,,,
1964,08/02/24 04:10:00,66.022,0.0,,,,
1965,08/02/24 04:20:00,66.193,0.0,,,,
1966,08/02/24 04:30:00,66.193,0.0,,,,
1967,08/02/24 04:40:00,66.366,0.0,,,,
1968,08/02/24 04:50:00,66.366,0.0,,,,
1969,08/02/24 05:00:00,66.366,0.0,,,,
1970,08/02/24 05:10:00,66.366,0.0,,,,
1971,08/02/24 05:20:00,66.366,0.0,,,,
1972,08/02/24 05:30:00,66.366,0.0,,,,
1973,08/02/24 05:40:00,66.366,0.0,,,,
1974,08/02/24 05:50:00,66.366,0.0,,,,
1975,08/02/24 06:00:00,66.366,2.0,,,,
1976,08/02/24 06:10:00,66.366,13.0,,,,
1977,08/02/24 06:20:00,66.366,29.0,,,,
1978,08/02/24 06:30:00,66.366,66.0,,,,
1979,08/02/24 06:40:00,66.366,115.0,,,,
1980,08/02/24 06:50:00,66.366,232.0,,,,
1981,08/02/24 07:00:00,66.366,176.0,,,,
1982,08/02/24 07:10:00,66.366,224.0,,,,
1983,08/02/24 07:20:00,66.537,288.0,,,,
1984,08/02/24 07:30:00,66.537,368.0,,,,
1985,08/02/24 07:40:00,66.537,400.0,,,,
1986,08/02/24 07:50:00,66.708,496.0,,,,
1987,08/02/24 08:00:00,66.708,480.0,,,,
1988,08/02/24 08:10:00,66.879,336.0,,,,
1989,08/02/24 08:20:00,66.879,304.0,,,,
1990,08/02/24 08:30:00,67.050,320.0,,,,
1991,08/02/24 08:40:00,67.050,448.0,,,,
1992,08/02/24 08:50:00,67.050,432.0,,,,
1993,08/02/24 09:00:00,67.221,480.0,,,,
1994,08/02/24 09:10:00,67.221,480.0,,,,
1995,08/02/24 09:20:00,67.221,1088.0,,,,
1996,08/02/24 09:30:00,67.392,480.0,,,,
1997,08/02/24 09:40:00,67.392,576.0,,,,
1998,08/02/24 09:50:00,67.564,1216.0,,,,
1999,08/02/24 10:00:00,67.564,608.0,,,,
2000,08/02/24 10:10:00,67.735,512.0,,,,
2001,08/02/24 10:20:00,68.077,672.0,,,,
2002,08/02/24 10:30:00,68.248,896.0,,,,
2003,08/02/24 10:40:00,68.077,800.0,,,,
2004,08/02/24 10:50:00,68.248,704.0,,,,
2005,08/02/24 11:00:00,68.248,1088.0,,,,
2006,08/02/24 11:10:00,68.421,768.0,,,,
2007,08/02/24 11:20:00,68.592,992.0,,,,
2008,08/02/24 11:30:00,68.592,1152.0,,,,
2009,08/02/24 11:40:00,68.934,2304.0,,,,
2010,08/02/24 11:50:00,69.107,1664.0,,,,
2011,08/02/24 12:00:00,69.107,1408.0,,,,
2012,08/02/24 12:10:00,69.278,3584.0,,,,
2013,08/02/24 12:20:00,70.824,2048.0,,,,
2014,08/02/24 12:24:01,,,Logged,Logged,,
2015,08/02/24 12:24:32,,,,,Logged,Logged
