"#","Date Time, GMT-06:00","Temp, °F (LGR S/N: 22008793, SEN S/N: 22008793)","Intensity, lum/ft² (LGR S/N: 22008793, SEN S/N: 22008793)","Coupler Attached (LGR S/N: 22008793)","Host Connected (LGR S/N: 22008793)","Stopped (LGR S/N: 22008793)","End Of File (LGR S/N: 22008793)"
1,08/15/24 10:40:00,65.167,352.0,,,,
2,08/15/24 10:50:00,65.338,1536.0,,,,
3,08/15/24 11:00:00,65.338,768.0,,,,
4,08/15/24 11:10:00,65.338,704.0,,,,
5,08/15/24 11:20:00,65.509,608.0,,,,
6,08/15/24 11:30:00,65.680,864.0,,,,
7,08/15/24 11:40:00,65.680,768.0,,,,
8,08/15/24 11:50:00,67.050,2176.0,,,,
9,08/15/24 12:00:00,67.392,2048.0,,,,
10,08/15/24 12:10:00,67.221,4352.0,,,,
11,08/15/24 12:20:00,67.221,3200.0,,,,
12,08/15/24 12:30:00,67.392,3456.0,,,,
13,08/15/24 12:40:00,67.564,2816.0,,,,
14,08/15/24 12:50:00,67.564,3328.0,,,,
15,08/15/24 13:00:00,67.564,6656.0,,,,
16,08/15/24 13:10:00,67.564,2304.0,,,,
17,08/15/24 13:20:00,67.564,1728.0,,,,
18,08/15/24 13:30:00,67.564,5632.0,,,,
19,08/15/24 13:40:00,67.392,3968.0,,,,
20,08/15/24 13:50:00,67.392,1984.0,,,,
21,08/15/24 14:00:00,67.392,3328.0,,,,
22,08/15/24 14:10:00,67.564,2304.0,,,,
23,08/15/24 14:20:00,66.366,800.0,,,,
24,08/15/24 14:30:00,66.022,960.0,,,,
25,08/15/24 14:40:00,67.221,4096.0,,,,
26,08/15/24 14:50:00,66.537,384.0,,,,
27,08/15/24 15:00:00,66.879,704.0,,,,
28,08/15/24 15:10:00,65.851,256.0,,,,
29,08/15/24 15:20:00,66.366,704.0,,,,
30,08/15/24 15:30:00,65.851,672.0,,,,
31,08/15/24 15:40:00,65.851,864.0,,,,
32,08/15/24 15:50:00,65.680,768.0,,,,
33,08/15/24 16:00:00,65.509,512.0,,,,
34,08/15/24 16:10:00,65.167,256.0,,,,
35,08/15/24 16:20:00,64.996,128.0,,,,
36,08/15/24 16:30:00,64.825,82.0,,,,
37,08/15/24 16:40:00,64.825,52.0,,,,
38,08/15/24 16:50:00,65.167,60.0,,,,
39,08/15/24 17:00:00,64.825,57.0,,,,
40,08/15/24 17:10:00,64.481,192.0,,,,
41,08/15/24 17:20:00,64.310,152.0,,,,
42,08/15/24 17:30:00,64.652,512.0,,,,
43,08/15/24 17:40:00,64.652,400.0,,,,
44,08/15/24 17:50:00,64.481,320.0,,,,
45,08/15/24 18:00:00,64.652,400.0,,,,
46,08/15/24 18:10:00,64.481,288.0,,,,
47,08/15/24 18:20:00,64.310,272.0,,,,
48,08/15/24 18:30:00,64.310,200.0,,,,
49,08/15/24 18:40:00,64.310,128.0,,,,
50,08/15/24 18:50:00,64.310,94.0,,,,
51,08/15/24 19:00:00,64.310,60.0,,,,
52,08/15/24 19:10:00,64.139,24.0,,,,
53,08/15/24 19:20:00,64.139,3.0,,,,
54,08/15/24 19:30:00,64.139,3.0,,,,
55,08/15/24 19:40:00,64.139,2.0,,,,
56,08/15/24 19:50:00,64.139,1.0,,,,
57,08/15/24 20:00:00,64.139,4.0,,,,
58,08/15/24 20:10:00,64.139,4.0,,,,
59,08/15/24 20:20:00,64.139,3.0,,,,
60,08/15/24 20:30:00,64.139,3.0,,,,
61,08/15/24 20:40:00,64.139,0.0,,,,
62,08/15/24 20:50:00,64.139,0.0,,,,
63,08/15/24 21:00:00,64.139,0.0,,,,
64,08/15/24 21:10:00,64.139,0.0,,,,
65,08/15/24 21:20:00,64.139,0.0,,,,
66,08/15/24 21:30:00,64.139,0.0,,,,
67,08/15/24 21:40:00,63.968,0.0,,,,
68,08/15/24 21:50:00,64.139,0.0,,,,
69,08/15/24 22:00:00,63.968,0.0,,,,
70,08/15/24 22:10:00,64.139,0.0,,,,
71,08/15/24 22:20:00,64.139,0.0,,,,
72,08/15/24 22:30:00,63.968,0.0,,,,
73,08/15/24 22:40:00,63.968,0.0,,,,
74,08/15/24 22:50:00,63.968,0.0,,,,
75,08/15/24 23:00:00,63.968,0.0,,,,
76,08/15/24 23:10:00,64.139,0.0,,,,
77,08/15/24 23:20:00,63.968,0.0,,,,
78,08/15/24 23:30:00,64.139,0.0,,,,
79,08/15/24 23:40:00,64.139,0.0,,,,
80,08/15/24 23:50:00,64.139,0.0,,,,
81,08/16/24 00:00:00,64.139,0.0,,,,
82,08/16/24 00:10:00,64.139,0.0,,,,
83,08/16/24 00:20:00,64.139,0.0,,,,
84,08/16/24 00:30:00,63.968,0.0,,,,
85,08/16/24 00:40:00,63.968,0.0,,,,
86,08/16/24 00:50:00,63.968,0.0,,,,
87,08/16/24 01:00:00,63.968,0.0,,,,
88,08/16/24 01:10:00,63.968,0.0,,,,
89,08/16/24 01:20:00,64.139,0.0,,,,
90,08/16/24 01:30:00,63.968,0.0,,,,
91,08/16/24 01:40:00,63.968,0.0,,,,
92,08/16/24 01:50:00,63.968,0.0,,,,
93,08/16/24 02:00:00,63.968,0.0,,,,
94,08/16/24 02:10:00,63.968,0.0,,,,
95,08/16/24 02:20:00,63.968,0.0,,,,
96,08/16/24 02:30:00,63.968,0.0,,,,
97,08/16/24 02:40:00,63.797,0.0,,,,
98,08/16/24 02:50:00,63.968,0.0,,,,
99,08/16/24 03:00:00,63.797,0.0,,,,
100,08/16/24 03:10:00,63.797,0.0,,,,
101,08/16/24 03:20:00,63.797,0.0,,,,
102,08/16/24 03:30:00,63.797,0.0,,,,
103,08/16/24 03:40:00,63.797,0.0,,,,
104,08/16/24 03:50:00,63.626,0.0,,,,
105,08/16/24 04:00:00,63.797,0.0,,,,
106,08/16/24 04:10:00,63.626,0.0,,,,
107,08/16/24 04:20:00,63.626,0.0,,,,
108,08/16/24 04:30:00,63.626,0.0,,,,
109,08/16/24 04:40:00,63.626,0.0,,,,
110,08/16/24 04:50:00,63.626,0.0,,,,
111,08/16/24 05:00:00,63.626,0.0,,,,
112,08/16/24 05:10:00,63.626,0.0,,,,
113,08/16/24 05:20:00,63.626,0.0,,,,
114,08/16/24 05:30:00,63.626,0.0,,,,
115,08/16/24 05:40:00,63.626,0.0,,,,
116,08/16/24 05:50:00,63.626,0.0,,,,
117,08/16/24 06:00:00,63.626,0.0,,,,
118,08/16/24 06:10:00,63.626,0.0,,,,
119,08/16/24 06:20:00,63.626,1.0,,,,
120,08/16/24 06:30:00,63.455,7.0,,,,
121,08/16/24 06:40:00,63.626,20.0,,,,
122,08/16/24 06:50:00,63.455,40.0,,,,
123,08/16/24 07:00:00,63.626,136.0,,,,
124,08/16/24 07:10:00,63.626,108.0,,,,
125,08/16/24 07:20:00,63.626,256.0,,,,
126,08/16/24 07:30:00,63.797,304.0,,,,
127,08/16/24 07:40:00,63.797,126.0,,,,
128,08/16/24 07:50:00,63.797,480.0,,,,
129,08/16/24 08:00:00,63.968,240.0,,,,
130,08/16/24 08:10:00,64.139,384.0,,,,
131,08/16/24 08:20:00,64.139,1408.0,,,,
132,08/16/24 08:30:00,64.310,1088.0,,,,
133,08/16/24 08:40:00,64.481,1472.0,,,,
134,08/16/24 08:50:00,64.652,1920.0,,,,
135,08/16/24 09:00:00,64.652,3968.0,,,,
136,08/16/24 09:10:00,64.825,3712.0,,,,
137,08/16/24 09:20:00,64.996,1600.0,,,,
138,08/16/24 09:30:00,64.996,2560.0,,,,
139,08/16/24 09:40:00,65.167,896.0,,,,
140,08/16/24 09:50:00,65.338,1792.0,,,,
141,08/16/24 10:00:00,65.338,2048.0,,,,
142,08/16/24 10:10:00,65.509,400.0,,,,
143,08/16/24 10:20:00,65.338,3328.0,,,,
144,08/16/24 10:30:00,65.338,3456.0,,,,
145,08/16/24 10:40:00,65.509,1728.0,,,,
146,08/16/24 10:50:00,65.680,3840.0,,,,
147,08/16/24 11:00:00,65.680,4608.0,,,,
148,08/16/24 11:10:00,65.851,3072.0,,,,
149,08/16/24 11:20:00,65.851,1920.0,,,,
150,08/16/24 11:30:00,66.022,5376.0,,,,
151,08/16/24 11:40:00,65.851,4352.0,,,,
152,08/16/24 11:50:00,66.022,1600.0,,,,
153,08/16/24 12:00:00,66.193,2432.0,,,,
154,08/16/24 12:10:00,66.193,896.0,,,,
155,08/16/24 12:20:00,66.022,800.0,,,,
156,08/16/24 12:30:00,66.193,6912.0,,,,
157,08/16/24 12:40:00,66.193,5376.0,,,,
158,08/16/24 12:50:00,64.996,1024.0,,,,
159,08/16/24 13:00:00,65.167,400.0,,,,
160,08/16/24 13:10:00,66.022,1408.0,,,,
161,08/16/24 13:20:00,66.022,992.0,,,,
162,08/16/24 13:30:00,65.338,608.0,,,,
163,08/16/24 13:40:00,66.022,1472.0,,,,
164,08/16/24 13:50:00,65.167,464.0,,,,
165,08/16/24 14:00:00,64.825,416.0,,,,
166,08/16/24 14:10:00,65.338,704.0,,,,
167,08/16/24 14:20:00,64.996,432.0,,,,
168,08/16/24 14:30:00,65.338,992.0,,,,
169,08/16/24 14:40:00,65.680,608.0,,,,
170,08/16/24 14:50:00,65.338,480.0,,,,
171,08/16/24 15:00:00,64.996,496.0,,,,
172,08/16/24 15:10:00,65.167,512.0,,,,
173,08/16/24 15:20:00,65.338,512.0,,,,
174,08/16/24 15:30:00,65.338,320.0,,,,
175,08/16/24 15:40:00,65.338,608.0,,,,
176,08/16/24 15:50:00,65.509,608.0,,,,
177,08/16/24 16:00:00,65.509,256.0,,,,
178,08/16/24 16:10:00,65.509,256.0,,,,
179,08/16/24 16:20:00,65.509,480.0,,,,
180,08/16/24 16:30:00,65.680,6656.0,,,,
181,08/16/24 16:40:00,65.680,288.0,,,,
182,08/16/24 16:50:00,65.851,1984.0,,,,
183,08/16/24 17:00:00,65.509,272.0,,,,
184,08/16/24 17:10:00,65.680,432.0,,,,
185,08/16/24 17:20:00,65.680,192.0,,,,
186,08/16/24 17:30:00,65.338,160.0,,,,
187,08/16/24 17:40:00,65.509,336.0,,,,
188,08/16/24 17:50:00,65.680,208.0,,,,
189,08/16/24 18:00:00,65.509,152.0,,,,
190,08/16/24 18:10:00,65.509,136.0,,,,
191,08/16/24 18:20:00,65.509,368.0,,,,
192,08/16/24 18:30:00,65.509,160.0,,,,
193,08/16/24 18:40:00,65.509,184.0,,,,
194,08/16/24 18:50:00,65.338,272.0,,,,
195,08/16/24 19:00:00,65.338,105.0,,,,
196,08/16/24 19:10:00,65.338,168.0,,,,
197,08/16/24 19:20:00,65.167,81.0,,,,
198,08/16/24 19:30:00,65.167,71.0,,,,
199,08/16/24 19:40:00,64.996,60.0,,,,
200,08/16/24 19:50:00,64.825,55.0,,,,
201,08/16/24 20:00:00,64.652,41.0,,,,
202,08/16/24 20:10:00,64.652,27.0,,,,
203,08/16/24 20:20:00,64.652,13.0,,,,
204,08/16/24 20:30:00,64.481,5.0,,,,
205,08/16/24 20:40:00,64.310,0.0,,,,
206,08/16/24 20:50:00,64.310,0.0,,,,
207,08/16/24 21:00:00,64.139,0.0,,,,
208,08/16/24 21:10:00,64.139,0.0,,,,
209,08/16/24 21:20:00,64.139,0.0,,,,
210,08/16/24 21:30:00,63.968,0.0,,,,
211,08/16/24 21:40:00,63.968,0.0,,,,
212,08/16/24 21:50:00,63.968,0.0,,,,
213,08/16/24 22:00:00,63.968,0.0,,,,
214,08/16/24 22:10:00,63.797,0.0,,,,
215,08/16/24 22:20:00,63.797,0.0,,,,
216,08/16/24 22:30:00,63.797,0.0,,,,
217,08/16/24 22:40:00,63.797,0.0,,,,
218,08/16/24 22:50:00,63.797,0.0,,,,
219,08/16/24 23:00:00,63.797,0.0,,,,
220,08/16/24 23:10:00,63.797,0.0,,,,
221,08/16/24 23:20:00,63.797,0.0,,,,
222,08/16/24 23:30:00,63.797,0.0,,,,
223,08/16/24 23:40:00,63.797,0.0,,,,
224,08/16/24 23:50:00,63.626,0.0,,,,
225,08/17/24 00:00:00,63.626,0.0,,,,
226,08/17/24 00:10:00,63.626,0.0,,,,
227,08/17/24 00:20:00,63.626,0.0,,,,
228,08/17/24 00:30:00,63.626,0.0,,,,
229,08/17/24 00:40:00,63.626,0.0,,,,
230,08/17/24 00:50:00,63.626,0.0,,,,
231,08/17/24 01:00:00,63.626,0.0,,,,
232,08/17/24 01:10:00,63.626,0.0,,,,
233,08/17/24 01:20:00,63.626,0.0,,,,
234,08/17/24 01:30:00,63.455,0.0,,,,
235,08/17/24 01:40:00,63.455,0.0,,,,
236,08/17/24 01:50:00,63.455,0.0,,,,
237,08/17/24 02:00:00,63.455,0.0,,,,
238,08/17/24 02:10:00,63.455,0.0,,,,
239,08/17/24 02:20:00,63.455,0.0,,,,
240,08/17/24 02:30:00,63.282,0.0,,,,
241,08/17/24 02:40:00,63.282,0.0,,,,
242,08/17/24 02:50:00,63.282,0.0,,,,
243,08/17/24 03:00:00,63.282,0.0,,,,
244,08/17/24 03:10:00,63.282,0.0,,,,
245,08/17/24 03:20:00,63.282,0.0,,,,
246,08/17/24 03:30:00,63.282,0.0,,,,
247,08/17/24 03:40:00,63.282,0.0,,,,
248,08/17/24 03:50:00,63.282,0.0,,,,
249,08/17/24 04:00:00,63.282,0.0,,,,
250,08/17/24 04:10:00,63.111,0.0,,,,
251,08/17/24 04:20:00,63.282,0.0,,,,
252,08/17/24 04:30:00,63.111,0.0,,,,
253,08/17/24 04:40:00,63.111,0.0,,,,
254,08/17/24 04:50:00,63.282,0.0,,,,
255,08/17/24 05:00:00,63.111,0.0,,,,
256,08/17/24 05:10:00,63.111,0.0,,,,
257,08/17/24 05:20:00,63.111,0.0,,,,
258,08/17/24 05:30:00,63.111,0.0,,,,
259,08/17/24 05:40:00,63.111,0.0,,,,
260,08/17/24 05:50:00,63.111,0.0,,,,
261,08/17/24 06:00:00,63.111,0.0,,,,
262,08/17/24 06:10:00,63.111,0.0,,,,
263,08/17/24 06:20:00,63.111,3.0,,,,
264,08/17/24 06:30:00,63.111,11.0,,,,
265,08/17/24 06:40:00,63.111,25.0,,,,
266,08/17/24 06:50:00,63.111,44.0,,,,
267,08/17/24 07:00:00,63.111,136.0,,,,
268,08/17/24 07:10:00,63.111,248.0,,,,
269,08/17/24 07:20:00,63.282,144.0,,,,
270,08/17/24 07:30:00,63.282,336.0,,,,
271,08/17/24 07:40:00,63.455,1024.0,,,,
272,08/17/24 07:50:00,63.455,400.0,,,,
273,08/17/24 08:00:00,63.455,768.0,,,,
274,08/17/24 08:10:00,63.626,896.0,,,,
275,08/17/24 08:20:00,63.797,768.0,,,,
276,08/17/24 08:30:00,63.968,2432.0,,,,
277,08/17/24 08:40:00,64.139,2304.0,,,,
278,08/17/24 08:50:00,64.310,896.0,,,,
279,08/17/24 09:00:00,64.310,1408.0,,,,
280,08/17/24 09:10:00,64.481,1216.0,,,,
281,08/17/24 09:20:00,64.652,2432.0,,,,
282,08/17/24 09:30:00,64.652,2048.0,,,,
283,08/17/24 09:40:00,64.825,1984.0,,,,
284,08/17/24 09:50:00,64.996,2688.0,,,,
285,08/17/24 10:00:00,65.167,2048.0,,,,
286,08/17/24 10:10:00,65.167,2816.0,,,,
287,08/17/24 10:20:00,65.338,2688.0,,,,
288,08/17/24 10:30:00,65.680,1856.0,,,,
289,08/17/24 10:40:00,65.851,3712.0,,,,
290,08/17/24 10:50:00,66.022,2688.0,,,,
291,08/17/24 11:00:00,66.193,5632.0,,,,
292,08/17/24 11:10:00,66.366,5120.0,,,,
293,08/17/24 11:20:00,66.366,3072.0,,,,
294,08/17/24 11:30:00,66.366,5120.0,,,,
295,08/17/24 11:40:00,66.366,6656.0,,,,
296,08/17/24 11:50:00,66.366,3584.0,,,,
297,08/17/24 12:00:00,66.366,3584.0,,,,
298,08/17/24 12:10:00,66.366,2816.0,,,,
299,08/17/24 12:20:00,66.537,1728.0,,,,
300,08/17/24 12:30:00,66.366,7424.0,,,,
301,08/17/24 12:40:00,66.708,2304.0,,,,
302,08/17/24 12:50:00,66.879,3712.0,,,,
303,08/17/24 13:00:00,66.879,3840.0,,,,
304,08/17/24 13:10:00,66.879,2432.0,,,,
305,08/17/24 13:20:00,66.879,4864.0,,,,
306,08/17/24 13:30:00,66.708,2688.0,,,,
307,08/17/24 13:40:00,66.537,3584.0,,,,
308,08/17/24 13:50:00,66.193,1408.0,,,,
309,08/17/24 14:00:00,66.193,4864.0,,,,
310,08/17/24 14:10:00,65.851,2688.0,,,,
311,08/17/24 14:20:00,66.022,4608.0,,,,
312,08/17/24 14:30:00,65.680,1728.0,,,,
313,08/17/24 14:40:00,65.338,464.0,,,,
314,08/17/24 14:50:00,65.509,1152.0,,,,
315,08/17/24 15:00:00,65.167,704.0,,,,
316,08/17/24 15:10:00,65.338,512.0,,,,
317,08/17/24 15:20:00,65.338,672.0,,,,
318,08/17/24 15:30:00,65.338,608.0,,,,
319,08/17/24 15:40:00,65.680,576.0,,,,
320,08/17/24 15:50:00,65.338,352.0,,,,
321,08/17/24 16:00:00,65.167,416.0,,,,
322,08/17/24 16:10:00,65.338,512.0,,,,
323,08/17/24 16:20:00,65.509,704.0,,,,
324,08/17/24 16:30:00,65.338,896.0,,,,
325,08/17/24 16:40:00,65.167,704.0,,,,
326,08/17/24 16:50:00,65.338,864.0,,,,
327,08/17/24 17:00:00,65.338,704.0,,,,
328,08/17/24 17:10:00,65.338,704.0,,,,
329,08/17/24 17:20:00,65.338,672.0,,,,
330,08/17/24 17:30:00,65.167,512.0,,,,
331,08/17/24 17:40:00,65.167,480.0,,,,
332,08/17/24 17:50:00,64.996,480.0,,,,
333,08/17/24 18:00:00,64.996,448.0,,,,
334,08/17/24 18:10:00,64.825,400.0,,,,
335,08/17/24 18:20:00,64.825,336.0,,,,
336,08/17/24 18:30:00,64.652,320.0,,,,
337,08/17/24 18:40:00,64.652,288.0,,,,
338,08/17/24 18:50:00,64.652,256.0,,,,
339,08/17/24 19:00:00,64.481,256.0,,,,
340,08/17/24 19:10:00,64.310,152.0,,,,
341,08/17/24 19:20:00,64.310,200.0,,,,
342,08/17/24 19:30:00,64.481,136.0,,,,
343,08/17/24 19:40:00,64.996,83.0,,,,
344,08/17/24 19:50:00,64.825,50.0,,,,
345,08/17/24 20:00:00,64.652,34.0,,,,
346,08/17/24 20:10:00,64.310,26.0,,,,
347,08/17/24 20:20:00,64.139,11.0,,,,
348,08/17/24 20:30:00,64.139,2.0,,,,
349,08/17/24 20:40:00,64.310,0.0,,,,
350,08/17/24 20:50:00,64.139,0.0,,,,
351,08/17/24 21:00:00,64.139,0.0,,,,
352,08/17/24 21:10:00,63.968,0.0,,,,
353,08/17/24 21:20:00,63.968,0.0,,,,
354,08/17/24 21:30:00,63.968,0.0,,,,
355,08/17/24 21:40:00,63.968,0.0,,,,
356,08/17/24 21:50:00,63.968,0.0,,,,
357,08/17/24 22:00:00,63.968,0.0,,,,
358,08/17/24 22:10:00,63.968,0.0,,,,
359,08/17/24 22:20:00,63.968,0.0,,,,
360,08/17/24 22:30:00,63.797,0.0,,,,
361,08/17/24 22:40:00,63.797,0.0,,,,
362,08/17/24 22:50:00,63.797,0.0,,,,
363,08/17/24 23:00:00,63.797,0.0,,,,
364,08/17/24 23:10:00,63.797,0.0,,,,
365,08/17/24 23:20:00,63.797,0.0,,,,
366,08/17/24 23:30:00,63.797,0.0,,,,
367,08/17/24 23:40:00,63.797,0.0,,,,
368,08/17/24 23:50:00,63.797,0.0,,,,
369,08/18/24 00:00:00,63.797,0.0,,,,
370,08/18/24 00:10:00,63.797,0.0,,,,
371,08/18/24 00:20:00,63.797,0.0,,,,
372,08/18/24 00:30:00,63.797,0.0,,,,
373,08/18/24 00:40:00,63.797,0.0,,,,
374,08/18/24 00:50:00,63.797,0.0,,,,
375,08/18/24 01:00:00,63.797,0.0,,,,
376,08/18/24 01:10:00,63.797,0.0,,,,
377,08/18/24 01:20:00,63.797,0.0,,,,
378,08/18/24 01:30:00,63.626,0.0,,,,
379,08/18/24 01:40:00,63.626,0.0,,,,
380,08/18/24 01:50:00,63.797,0.0,,,,
381,08/18/24 02:00:00,63.797,0.0,,,,
382,08/18/24 02:10:00,63.797,0.0,,,,
383,08/18/24 02:20:00,63.797,0.0,,,,
384,08/18/24 02:30:00,63.797,0.0,,,,
385,08/18/24 02:40:00,63.797,0.0,,,,
386,08/18/24 02:50:00,63.797,0.0,,,,
387,08/18/24 03:00:00,63.797,0.0,,,,
388,08/18/24 03:10:00,63.797,0.0,,,,
389,08/18/24 03:20:00,63.797,0.0,,,,
390,08/18/24 03:30:00,63.968,0.0,,,,
391,08/18/24 03:40:00,64.139,0.0,,,,
392,08/18/24 03:50:00,64.310,0.0,,,,
393,08/18/24 04:00:00,64.310,0.0,,,,
394,08/18/24 04:10:00,64.310,0.0,,,,
395,08/18/24 04:20:00,64.310,0.0,,,,
396,08/18/24 04:30:00,64.310,0.0,,,,
397,08/18/24 04:40:00,64.310,0.0,,,,
398,08/18/24 04:50:00,64.139,0.0,,,,
399,08/18/24 05:00:00,64.139,0.0,,,,
400,08/18/24 05:10:00,64.139,0.0,,,,
401,08/18/24 05:20:00,64.139,0.0,,,,
402,08/18/24 05:30:00,64.310,0.0,,,,
403,08/18/24 05:40:00,64.481,0.0,,,,
404,08/18/24 05:50:00,64.481,0.0,,,,
405,08/18/24 06:00:00,64.481,0.0,,,,
406,08/18/24 06:10:00,64.481,0.0,,,,
407,08/18/24 06:20:00,64.481,1.0,,,,
408,08/18/24 06:30:00,64.481,9.0,,,,
409,08/18/24 06:40:00,64.481,14.0,,,,
410,08/18/24 06:50:00,64.481,28.0,,,,
411,08/18/24 07:00:00,64.481,36.0,,,,
412,08/18/24 07:10:00,64.481,46.0,,,,
413,08/18/24 07:20:00,64.481,184.0,,,,
414,08/18/24 07:30:00,64.652,184.0,,,,
415,08/18/24 07:40:00,64.652,200.0,,,,
416,08/18/24 07:50:00,64.652,168.0,,,,
417,08/18/24 08:00:00,64.481,184.0,,,,
418,08/18/24 08:10:00,64.652,208.0,,,,
419,08/18/24 08:20:00,64.652,176.0,,,,
420,08/18/24 08:30:00,64.825,200.0,,,,
421,08/18/24 08:40:00,65.167,248.0,,,,
422,08/18/24 08:50:00,65.167,368.0,,,,
423,08/18/24 09:00:00,65.338,304.0,,,,
424,08/18/24 09:10:00,65.167,384.0,,,,
425,08/18/24 09:20:00,65.167,304.0,,,,
426,08/18/24 09:30:00,65.338,304.0,,,,
427,08/18/24 09:40:00,65.338,240.0,,,,
428,08/18/24 09:50:00,65.167,136.0,,,,
429,08/18/24 10:00:00,65.680,672.0,,,,
430,08/18/24 10:10:00,65.851,704.0,,,,
431,08/18/24 10:20:00,65.680,704.0,,,,
432,08/18/24 10:30:00,66.193,1088.0,,,,
433,08/18/24 10:40:00,65.851,608.0,,,,
434,08/18/24 10:50:00,65.851,384.0,,,,
435,08/18/24 11:00:00,65.851,352.0,,,,
436,08/18/24 11:10:00,65.851,992.0,,,,
437,08/18/24 11:20:00,66.022,480.0,,,,
438,08/18/24 11:30:00,66.022,368.0,,,,
439,08/18/24 11:40:00,66.022,608.0,,,,
440,08/18/24 11:50:00,66.193,400.0,,,,
441,08/18/24 12:00:00,66.193,864.0,,,,
442,08/18/24 12:10:00,66.366,416.0,,,,
443,08/18/24 12:20:00,66.708,2688.0,,,,
444,08/18/24 12:30:00,66.537,992.0,,,,
445,08/18/24 12:40:00,66.708,1024.0,,,,
446,08/18/24 12:50:00,66.879,2048.0,,,,
447,08/18/24 13:00:00,66.708,1024.0,,,,
448,08/18/24 13:10:00,67.050,2688.0,,,,
449,08/18/24 13:20:00,67.221,4096.0,,,,
450,08/18/24 13:30:00,67.050,1856.0,,,,
451,08/18/24 13:40:00,67.392,1920.0,,,,
452,08/18/24 13:50:00,67.050,2048.0,,,,
453,08/18/24 14:00:00,67.392,3712.0,,,,
454,08/18/24 14:10:00,67.392,5376.0,,,,
455,08/18/24 14:20:00,66.708,896.0,,,,
456,08/18/24 14:30:00,66.193,864.0,,,,
457,08/18/24 14:40:00,66.537,1088.0,,,,
458,08/18/24 14:50:00,67.564,2304.0,,,,
459,08/18/24 15:00:00,67.050,3456.0,,,,
460,08/18/24 15:10:00,66.022,480.0,,,,
461,08/18/24 15:20:00,68.248,3456.0,,,,
462,08/18/24 15:30:00,66.193,496.0,,,,
463,08/18/24 15:40:00,68.077,5376.0,,,,
464,08/18/24 15:50:00,66.022,480.0,,,,
465,08/18/24 16:00:00,68.248,4352.0,,,,
466,08/18/24 16:10:00,68.077,2304.0,,,,
467,08/18/24 16:20:00,66.708,1728.0,,,,
468,08/18/24 16:30:00,68.077,3072.0,,,,
469,08/18/24 16:40:00,67.906,2304.0,,,,
470,08/18/24 16:50:00,67.906,2688.0,,,,
471,08/18/24 17:00:00,67.906,3072.0,,,,
472,08/18/24 17:10:00,67.906,2688.0,,,,
473,08/18/24 17:20:00,67.564,2304.0,,,,
474,08/18/24 17:30:00,67.564,2304.0,,,,
475,08/18/24 17:40:00,67.221,2048.0,,,,
476,08/18/24 17:50:00,67.221,960.0,,,,
477,08/18/24 18:00:00,67.221,1856.0,,,,
478,08/18/24 18:10:00,67.392,2176.0,,,,
479,08/18/24 18:20:00,67.050,1600.0,,,,
480,08/18/24 18:30:00,66.708,1088.0,,,,
481,08/18/24 18:40:00,66.022,336.0,,,,
482,08/18/24 18:50:00,66.022,248.0,,,,
483,08/18/24 19:00:00,65.851,200.0,,,,
484,08/18/24 19:10:00,66.022,216.0,,,,
485,08/18/24 19:20:00,65.851,125.0,,,,
486,08/18/24 19:30:00,65.851,136.0,,,,
487,08/18/24 19:40:00,65.851,115.0,,,,
488,08/18/24 19:50:00,65.680,75.0,,,,
489,08/18/24 20:00:00,65.680,38.0,,,,
490,08/18/24 20:10:00,65.680,19.0,,,,
491,08/18/24 20:20:00,65.680,6.0,,,,
492,08/18/24 20:30:00,65.851,1.0,,,,
493,08/18/24 20:40:00,65.851,0.0,,,,
494,08/18/24 20:50:00,66.193,0.0,,,,
495,08/18/24 21:00:00,66.022,0.0,,,,
496,08/18/24 21:10:00,65.851,0.0,,,,
497,08/18/24 21:20:00,65.680,0.0,,,,
498,08/18/24 21:30:00,65.509,0.0,,,,
499,08/18/24 21:40:00,65.509,0.0,,,,
500,08/18/24 21:50:00,65.338,0.0,,,,
501,08/18/24 22:00:00,65.338,0.0,,,,
502,08/18/24 22:10:00,65.338,0.0,,,,
503,08/18/24 22:20:00,65.338,0.0,,,,
504,08/18/24 22:30:00,65.338,0.0,,,,
505,08/18/24 22:40:00,65.338,0.0,,,,
506,08/18/24 22:50:00,65.338,0.0,,,,
507,08/18/24 23:00:00,65.338,0.0,,,,
508,08/18/24 23:10:00,65.338,0.0,,,,
509,08/18/24 23:20:00,65.338,0.0,,,,
510,08/18/24 23:30:00,65.167,0.0,,,,
511,08/18/24 23:40:00,65.167,0.0,,,,
512,08/18/24 23:50:00,65.167,0.0,,,,
513,08/19/24 00:00:00,65.167,0.0,,,,
514,08/19/24 00:10:00,65.167,0.0,,,,
515,08/19/24 00:20:00,65.167,0.0,,,,
516,08/19/24 00:30:00,65.167,0.0,,,,
517,08/19/24 00:40:00,65.167,0.0,,,,
518,08/19/24 00:50:00,65.167,0.0,,,,
519,08/19/24 01:00:00,65.167,0.0,,,,
520,08/19/24 01:10:00,65.167,0.0,,,,
521,08/19/24 01:20:00,65.167,0.0,,,,
522,08/19/24 01:30:00,65.167,0.0,,,,
523,08/19/24 01:40:00,65.167,0.0,,,,
524,08/19/24 01:50:00,65.167,0.0,,,,
525,08/19/24 02:00:00,65.167,0.0,,,,
526,08/19/24 02:10:00,65.167,0.0,,,,
527,08/19/24 02:20:00,65.167,0.0,,,,
528,08/19/24 02:30:00,65.167,0.0,,,,
529,08/19/24 02:40:00,65.167,0.0,,,,
530,08/19/24 02:50:00,65.167,0.0,,,,
531,08/19/24 03:00:00,65.167,0.0,,,,
532,08/19/24 03:10:00,65.167,0.0,,,,
533,08/19/24 03:20:00,65.167,0.0,,,,
534,08/19/24 03:30:00,65.167,0.0,,,,
535,08/19/24 03:40:00,65.167,0.0,,,,
536,08/19/24 03:50:00,64.996,0.0,,,,
537,08/19/24 04:00:00,64.996,0.0,,,,
538,08/19/24 04:10:00,64.996,0.0,,,,
539,08/19/24 04:20:00,64.996,0.0,,,,
540,08/19/24 04:30:00,64.996,0.0,,,,
541,08/19/24 04:40:00,64.996,0.0,,,,
542,08/19/24 04:50:00,64.996,0.0,,,,
543,08/19/24 05:00:00,64.996,0.0,,,,
544,08/19/24 05:10:00,64.996,0.0,,,,
545,08/19/24 05:20:00,64.996,0.0,,,,
546,08/19/24 05:30:00,64.996,0.0,,,,
547,08/19/24 05:40:00,64.996,0.0,,,,
548,08/19/24 05:50:00,64.996,0.0,,,,
549,08/19/24 06:00:00,64.996,0.0,,,,
550,08/19/24 06:10:00,64.996,0.0,,,,
551,08/19/24 06:20:00,64.996,2.0,,,,
552,08/19/24 06:30:00,64.996,6.0,,,,
553,08/19/24 06:40:00,64.996,22.0,,,,
554,08/19/24 06:50:00,64.996,45.0,,,,
555,08/19/24 07:00:00,64.996,127.0,,,,
556,08/19/24 07:10:00,64.996,224.0,,,,
557,08/19/24 07:20:00,65.167,160.0,,,,
558,08/19/24 07:30:00,65.167,448.0,,,,
559,08/19/24 07:40:00,65.167,208.0,,,,
560,08/19/24 07:50:00,65.338,144.0,,,,
561,08/19/24 08:00:00,65.167,320.0,,,,
562,08/19/24 08:10:00,65.338,176.0,,,,
563,08/19/24 08:20:00,65.338,352.0,,,,
564,08/19/24 08:30:00,65.338,152.0,,,,
565,08/19/24 08:40:00,65.680,216.0,,,,
566,08/19/24 08:50:00,65.509,216.0,,,,
567,08/19/24 09:00:00,65.851,1024.0,,,,
568,08/19/24 09:10:00,65.851,216.0,,,,
569,08/19/24 09:20:00,66.022,224.0,,,,
570,08/19/24 09:30:00,65.680,256.0,,,,
571,08/19/24 09:40:00,65.680,216.0,,,,
572,08/19/24 09:50:00,66.366,1664.0,,,,
573,08/19/24 10:00:00,66.193,576.0,,,,
574,08/19/24 10:10:00,66.193,448.0,,,,
575,08/19/24 10:20:00,66.366,864.0,,,,
576,08/19/24 10:30:00,66.366,232.0,,,,
577,08/19/24 10:40:00,66.708,1152.0,,,,
578,08/19/24 10:50:00,66.708,416.0,,,,
579,08/19/24 11:00:00,66.879,448.0,,,,
580,08/19/24 11:10:00,66.879,608.0,,,,
581,08/19/24 11:20:00,67.221,2304.0,,,,
582,08/19/24 11:30:00,67.392,1088.0,,,,
583,08/19/24 11:40:00,67.564,1984.0,,,,
584,08/19/24 11:50:00,67.564,2304.0,,,,
585,08/19/24 12:00:00,67.735,2176.0,,,,
586,08/19/24 12:10:00,67.735,1344.0,,,,
587,08/19/24 12:20:00,67.906,400.0,,,,
588,08/19/24 12:30:00,68.077,1344.0,,,,
589,08/19/24 12:40:00,68.248,4608.0,,,,
590,08/19/24 12:50:00,67.906,2304.0,,,,
591,08/19/24 13:00:00,68.077,512.0,,,,
592,08/19/24 13:10:00,68.077,1088.0,,,,
593,08/19/24 13:20:00,68.248,3072.0,,,,
594,08/19/24 13:30:00,68.077,1984.0,,,,
595,08/19/24 13:40:00,68.077,1408.0,,,,
596,08/19/24 13:50:00,68.248,1024.0,,,,
597,08/19/24 14:00:00,67.906,480.0,,,,
598,08/19/24 14:10:00,68.077,10240.0,,,,
599,08/19/24 14:20:00,67.906,1024.0,,,,
600,08/19/24 14:30:00,67.564,512.0,,,,
601,08/19/24 14:40:00,67.564,992.0,,,,
602,08/19/24 14:50:00,67.392,248.0,,,,
603,08/19/24 15:00:00,67.564,1728.0,,,,
604,08/19/24 15:10:00,67.221,240.0,,,,
605,08/19/24 15:20:00,67.564,704.0,,,,
606,08/19/24 15:30:00,67.735,864.0,,,,
607,08/19/24 15:40:00,68.077,800.0,,,,
608,08/19/24 15:50:00,67.392,232.0,,,,
609,08/19/24 16:00:00,67.564,496.0,,,,
610,08/19/24 16:10:00,67.221,608.0,,,,
611,08/19/24 16:20:00,67.050,672.0,,,,
612,08/19/24 16:30:00,66.879,608.0,,,,
613,08/19/24 16:40:00,66.537,464.0,,,,
614,08/19/24 16:50:00,66.537,576.0,,,,
615,08/19/24 17:00:00,66.366,416.0,,,,
616,08/19/24 17:10:00,66.193,368.0,,,,
617,08/19/24 17:20:00,66.022,320.0,,,,
618,08/19/24 17:30:00,65.851,176.0,,,,
619,08/19/24 17:40:00,66.193,248.0,,,,
620,08/19/24 17:50:00,65.851,272.0,,,,
621,08/19/24 18:00:00,66.366,464.0,,,,
622,08/19/24 18:10:00,66.022,200.0,,,,
623,08/19/24 18:20:00,66.193,224.0,,,,
624,08/19/24 18:30:00,66.193,288.0,,,,
625,08/19/24 18:40:00,66.193,248.0,,,,
626,08/19/24 18:50:00,65.851,119.0,,,,
627,08/19/24 19:00:00,66.022,368.0,,,,
628,08/19/24 19:10:00,65.851,200.0,,,,
629,08/19/24 19:20:00,65.851,136.0,,,,
630,08/19/24 19:30:00,65.680,93.0,,,,
631,08/19/24 19:40:00,65.680,71.0,,,,
632,08/19/24 19:50:00,65.680,50.0,,,,
633,08/19/24 20:00:00,65.680,44.0,,,,
634,08/19/24 20:10:00,65.680,27.0,,,,
635,08/19/24 20:20:00,65.851,11.0,,,,
636,08/19/24 20:30:00,65.851,2.0,,,,
637,08/19/24 20:40:00,65.851,0.0,,,,
638,08/19/24 20:50:00,65.851,0.0,,,,
639,08/19/24 21:00:00,65.680,0.0,,,,
640,08/19/24 21:10:00,65.680,0.0,,,,
641,08/19/24 21:20:00,65.680,0.0,,,,
642,08/19/24 21:30:00,65.680,0.0,,,,
643,08/19/24 21:40:00,65.680,0.0,,,,
644,08/19/24 21:50:00,65.680,0.0,,,,
645,08/19/24 22:00:00,65.680,0.0,,,,
646,08/19/24 22:10:00,65.680,0.0,,,,
647,08/19/24 22:20:00,65.680,0.0,,,,
648,08/19/24 22:30:00,65.680,0.0,,,,
649,08/19/24 22:40:00,65.680,0.0,,,,
650,08/19/24 22:50:00,65.509,0.0,,,,
651,08/19/24 23:00:00,65.509,0.0,,,,
652,08/19/24 23:10:00,65.680,0.0,,,,
653,08/19/24 23:20:00,65.680,0.0,,,,
654,08/19/24 23:30:00,65.680,0.0,,,,
655,08/19/24 23:40:00,65.680,0.0,,,,
656,08/19/24 23:50:00,65.680,0.0,,,,
657,08/20/24 00:00:00,65.509,0.0,,,,
658,08/20/24 00:10:00,65.509,0.0,,,,
659,08/20/24 00:20:00,65.509,0.0,,,,
660,08/20/24 00:30:00,65.509,0.0,,,,
661,08/20/24 00:40:00,65.509,0.0,,,,
662,08/20/24 00:50:00,65.509,0.0,,,,
663,08/20/24 01:00:00,65.509,0.0,,,,
664,08/20/24 01:10:00,65.509,0.0,,,,
665,08/20/24 01:20:00,65.509,0.0,,,,
666,08/20/24 01:30:00,65.509,0.0,,,,
667,08/20/24 01:40:00,65.509,0.0,,,,
668,08/20/24 01:50:00,65.509,0.0,,,,
669,08/20/24 02:00:00,65.509,0.0,,,,
670,08/20/24 02:10:00,65.509,0.0,,,,
671,08/20/24 02:20:00,65.509,0.0,,,,
672,08/20/24 02:30:00,65.509,0.0,,,,
673,08/20/24 02:40:00,65.509,0.0,,,,
674,08/20/24 02:50:00,65.509,0.0,,,,
675,08/20/24 03:00:00,65.509,0.0,,,,
676,08/20/24 03:10:00,65.509,0.0,,,,
677,08/20/24 03:20:00,65.338,0.0,,,,
678,08/20/24 03:30:00,65.338,0.0,,,,
679,08/20/24 03:40:00,65.338,0.0,,,,
680,08/20/24 03:50:00,65.338,0.0,,,,
681,08/20/24 04:00:00,65.338,0.0,,,,
682,08/20/24 04:10:00,65.338,0.0,,,,
683,08/20/24 04:20:00,65.509,0.0,,,,
684,08/20/24 04:30:00,65.680,0.0,,,,
685,08/20/24 04:40:00,65.680,0.0,,,,
686,08/20/24 04:50:00,65.680,0.0,,,,
687,08/20/24 05:00:00,65.680,0.0,,,,
688,08/20/24 05:10:00,65.680,0.0,,,,
689,08/20/24 05:20:00,65.680,0.0,,,,
690,08/20/24 05:30:00,65.680,0.0,,,,
691,08/20/24 05:40:00,65.680,0.0,,,,
692,08/20/24 05:50:00,65.680,0.0,,,,
693,08/20/24 06:00:00,65.680,0.0,,,,
694,08/20/24 06:10:00,65.680,0.0,,,,
695,08/20/24 06:20:00,65.680,1.0,,,,
696,08/20/24 06:30:00,65.680,8.0,,,,
697,08/20/24 06:40:00,65.680,29.0,,,,
698,08/20/24 06:50:00,65.680,49.0,,,,
699,08/20/24 07:00:00,65.680,42.0,,,,
700,08/20/24 07:10:00,65.680,54.0,,,,
701,08/20/24 07:20:00,65.680,46.0,,,,
702,08/20/24 07:30:00,65.680,87.0,,,,
703,08/20/24 07:40:00,65.680,97.0,,,,
704,08/20/24 07:50:00,65.680,103.0,,,,
705,08/20/24 08:00:00,65.680,184.0,,,,
706,08/20/24 08:10:00,65.680,192.0,,,,
707,08/20/24 08:20:00,65.851,288.0,,,,
708,08/20/24 08:30:00,66.193,168.0,,,,
709,08/20/24 08:40:00,66.022,160.0,,,,
710,08/20/24 08:50:00,66.366,232.0,,,,
711,08/20/24 09:00:00,66.193,432.0,,,,
712,08/20/24 09:10:00,66.366,304.0,,,,
713,08/20/24 09:20:00,66.708,1344.0,,,,
714,08/20/24 09:30:00,66.537,200.0,,,,
715,08/20/24 09:40:00,66.708,368.0,,,,
716,08/20/24 09:50:00,66.366,864.0,,,,
717,08/20/24 10:00:00,66.879,400.0,,,,
718,08/20/24 10:10:00,66.708,896.0,,,,
719,08/20/24 10:20:00,66.708,704.0,,,,
720,08/20/24 10:30:00,66.879,1728.0,,,,
721,08/20/24 10:40:00,67.050,2176.0,,,,
722,08/20/24 10:50:00,66.879,368.0,,,,
723,08/20/24 11:00:00,67.050,576.0,,,,
724,08/20/24 11:10:00,66.708,432.0,,,,
725,08/20/24 11:20:00,66.879,352.0,,,,
726,08/20/24 11:30:00,66.879,1088.0,,,,
727,08/20/24 11:40:00,67.050,256.0,,,,
728,08/20/24 11:50:00,67.564,896.0,,,,
729,08/20/24 12:00:00,67.564,1152.0,,,,
730,08/20/24 12:10:00,67.906,864.0,,,,
731,08/20/24 12:20:00,67.735,896.0,,,,
732,08/20/24 12:30:00,68.077,1088.0,,,,
733,08/20/24 12:40:00,67.392,384.0,,,,
734,08/20/24 12:50:00,67.735,432.0,,,,
735,08/20/24 13:00:00,67.564,1408.0,,,,
736,08/20/24 13:10:00,67.221,608.0,,,,
737,08/20/24 13:20:00,67.735,608.0,,,,
738,08/20/24 13:30:00,67.050,576.0,,,,
739,08/20/24 13:40:00,67.735,864.0,,,,
740,08/20/24 13:50:00,67.564,1088.0,,,,
741,08/20/24 14:00:00,66.879,432.0,,,,
742,08/20/24 14:10:00,67.564,864.0,,,,
743,08/20/24 14:20:00,67.564,1152.0,,,,
744,08/20/24 14:30:00,68.077,3840.0,,,,
745,08/20/24 14:40:00,67.906,3712.0,,,,
746,08/20/24 14:50:00,68.077,1856.0,,,,
747,08/20/24 15:00:00,68.077,3968.0,,,,
748,08/20/24 15:10:00,68.077,384.0,,,,
749,08/20/24 15:20:00,68.077,1152.0,,,,
750,08/20/24 15:30:00,68.077,576.0,,,,
751,08/20/24 15:40:00,68.077,800.0,,,,
752,08/20/24 15:50:00,68.077,672.0,,,,
753,08/20/24 16:00:00,68.077,1536.0,,,,
754,08/20/24 16:10:00,68.248,2944.0,,,,
755,08/20/24 16:20:00,67.906,608.0,,,,
756,08/20/24 16:30:00,67.564,320.0,,,,
757,08/20/24 16:40:00,67.906,704.0,,,,
758,08/20/24 16:50:00,67.564,1280.0,,,,
759,08/20/24 17:00:00,67.221,704.0,,,,
760,08/20/24 17:10:00,67.392,288.0,,,,
761,08/20/24 17:20:00,67.221,336.0,,,,
762,08/20/24 17:30:00,67.392,2304.0,,,,
763,08/20/24 17:40:00,67.050,400.0,,,,
764,08/20/24 17:50:00,66.879,608.0,,,,
765,08/20/24 18:00:00,67.221,336.0,,,,
766,08/20/24 18:10:00,66.537,160.0,,,,
767,08/20/24 18:20:00,66.708,352.0,,,,
768,08/20/24 18:30:00,66.708,336.0,,,,
769,08/20/24 18:40:00,66.537,152.0,,,,
770,08/20/24 18:50:00,66.708,136.0,,,,
771,08/20/24 19:00:00,66.708,232.0,,,,
772,08/20/24 19:10:00,66.708,85.0,,,,
773,08/20/24 19:20:00,66.366,80.0,,,,
774,08/20/24 19:30:00,66.366,72.0,,,,
775,08/20/24 19:40:00,66.366,55.0,,,,
776,08/20/24 19:50:00,66.366,40.0,,,,
777,08/20/24 20:00:00,66.366,28.0,,,,
778,08/20/24 20:10:00,66.366,14.0,,,,
779,08/20/24 20:20:00,66.366,7.0,,,,
780,08/20/24 20:30:00,66.193,1.0,,,,
781,08/20/24 20:40:00,66.193,0.0,,,,
782,08/20/24 20:50:00,66.193,0.0,,,,
783,08/20/24 21:00:00,66.193,0.0,,,,
784,08/20/24 21:10:00,66.193,0.0,,,,
785,08/20/24 21:20:00,66.193,0.0,,,,
786,08/20/24 21:30:00,66.193,0.0,,,,
787,08/20/24 21:40:00,66.193,0.0,,,,
788,08/20/24 21:50:00,66.193,0.0,,,,
789,08/20/24 22:00:00,66.193,0.0,,,,
790,08/20/24 22:10:00,66.022,0.0,,,,
791,08/20/24 22:20:00,66.193,0.0,,,,
792,08/20/24 22:30:00,66.193,0.0,,,,
793,08/20/24 22:40:00,66.022,0.0,,,,
794,08/20/24 22:50:00,66.022,0.0,,,,
795,08/20/24 23:00:00,66.193,0.0,,,,
796,08/20/24 23:10:00,66.022,0.0,,,,
797,08/20/24 23:20:00,66.022,0.0,,,,
798,08/20/24 23:30:00,66.022,0.0,,,,
799,08/20/24 23:40:00,66.022,0.0,,,,
800,08/20/24 23:50:00,66.022,0.0,,,,
801,08/21/24 00:00:00,66.022,0.0,,,,
802,08/21/24 00:10:00,66.022,0.0,,,,
803,08/21/24 00:20:00,66.022,0.0,,,,
804,08/21/24 00:30:00,65.851,0.0,,,,
805,08/21/24 00:40:00,65.851,0.0,,,,
806,08/21/24 00:50:00,65.851,0.0,,,,
807,08/21/24 01:00:00,65.851,0.0,,,,
808,08/21/24 01:10:00,65.851,0.0,,,,
809,08/21/24 01:20:00,65.851,0.0,,,,
810,08/21/24 01:30:00,65.851,0.0,,,,
811,08/21/24 01:40:00,65.851,0.0,,,,
812,08/21/24 01:50:00,65.851,0.0,,,,
813,08/21/24 02:00:00,65.851,0.0,,,,
814,08/21/24 02:10:00,65.680,0.0,,,,
815,08/21/24 02:20:00,65.680,0.0,,,,
816,08/21/24 02:30:00,65.680,0.0,,,,
817,08/21/24 02:40:00,65.680,0.0,,,,
818,08/21/24 02:50:00,65.680,0.0,,,,
819,08/21/24 03:00:00,65.680,0.0,,,,
820,08/21/24 03:10:00,65.680,0.0,,,,
821,08/21/24 03:20:00,65.680,0.0,,,,
822,08/21/24 03:30:00,65.509,0.0,,,,
823,08/21/24 03:40:00,65.509,0.0,,,,
824,08/21/24 03:50:00,65.509,0.0,,,,
825,08/21/24 04:00:00,65.509,0.0,,,,
826,08/21/24 04:10:00,65.509,0.0,,,,
827,08/21/24 04:20:00,65.509,0.0,,,,
828,08/21/24 04:30:00,65.338,0.0,,,,
829,08/21/24 04:40:00,65.338,0.0,,,,
830,08/21/24 04:50:00,65.338,0.0,,,,
831,08/21/24 05:00:00,65.338,0.0,,,,
832,08/21/24 05:10:00,65.338,0.0,,,,
833,08/21/24 05:20:00,65.338,0.0,,,,
834,08/21/24 05:30:00,65.167,0.0,,,,
835,08/21/24 05:40:00,65.167,0.0,,,,
836,08/21/24 05:50:00,65.167,0.0,,,,
837,08/21/24 06:00:00,65.167,0.0,,,,
838,08/21/24 06:10:00,65.167,0.0,,,,
839,08/21/24 06:20:00,65.167,1.0,,,,
840,08/21/24 06:30:00,64.996,3.0,,,,
841,08/21/24 06:40:00,64.996,16.0,,,,
842,08/21/24 06:50:00,64.996,30.0,,,,
843,08/21/24 07:00:00,64.996,55.0,,,,
844,08/21/24 07:10:00,64.996,176.0,,,,
845,08/21/24 07:20:00,65.167,224.0,,,,
846,08/21/24 07:30:00,65.167,272.0,,,,
847,08/21/24 07:40:00,65.167,320.0,,,,
848,08/21/24 07:50:00,65.338,184.0,,,,
849,08/21/24 08:00:00,65.167,124.0,,,,
850,08/21/24 08:10:00,65.338,288.0,,,,
851,08/21/24 08:20:00,65.509,800.0,,,,
852,08/21/24 08:30:00,65.509,480.0,,,,
853,08/21/24 08:40:00,65.509,400.0,,,,
854,08/21/24 08:50:00,65.680,704.0,,,,
855,08/21/24 09:00:00,66.193,1152.0,,,,
856,08/21/24 09:10:00,66.193,1792.0,,,,
857,08/21/24 09:20:00,66.366,2560.0,,,,
858,08/21/24 09:30:00,66.537,2176.0,,,,
859,08/21/24 09:40:00,66.537,2176.0,,,,
860,08/21/24 09:50:00,66.366,992.0,,,,
861,08/21/24 10:00:00,66.366,576.0,,,,
862,08/21/24 10:10:00,66.537,1984.0,,,,
863,08/21/24 10:20:00,66.879,2432.0,,,,
864,08/21/24 10:30:00,66.879,1664.0,,,,
865,08/21/24 10:40:00,67.050,1664.0,,,,
866,08/21/24 10:50:00,66.879,2560.0,,,,
867,08/21/24 11:00:00,67.221,1984.0,,,,
868,08/21/24 11:10:00,67.221,2944.0,,,,
869,08/21/24 11:20:00,67.392,2304.0,,,,
870,08/21/24 11:30:00,67.564,3072.0,,,,
871,08/21/24 11:40:00,67.392,2432.0,,,,
872,08/21/24 11:50:00,67.564,2688.0,,,,
873,08/21/24 12:00:00,67.392,2304.0,,,,
874,08/21/24 12:10:00,67.564,2560.0,,,,
875,08/21/24 12:20:00,67.735,2816.0,,,,
876,08/21/24 12:30:00,67.392,960.0,,,,
877,08/21/24 12:40:00,67.221,1856.0,,,,
878,08/21/24 12:50:00,67.564,2688.0,,,,
879,08/21/24 13:00:00,67.392,768.0,,,,
880,08/21/24 13:10:00,67.050,3200.0,,,,
881,08/21/24 13:20:00,67.392,608.0,,,,
882,08/21/24 13:30:00,67.906,2176.0,,,,
883,08/21/24 13:40:00,68.077,5888.0,,,,
884,08/21/24 13:50:00,67.906,704.0,,,,
885,08/21/24 14:00:00,67.735,576.0,,,,
886,08/21/24 14:10:00,67.564,384.0,,,,
887,08/21/24 14:20:00,67.735,1152.0,,,,
888,08/21/24 14:30:00,67.564,960.0,,,,
889,08/21/24 14:40:00,67.735,768.0,,,,
890,08/21/24 14:50:00,67.906,384.0,,,,
891,08/21/24 15:00:00,67.906,2560.0,,,,
892,08/21/24 15:10:00,67.735,768.0,,,,
893,08/21/24 15:20:00,67.050,176.0,,,,
894,08/21/24 15:30:00,67.050,352.0,,,,
895,08/21/24 15:40:00,67.392,2304.0,,,,
896,08/21/24 15:50:00,67.221,272.0,,,,
897,08/21/24 16:00:00,67.050,1344.0,,,,
898,08/21/24 16:10:00,66.879,576.0,,,,
899,08/21/24 16:20:00,67.050,384.0,,,,
900,08/21/24 16:30:00,67.564,1216.0,,,,
901,08/21/24 16:40:00,67.392,256.0,,,,
902,08/21/24 16:50:00,67.392,1344.0,,,,
903,08/21/24 17:00:00,67.050,192.0,,,,
904,08/21/24 17:10:00,67.050,400.0,,,,
905,08/21/24 17:20:00,67.050,432.0,,,,
906,08/21/24 17:30:00,67.564,512.0,,,,
907,08/21/24 17:40:00,67.564,256.0,,,,
908,08/21/24 17:50:00,67.221,320.0,,,,
909,08/21/24 18:00:00,66.879,256.0,,,,
910,08/21/24 18:10:00,67.050,304.0,,,,
911,08/21/24 18:20:00,66.708,152.0,,,,
912,08/21/24 18:30:00,66.537,128.0,,,,
913,08/21/24 18:40:00,66.537,124.0,,,,
914,08/21/24 18:50:00,66.537,128.0,,,,
915,08/21/24 19:00:00,66.537,136.0,,,,
916,08/21/24 19:10:00,66.366,73.0,,,,
917,08/21/24 19:20:00,66.366,72.0,,,,
918,08/21/24 19:30:00,66.193,74.0,,,,
919,08/21/24 19:40:00,66.193,47.0,,,,
920,08/21/24 19:50:00,66.193,45.0,,,,
921,08/21/24 20:00:00,66.193,29.0,,,,
922,08/21/24 20:10:00,66.193,15.0,,,,
923,08/21/24 20:20:00,66.193,6.0,,,,
924,08/21/24 20:30:00,66.022,1.0,,,,
925,08/21/24 20:40:00,66.022,0.0,,,,
926,08/21/24 20:50:00,66.022,0.0,,,,
927,08/21/24 21:00:00,66.022,0.0,,,,
928,08/21/24 21:10:00,66.022,0.0,,,,
929,08/21/24 21:20:00,66.022,0.0,,,,
930,08/21/24 21:30:00,66.022,0.0,,,,
931,08/21/24 21:40:00,66.022,0.0,,,,
932,08/21/24 21:50:00,66.022,0.0,,,,
933,08/21/24 22:00:00,66.022,0.0,,,,
934,08/21/24 22:10:00,66.022,0.0,,,,
935,08/21/24 22:20:00,66.022,0.0,,,,
936,08/21/24 22:30:00,66.022,0.0,,,,
937,08/21/24 22:40:00,66.022,0.0,,,,
938,08/21/24 22:50:00,66.022,0.0,,,,
939,08/21/24 23:00:00,66.022,0.0,,,,
940,08/21/24 23:10:00,66.022,0.0,,,,
941,08/21/24 23:20:00,65.851,0.0,,,,
942,08/21/24 23:30:00,66.022,0.0,,,,
943,08/21/24 23:40:00,65.851,0.0,,,,
944,08/21/24 23:50:00,66.022,0.0,,,,
945,08/22/24 00:00:00,65.851,0.0,,,,
946,08/22/24 00:10:00,65.851,0.0,,,,
947,08/22/24 00:20:00,66.022,0.0,,,,
948,08/22/24 00:30:00,65.851,0.0,,,,
949,08/22/24 00:40:00,65.851,0.0,,,,
950,08/22/24 00:50:00,65.851,0.0,,,,
951,08/22/24 01:00:00,65.851,0.0,,,,
952,08/22/24 01:10:00,65.851,0.0,,,,
953,08/22/24 01:20:00,65.851,0.0,,,,
954,08/22/24 01:30:00,65.851,0.0,,,,
955,08/22/24 01:40:00,65.851,0.0,,,,
956,08/22/24 01:50:00,65.851,0.0,,,,
957,08/22/24 02:00:00,65.851,0.0,,,,
958,08/22/24 02:10:00,65.851,0.0,,,,
959,08/22/24 02:20:00,65.851,0.0,,,,
960,08/22/24 02:30:00,65.680,0.0,,,,
961,08/22/24 02:40:00,65.680,0.0,,,,
962,08/22/24 02:50:00,65.851,0.0,,,,
963,08/22/24 03:00:00,65.680,0.0,,,,
964,08/22/24 03:10:00,65.680,0.0,,,,
965,08/22/24 03:20:00,65.680,0.0,,,,
966,08/22/24 03:30:00,65.680,0.0,,,,
967,08/22/24 03:40:00,65.680,0.0,,,,
968,08/22/24 03:50:00,65.680,0.0,,,,
969,08/22/24 04:00:00,65.680,0.0,,,,
970,08/22/24 04:10:00,65.680,0.0,,,,
971,08/22/24 04:20:00,65.680,0.0,,,,
972,08/22/24 04:30:00,65.680,0.0,,,,
973,08/22/24 04:40:00,65.680,0.0,,,,
974,08/22/24 04:50:00,65.509,0.0,,,,
975,08/22/24 05:00:00,65.509,0.0,,,,
976,08/22/24 05:10:00,65.509,0.0,,,,
977,08/22/24 05:20:00,65.509,0.0,,,,
978,08/22/24 05:30:00,65.509,0.0,,,,
979,08/22/24 05:40:00,65.509,0.0,,,,
980,08/22/24 05:50:00,65.509,0.0,,,,
981,08/22/24 06:00:00,65.509,0.0,,,,
982,08/22/24 06:10:00,65.509,0.0,,,,
983,08/22/24 06:20:00,65.338,1.0,,,,
984,08/22/24 06:30:00,65.338,6.0,,,,
985,08/22/24 06:40:00,65.338,21.0,,,,
986,08/22/24 06:50:00,65.338,25.0,,,,
987,08/22/24 07:00:00,65.338,41.0,,,,
988,08/22/24 07:10:00,65.338,152.0,,,,
989,08/22/24 07:20:00,65.509,136.0,,,,
990,08/22/24 07:30:00,65.509,232.0,,,,
991,08/22/24 07:40:00,65.509,320.0,,,,
992,08/22/24 07:50:00,65.509,200.0,,,,
993,08/22/24 08:00:00,65.680,608.0,,,,
994,08/22/24 08:10:00,65.680,248.0,,,,
995,08/22/24 08:20:00,65.680,960.0,,,,
996,08/22/24 08:30:00,65.851,992.0,,,,
997,08/22/24 08:40:00,65.851,1152.0,,,,
998,08/22/24 08:50:00,65.851,800.0,,,,
999,08/22/24 09:00:00,66.022,1344.0,,,,
1000,08/22/24 09:10:00,66.022,1536.0,,,,
1001,08/22/24 09:20:00,66.022,1216.0,,,,
1002,08/22/24 09:30:00,66.193,1600.0,,,,
1003,08/22/24 09:40:00,66.366,1920.0,,,,
1004,08/22/24 09:50:00,66.537,2560.0,,,,
1005,08/22/24 10:00:00,66.537,1984.0,,,,
1006,08/22/24 10:10:00,66.366,1664.0,,,,
1007,08/22/24 10:20:00,66.537,2688.0,,,,
1008,08/22/24 10:30:00,66.366,1920.0,,,,
1009,08/22/24 10:40:00,66.537,1728.0,,,,
1010,08/22/24 10:50:00,66.537,704.0,,,,
1011,08/22/24 11:00:00,66.366,480.0,,,,
1012,08/22/24 11:10:00,66.537,608.0,,,,
1013,08/22/24 11:20:00,66.708,704.0,,,,
1014,08/22/24 11:30:00,66.879,1152.0,,,,
1015,08/22/24 11:40:00,67.050,1152.0,,,,
1016,08/22/24 11:50:00,67.906,3712.0,,,,
1017,08/22/24 12:00:00,68.248,3840.0,,,,
1018,08/22/24 12:10:00,68.248,3456.0,,,,
1019,08/22/24 12:20:00,68.248,2048.0,,,,
1020,08/22/24 12:30:00,68.421,2176.0,,,,
1021,08/22/24 12:40:00,68.077,5120.0,,,,
1022,08/22/24 12:50:00,68.421,9216.0,,,,
1023,08/22/24 13:00:00,68.077,2688.0,,,,
1024,08/22/24 13:10:00,68.248,2048.0,,,,
1025,08/22/24 13:20:00,68.077,2944.0,,,,
1026,08/22/24 13:30:00,68.077,1280.0,,,,
1027,08/22/24 13:40:00,68.077,2048.0,,,,
1028,08/22/24 13:50:00,68.077,1088.0,,,,
1029,08/22/24 14:00:00,68.077,1728.0,,,,
1030,08/22/24 14:10:00,67.906,1280.0,,,,
1031,08/22/24 14:20:00,68.248,5120.0,,,,
1032,08/22/24 14:30:00,68.077,1216.0,,,,
1033,08/22/24 14:40:00,67.735,384.0,,,,
1034,08/22/24 14:50:00,67.906,1728.0,,,,
1035,08/22/24 15:00:00,67.735,480.0,,,,
1036,08/22/24 15:10:00,67.906,3200.0,,,,
1037,08/22/24 15:20:00,67.564,1664.0,,,,
1038,08/22/24 15:30:00,67.221,672.0,,,,
1039,08/22/24 15:40:00,67.392,336.0,,,,
1040,08/22/24 15:50:00,67.392,352.0,,,,
1041,08/22/24 16:00:00,67.221,480.0,,,,
1042,08/22/24 16:10:00,67.050,464.0,,,,
1043,08/22/24 16:20:00,66.708,152.0,,,,
1044,08/22/24 16:30:00,66.537,2688.0,,,,
1045,08/22/24 16:40:00,66.366,184.0,,,,
1046,08/22/24 16:50:00,66.193,272.0,,,,
1047,08/22/24 17:00:00,66.366,176.0,,,,
1048,08/22/24 17:10:00,66.879,704.0,,,,
1049,08/22/24 17:20:00,66.879,1024.0,,,,
1050,08/22/24 17:30:00,66.708,336.0,,,,
1051,08/22/24 17:40:00,66.708,288.0,,,,
1052,08/22/24 17:50:00,66.537,608.0,,,,
1053,08/22/24 18:00:00,66.708,176.0,,,,
1054,08/22/24 18:10:00,66.537,240.0,,,,
1055,08/22/24 18:20:00,66.708,232.0,,,,
1056,08/22/24 18:30:00,66.537,248.0,,,,
1057,08/22/24 18:40:00,66.537,200.0,,,,
1058,08/22/24 18:50:00,66.708,224.0,,,,
1059,08/22/24 19:00:00,66.708,200.0,,,,
1060,08/22/24 19:10:00,67.221,184.0,,,,
1061,08/22/24 19:20:00,67.392,109.0,,,,
1062,08/22/24 19:30:00,67.221,82.0,,,,
1063,08/22/24 19:40:00,67.221,85.0,,,,
1064,08/22/24 19:50:00,67.050,27.0,,,,
1065,08/22/24 20:00:00,66.879,23.0,,,,
1066,08/22/24 20:10:00,66.708,7.0,,,,
1067,08/22/24 20:20:00,66.537,2.0,,,,
1068,08/22/24 20:30:00,66.537,0.0,,,,
1069,08/22/24 20:40:00,66.366,0.0,,,,
1070,08/22/24 20:50:00,66.366,0.0,,,,
1071,08/22/24 21:00:00,66.366,0.0,,,,
1072,08/22/24 21:10:00,66.366,0.0,,,,
1073,08/22/24 21:20:00,66.193,0.0,,,,
1074,08/22/24 21:30:00,66.193,0.0,,,,
1075,08/22/24 21:40:00,66.193,0.0,,,,
1076,08/22/24 21:50:00,66.193,0.0,,,,
1077,08/22/24 22:00:00,66.193,0.0,,,,
1078,08/22/24 22:10:00,66.193,0.0,,,,
1079,08/22/24 22:20:00,66.193,0.0,,,,
1080,08/22/24 22:30:00,66.193,0.0,,,,
1081,08/22/24 22:40:00,66.193,0.0,,,,
1082,08/22/24 22:50:00,66.022,0.0,,,,
1083,08/22/24 23:00:00,66.022,0.0,,,,
1084,08/22/24 23:10:00,66.193,0.0,,,,
1085,08/22/24 23:20:00,66.022,0.0,,,,
1086,08/22/24 23:30:00,66.022,0.0,,,,
1087,08/22/24 23:40:00,66.022,0.0,,,,
1088,08/22/24 23:50:00,66.022,0.0,,,,
1089,08/23/24 00:00:00,66.022,0.0,,,,
1090,08/23/24 00:10:00,66.022,0.0,,,,
1091,08/23/24 00:20:00,65.851,0.0,,,,
1092,08/23/24 00:30:00,65.851,0.0,,,,
1093,08/23/24 00:40:00,65.851,0.0,,,,
1094,08/23/24 00:50:00,65.851,0.0,,,,
1095,08/23/24 01:00:00,65.851,0.0,,,,
1096,08/23/24 01:10:00,65.851,0.0,,,,
1097,08/23/24 01:20:00,65.851,0.0,,,,
1098,08/23/24 01:30:00,65.851,0.0,,,,
1099,08/23/24 01:40:00,65.851,0.0,,,,
1100,08/23/24 01:50:00,65.851,0.0,,,,
1101,08/23/24 02:00:00,65.851,0.0,,,,
1102,08/23/24 02:10:00,65.680,0.0,,,,
1103,08/23/24 02:20:00,65.680,0.0,,,,
1104,08/23/24 02:30:00,65.680,0.0,,,,
1105,08/23/24 02:40:00,65.680,0.0,,,,
1106,08/23/24 02:50:00,65.680,0.0,,,,
1107,08/23/24 03:00:00,65.680,0.0,,,,
1108,08/23/24 03:10:00,65.680,0.0,,,,
1109,08/23/24 03:20:00,65.509,0.0,,,,
1110,08/23/24 03:30:00,65.509,0.0,,,,
1111,08/23/24 03:40:00,65.509,0.0,,,,
1112,08/23/24 03:50:00,65.509,0.0,,,,
1113,08/23/24 04:00:00,65.509,0.0,,,,
1114,08/23/24 04:10:00,65.509,0.0,,,,
1115,08/23/24 04:20:00,65.509,0.0,,,,
1116,08/23/24 04:30:00,65.509,0.0,,,,
1117,08/23/24 04:40:00,65.338,0.0,,,,
1118,08/23/24 04:50:00,65.509,0.0,,,,
1119,08/23/24 05:00:00,65.338,0.0,,,,
1120,08/23/24 05:10:00,65.338,0.0,,,,
1121,08/23/24 05:20:00,65.338,0.0,,,,
1122,08/23/24 05:30:00,65.338,0.0,,,,
1123,08/23/24 05:40:00,65.338,0.0,,,,
1124,08/23/24 05:50:00,65.338,0.0,,,,
1125,08/23/24 06:00:00,65.338,0.0,,,,
1126,08/23/24 06:10:00,65.338,0.0,,,,
1127,08/23/24 06:20:00,65.338,1.0,,,,
1128,08/23/24 06:30:00,65.338,4.0,,,,
1129,08/23/24 06:40:00,65.338,24.0,,,,
1130,08/23/24 06:50:00,65.338,62.0,,,,
1131,08/23/24 07:00:00,65.338,55.0,,,,
1132,08/23/24 07:10:00,65.167,74.0,,,,
1133,08/23/24 07:20:00,65.338,248.0,,,,
1134,08/23/24 07:30:00,65.509,304.0,,,,
1135,08/23/24 07:40:00,65.338,136.0,,,,
1136,08/23/24 07:50:00,65.338,224.0,,,,
1137,08/23/24 08:00:00,65.338,176.0,,,,
1138,08/23/24 08:10:00,65.509,208.0,,,,
1139,08/23/24 08:20:00,65.338,160.0,,,,
1140,08/23/24 08:30:00,65.338,144.0,,,,
1141,08/23/24 08:40:00,65.509,248.0,,,,
1142,08/23/24 08:50:00,65.509,248.0,,,,
1143,08/23/24 09:00:00,65.851,448.0,,,,
1144,08/23/24 09:10:00,66.022,672.0,,,,
1145,08/23/24 09:20:00,66.708,1536.0,,,,
1146,08/23/24 09:30:00,66.708,3200.0,,,,
1147,08/23/24 09:40:00,66.879,1472.0,,,,
1148,08/23/24 09:50:00,66.879,3456.0,,,,
1149,08/23/24 10:00:00,66.366,1088.0,,,,
1150,08/23/24 10:10:00,66.708,200.0,,,,
1151,08/23/24 10:20:00,66.708,2688.0,,,,
1152,08/23/24 10:30:00,67.050,896.0,,,,
1153,08/23/24 10:40:00,67.050,1472.0,,,,
1154,08/23/24 10:50:00,67.050,4352.0,,,,
1155,08/23/24 11:00:00,66.879,512.0,,,,
1156,08/23/24 11:10:00,67.735,4864.0,,,,
1157,08/23/24 11:20:00,67.392,1856.0,,,,
1158,08/23/24 11:30:00,67.221,672.0,,,,
1159,08/23/24 11:40:00,67.050,384.0,,,,
1160,08/23/24 11:50:00,68.248,2048.0,,,,
1161,08/23/24 12:00:00,68.077,384.0,,,,
1162,08/23/24 12:10:00,67.392,1152.0,,,,
1163,08/23/24 12:20:00,67.735,4608.0,,,,
1164,08/23/24 12:30:00,67.735,1920.0,,,,
1165,08/23/24 12:40:00,67.735,432.0,,,,
1166,08/23/24 12:50:00,67.735,960.0,,,,
1167,08/23/24 13:00:00,67.735,896.0,,,,
1168,08/23/24 13:10:00,67.906,800.0,,,,
1169,08/23/24 13:20:00,68.077,576.0,,,,
1170,08/23/24 13:30:00,67.050,352.0,,,,
1171,08/23/24 13:40:00,67.906,1408.0,,,,
1172,08/23/24 13:50:00,67.050,576.0,,,,
1173,08/23/24 14:00:00,66.708,768.0,,,,
1174,08/23/24 14:10:00,66.537,368.0,,,,
1175,08/23/24 14:20:00,66.537,288.0,,,,
1176,08/23/24 14:30:00,66.193,97.0,,,,
1177,08/23/24 14:40:00,66.193,88.0,,,,
1178,08/23/24 14:50:00,66.193,72.0,,,,
1179,08/23/24 15:00:00,66.193,99.0,,,,
1180,08/23/24 15:10:00,66.366,608.0,,,,
1181,08/23/24 15:20:00,68.077,2944.0,,,,
1182,08/23/24 15:30:00,67.050,800.0,,,,
1183,08/23/24 15:40:00,67.221,1024.0,,,,
1184,08/23/24 15:50:00,67.221,3200.0,,,,
1185,08/23/24 16:00:00,67.564,2048.0,,,,
1186,08/23/24 16:10:00,67.735,3584.0,,,,
1187,08/23/24 16:20:00,68.077,1792.0,,,,
1188,08/23/24 16:30:00,68.248,5376.0,,,,
1189,08/23/24 16:40:00,67.221,224.0,,,,
1190,08/23/24 16:50:00,66.366,144.0,,,,
1191,08/23/24 17:00:00,66.366,104.0,,,,
1192,08/23/24 17:10:00,66.366,66.0,,,,
1193,08/23/24 17:20:00,66.537,448.0,,,,
1194,08/23/24 17:30:00,67.050,496.0,,,,
1195,08/23/24 17:40:00,67.221,576.0,,,,
1196,08/23/24 17:50:00,67.050,608.0,,,,
1197,08/23/24 18:00:00,67.050,512.0,,,,
1198,08/23/24 18:10:00,66.879,320.0,,,,
1199,08/23/24 18:20:00,66.366,144.0,,,,
1200,08/23/24 18:30:00,66.366,98.0,,,,
1201,08/23/24 18:40:00,66.366,304.0,,,,
1202,08/23/24 18:50:00,66.537,512.0,,,,
1203,08/23/24 19:00:00,66.708,768.0,,,,
1204,08/23/24 19:10:00,66.366,136.0,,,,
1205,08/23/24 19:20:00,66.193,86.0,,,,
1206,08/23/24 19:30:00,66.193,71.0,,,,
1207,08/23/24 19:40:00,66.193,31.0,,,,
1208,08/23/24 19:50:00,66.193,31.0,,,,
1209,08/23/24 20:00:00,66.193,17.0,,,,
1210,08/23/24 20:10:00,66.022,6.0,,,,
1211,08/23/24 20:20:00,66.022,3.0,,,,
1212,08/23/24 20:30:00,66.022,0.0,,,,
1213,08/23/24 20:40:00,66.022,0.0,,,,
1214,08/23/24 20:50:00,66.022,0.0,,,,
1215,08/23/24 21:00:00,66.022,0.0,,,,
1216,08/23/24 21:10:00,66.022,0.0,,,,
1217,08/23/24 21:20:00,66.022,0.0,,,,
1218,08/23/24 21:30:00,66.022,0.0,,,,
1219,08/23/24 21:40:00,66.022,0.0,,,,
1220,08/23/24 21:50:00,66.022,0.0,,,,
1221,08/23/24 22:00:00,66.022,0.0,,,,
1222,08/23/24 22:10:00,65.851,0.0,,,,
1223,08/23/24 22:20:00,66.022,0.0,,,,
1224,08/23/24 22:30:00,65.851,0.0,,,,
1225,08/23/24 22:40:00,65.851,0.0,,,,
1226,08/23/24 22:50:00,65.851,0.0,,,,
1227,08/23/24 23:00:00,65.851,0.0,,,,
1228,08/23/24 23:10:00,65.851,0.0,,,,
1229,08/23/24 23:20:00,65.851,0.0,,,,
1230,08/23/24 23:30:00,65.851,0.0,,,,
1231,08/23/24 23:40:00,65.851,0.0,,,,
1232,08/23/24 23:50:00,65.851,0.0,,,,
1233,08/24/24 00:00:00,65.851,0.0,,,,
1234,08/24/24 00:10:00,65.851,0.0,,,,
1235,08/24/24 00:20:00,65.851,0.0,,,,
1236,08/24/24 00:30:00,65.851,0.0,,,,
1237,08/24/24 00:40:00,65.851,0.0,,,,
1238,08/24/24 00:50:00,65.851,0.0,,,,
1239,08/24/24 01:00:00,65.680,0.0,,,,
1240,08/24/24 01:10:00,65.680,0.0,,,,
1241,08/24/24 01:20:00,65.680,0.0,,,,
1242,08/24/24 01:30:00,65.680,0.0,,,,
1243,08/24/24 01:40:00,65.680,0.0,,,,
1244,08/24/24 01:50:00,65.680,0.0,,,,
1245,08/24/24 02:00:00,65.680,0.0,,,,
1246,08/24/24 02:10:00,65.680,0.0,,,,
1247,08/24/24 02:20:00,65.680,0.0,,,,
1248,08/24/24 02:30:00,65.680,0.0,,,,
1249,08/24/24 02:40:00,65.680,0.0,,,,
1250,08/24/24 02:50:00,65.680,0.0,,,,
1251,08/24/24 03:00:00,65.680,0.0,,,,
1252,08/24/24 03:10:00,65.680,0.0,,,,
1253,08/24/24 03:20:00,65.680,0.0,,,,
1254,08/24/24 03:30:00,65.680,0.0,,,,
1255,08/24/24 03:40:00,65.680,0.0,,,,
1256,08/24/24 03:50:00,65.680,0.0,,,,
1257,08/24/24 04:00:00,65.680,0.0,,,,
1258,08/24/24 04:10:00,65.680,0.0,,,,
1259,08/24/24 04:20:00,65.680,0.0,,,,
1260,08/24/24 04:30:00,65.680,0.0,,,,
1261,08/24/24 04:40:00,65.680,0.0,,,,
1262,08/24/24 04:50:00,65.680,0.0,,,,
1263,08/24/24 05:00:00,65.680,0.0,,,,
1264,08/24/24 05:10:00,65.680,0.0,,,,
1265,08/24/24 05:20:00,65.680,0.0,,,,
1266,08/24/24 05:30:00,65.680,0.0,,,,
1267,08/24/24 05:40:00,65.680,0.0,,,,
1268,08/24/24 05:50:00,65.680,0.0,,,,
1269,08/24/24 06:00:00,65.680,0.0,,,,
1270,08/24/24 06:10:00,65.680,0.0,,,,
1271,08/24/24 06:20:00,65.680,0.0,,,,
1272,08/24/24 06:30:00,65.680,1.0,,,,
1273,08/24/24 06:40:00,65.680,8.0,,,,
1274,08/24/24 06:50:00,65.680,24.0,,,,
1275,08/24/24 07:00:00,65.680,36.0,,,,
1276,08/24/24 07:10:00,65.680,63.0,,,,
1277,08/24/24 07:20:00,65.851,61.0,,,,
1278,08/24/24 07:30:00,65.851,79.0,,,,
1279,08/24/24 07:40:00,65.851,136.0,,,,
1280,08/24/24 07:50:00,65.851,216.0,,,,
1281,08/24/24 08:00:00,65.851,152.0,,,,
1282,08/24/24 08:10:00,65.851,116.0,,,,
1283,08/24/24 08:20:00,66.022,192.0,,,,
1284,08/24/24 08:30:00,66.022,272.0,,,,
1285,08/24/24 08:40:00,66.022,176.0,,,,
1286,08/24/24 08:50:00,66.022,216.0,,,,
1287,08/24/24 09:00:00,66.022,200.0,,,,
1288,08/24/24 09:10:00,66.022,200.0,,,,
1289,08/24/24 09:20:00,66.022,216.0,,,,
1290,08/24/24 09:30:00,66.193,232.0,,,,
1291,08/24/24 09:40:00,66.193,248.0,,,,
1292,08/24/24 09:50:00,66.193,232.0,,,,
1293,08/24/24 10:00:00,66.366,232.0,,,,
1294,08/24/24 10:10:00,66.366,248.0,,,,
1295,08/24/24 10:20:00,66.366,304.0,,,,
1296,08/24/24 10:30:00,66.537,256.0,,,,
1297,08/24/24 10:40:00,66.537,288.0,,,,
1298,08/24/24 10:50:00,66.708,304.0,,,,
1299,08/24/24 11:00:00,66.708,336.0,,,,
1300,08/24/24 11:10:00,66.708,576.0,,,,
1301,08/24/24 11:20:00,67.221,1472.0,,,,
1302,08/24/24 11:30:00,67.392,3968.0,,,,
1303,08/24/24 11:40:00,67.392,2432.0,,,,
1304,08/24/24 11:50:00,67.392,448.0,,,,
1305,08/24/24 12:00:00,67.392,704.0,,,,
1306,08/24/24 12:10:00,67.564,768.0,,,,
1307,08/24/24 12:20:00,67.564,2944.0,,,,
1308,08/24/24 12:30:00,67.564,3456.0,,,,
1309,08/24/24 12:40:00,67.735,2560.0,,,,
1310,08/24/24 12:50:00,67.735,608.0,,,,
1311,08/24/24 13:00:00,67.221,960.0,,,,
1312,08/24/24 13:10:00,67.564,3840.0,,,,
1313,08/24/24 13:20:00,67.735,2048.0,,,,
1314,08/24/24 13:30:00,66.708,448.0,,,,
1315,08/24/24 13:40:00,67.564,704.0,,,,
1316,08/24/24 13:50:00,67.735,2560.0,,,,
1317,08/24/24 14:00:00,67.564,1920.0,,,,
1318,08/24/24 14:10:00,67.906,4096.0,,,,
1319,08/24/24 14:20:00,67.392,4096.0,,,,
1320,08/24/24 14:30:00,67.735,352.0,,,,
1321,08/24/24 14:40:00,67.050,368.0,,,,
1322,08/24/24 14:50:00,67.564,3840.0,,,,
1323,08/24/24 15:00:00,67.735,992.0,,,,
1324,08/24/24 15:10:00,67.735,2048.0,,,,
1325,08/24/24 15:20:00,67.735,2176.0,,,,
1326,08/24/24 15:30:00,67.221,768.0,,,,
1327,08/24/24 15:40:00,66.879,576.0,,,,
1328,08/24/24 15:50:00,66.708,432.0,,,,
1329,08/24/24 16:00:00,67.221,1664.0,,,,
1330,08/24/24 16:10:00,67.392,1088.0,,,,
1331,08/24/24 16:20:00,67.392,2304.0,,,,
1332,08/24/24 16:30:00,66.879,336.0,,,,
1333,08/24/24 16:40:00,66.366,960.0,,,,
1334,08/24/24 16:50:00,66.537,256.0,,,,
1335,08/24/24 17:00:00,66.879,1024.0,,,,
1336,08/24/24 17:10:00,66.537,448.0,,,,
1337,08/24/24 17:20:00,66.537,864.0,,,,
1338,08/24/24 17:30:00,66.708,304.0,,,,
1339,08/24/24 17:40:00,66.366,232.0,,,,
1340,08/24/24 17:50:00,66.193,224.0,,,,
1341,08/24/24 18:00:00,66.193,152.0,,,,
1342,08/24/24 18:10:00,66.193,352.0,,,,
1343,08/24/24 18:20:00,66.193,200.0,,,,
1344,08/24/24 18:30:00,66.193,176.0,,,,
1345,08/24/24 18:40:00,66.022,136.0,,,,
1346,08/24/24 18:50:00,66.022,24.0,,,,
1347,08/24/24 19:00:00,66.022,60.0,,,,
1348,08/24/24 19:10:00,66.022,57.0,,,,
1349,08/24/24 19:20:00,65.851,49.0,,,,
1350,08/24/24 19:30:00,65.851,52.0,,,,
1351,08/24/24 19:40:00,65.851,47.0,,,,
1352,08/24/24 19:50:00,65.851,44.0,,,,
1353,08/24/24 20:00:00,65.851,14.0,,,,
1354,08/24/24 20:10:00,65.851,5.0,,,,
1355,08/24/24 20:20:00,65.851,1.0,,,,
1356,08/24/24 20:30:00,65.851,0.0,,,,
1357,08/24/24 20:40:00,65.851,0.0,,,,
1358,08/24/24 20:50:00,65.680,0.0,,,,
1359,08/24/24 21:00:00,65.680,0.0,,,,
1360,08/24/24 21:10:00,65.680,0.0,,,,
1361,08/24/24 21:20:00,65.680,0.0,,,,
1362,08/24/24 21:30:00,65.680,0.0,,,,
1363,08/24/24 21:40:00,65.851,0.0,,,,
1364,08/24/24 21:50:00,65.680,0.0,,,,
1365,08/24/24 22:00:00,65.680,0.0,,,,
1366,08/24/24 22:10:00,65.680,0.0,,,,
1367,08/24/24 22:20:00,65.680,0.0,,,,
1368,08/24/24 22:30:00,65.680,0.0,,,,
1369,08/24/24 22:40:00,65.680,0.0,,,,
1370,08/24/24 22:50:00,65.680,0.0,,,,
1371,08/24/24 23:00:00,65.509,0.0,,,,
1372,08/24/24 23:10:00,65.680,0.0,,,,
1373,08/24/24 23:20:00,65.680,0.0,,,,
1374,08/24/24 23:30:00,65.509,0.0,,,,
1375,08/24/24 23:40:00,65.509,0.0,,,,
1376,08/24/24 23:50:00,65.509,0.0,,,,
1377,08/25/24 00:00:00,65.509,0.0,,,,
1378,08/25/24 00:10:00,65.509,0.0,,,,
1379,08/25/24 00:20:00,65.509,0.0,,,,
1380,08/25/24 00:30:00,65.509,0.0,,,,
1381,08/25/24 00:40:00,65.509,0.0,,,,
1382,08/25/24 00:50:00,65.509,0.0,,,,
1383,08/25/24 01:00:00,65.509,0.0,,,,
1384,08/25/24 01:10:00,65.509,0.0,,,,
1385,08/25/24 01:20:00,65.338,0.0,,,,
1386,08/25/24 01:30:00,65.338,0.0,,,,
1387,08/25/24 01:40:00,65.338,0.0,,,,
1388,08/25/24 01:50:00,65.338,0.0,,,,
1389,08/25/24 02:00:00,65.338,0.0,,,,
1390,08/25/24 02:10:00,65.338,0.0,,,,
1391,08/25/24 02:20:00,65.338,0.0,,,,
1392,08/25/24 02:30:00,65.338,0.0,,,,
1393,08/25/24 02:40:00,65.167,0.0,,,,
1394,08/25/24 02:50:00,65.167,0.0,,,,
1395,08/25/24 03:00:00,65.167,0.0,,,,
1396,08/25/24 03:10:00,65.167,0.0,,,,
1397,08/25/24 03:20:00,64.996,0.0,,,,
1398,08/25/24 03:30:00,64.996,0.0,,,,
1399,08/25/24 03:40:00,64.996,0.0,,,,
1400,08/25/24 03:50:00,64.825,0.0,,,,
1401,08/25/24 04:00:00,64.825,0.0,,,,
1402,08/25/24 04:10:00,64.825,0.0,,,,
1403,08/25/24 04:20:00,64.825,0.0,,,,
1404,08/25/24 04:30:00,64.825,0.0,,,,
1405,08/25/24 04:40:00,64.652,0.0,,,,
1406,08/25/24 04:50:00,64.652,0.0,,,,
1407,08/25/24 05:00:00,64.652,0.0,,,,
1408,08/25/24 05:10:00,64.652,0.0,,,,
1409,08/25/24 05:20:00,64.481,0.0,,,,
1410,08/25/24 05:30:00,64.481,0.0,,,,
1411,08/25/24 05:40:00,64.481,0.0,,,,
1412,08/25/24 05:50:00,64.481,0.0,,,,
1413,08/25/24 06:00:00,64.481,0.0,,,,
1414,08/25/24 06:10:00,64.481,0.0,,,,
1415,08/25/24 06:20:00,64.481,0.0,,,,
1416,08/25/24 06:30:00,64.481,0.0,,,,
1417,08/25/24 06:40:00,64.481,1.0,,,,
1418,08/25/24 06:50:00,64.652,9.0,,,,
1419,08/25/24 07:00:00,64.652,20.0,,,,
1420,08/25/24 07:10:00,64.481,13.0,,,,
1421,08/25/24 07:20:00,64.652,33.0,,,,
1422,08/25/24 07:30:00,64.652,59.0,,,,
1423,08/25/24 07:40:00,64.652,121.0,,,,
1424,08/25/24 07:50:00,64.652,117.0,,,,
1425,08/25/24 08:00:00,64.652,128.0,,,,
1426,08/25/24 08:10:00,64.652,91.0,,,,
1427,08/25/24 08:20:00,64.652,144.0,,,,
1428,08/25/24 08:30:00,64.652,272.0,,,,
1429,08/25/24 08:40:00,64.825,352.0,,,,
1430,08/25/24 08:50:00,64.652,288.0,,,,
1431,08/25/24 09:00:00,64.825,232.0,,,,
1432,08/25/24 09:10:00,64.825,384.0,,,,
1433,08/25/24 09:20:00,64.996,672.0,,,,
1434,08/25/24 09:30:00,65.167,672.0,,,,
1435,08/25/24 09:40:00,65.167,672.0,,,,
1436,08/25/24 09:50:00,65.338,864.0,,,,
1437,08/25/24 10:00:00,66.022,1792.0,,,,
1438,08/25/24 10:10:00,66.366,5632.0,,,,
1439,08/25/24 10:20:00,66.366,1088.0,,,,
1440,08/25/24 10:30:00,66.537,1152.0,,,,
1441,08/25/24 10:40:00,66.708,4352.0,,,,
1442,08/25/24 10:50:00,66.708,3200.0,,,,
1443,08/25/24 11:00:00,66.537,1088.0,,,,
1444,08/25/24 11:10:00,66.537,1024.0,,,,
1445,08/25/24 11:20:00,66.708,1792.0,,,,
1446,08/25/24 11:30:00,66.708,960.0,,,,
1447,08/25/24 11:40:00,66.879,1344.0,,,,
1448,08/25/24 11:50:00,66.879,6144.0,,,,
1449,08/25/24 12:00:00,66.879,1920.0,,,,
1450,08/25/24 12:10:00,66.879,960.0,,,,
1451,08/25/24 12:20:00,66.879,2432.0,,,,
1452,08/25/24 12:30:00,66.708,2048.0,,,,
1453,08/25/24 12:40:00,66.366,480.0,,,,
1454,08/25/24 12:50:00,67.221,1664.0,,,,
1455,08/25/24 13:00:00,67.221,1728.0,,,,
1456,08/25/24 13:10:00,66.879,896.0,,,,
1457,08/25/24 13:20:00,66.879,576.0,,,,
1458,08/25/24 13:30:00,67.050,2176.0,,,,
1459,08/25/24 13:40:00,66.193,800.0,,,,
1460,08/25/24 13:50:00,66.022,896.0,,,,
1461,08/25/24 14:00:00,65.851,768.0,,,,
1462,08/25/24 14:10:00,66.537,992.0,,,,
1463,08/25/24 14:20:00,65.851,768.0,,,,
1464,08/25/24 14:30:00,65.680,672.0,,,,
1465,08/25/24 14:40:00,65.680,512.0,,,,
1466,08/25/24 14:50:00,65.851,576.0,,,,
1467,08/25/24 15:00:00,66.366,1152.0,,,,
1468,08/25/24 15:10:00,65.680,272.0,,,,
1469,08/25/24 15:20:00,65.851,384.0,,,,
1470,08/25/24 15:30:00,65.851,336.0,,,,
1471,08/25/24 15:40:00,65.851,704.0,,,,
1472,08/25/24 15:50:00,65.851,768.0,,,,
1473,08/25/24 16:00:00,65.509,352.0,,,,
1474,08/25/24 16:10:00,65.338,208.0,,,,
1475,08/25/24 16:20:00,65.167,117.0,,,,
1476,08/25/24 16:30:00,65.167,136.0,,,,
1477,08/25/24 16:40:00,65.167,208.0,,,,
1478,08/25/24 16:50:00,65.338,512.0,,,,
1479,08/25/24 17:00:00,65.509,864.0,,,,
1480,08/25/24 17:10:00,65.338,576.0,,,,
1481,08/25/24 17:20:00,65.338,464.0,,,,
1482,08/25/24 17:30:00,65.167,448.0,,,,
1483,08/25/24 17:40:00,65.167,416.0,,,,
1484,08/25/24 17:50:00,65.167,304.0,,,,
1485,08/25/24 18:00:00,65.338,432.0,,,,
1486,08/25/24 18:10:00,65.167,304.0,,,,
1487,08/25/24 18:20:00,64.996,128.0,,,,
1488,08/25/24 18:30:00,64.996,136.0,,,,
1489,08/25/24 18:40:00,64.996,125.0,,,,
1490,08/25/24 18:50:00,64.996,200.0,,,,
1491,08/25/24 19:00:00,64.996,136.0,,,,
1492,08/25/24 19:10:00,64.825,136.0,,,,
1493,08/25/24 19:20:00,64.996,168.0,,,,
1494,08/25/24 19:30:00,64.825,136.0,,,,
1495,08/25/24 19:40:00,64.825,54.0,,,,
1496,08/25/24 19:50:00,64.825,27.0,,,,
1497,08/25/24 20:00:00,64.652,13.0,,,,
1498,08/25/24 20:10:00,64.652,6.0,,,,
1499,08/25/24 20:20:00,64.652,1.0,,,,
1500,08/25/24 20:30:00,64.652,0.0,,,,
1501,08/25/24 20:40:00,64.652,0.0,,,,
1502,08/25/24 20:50:00,64.481,0.0,,,,
1503,08/25/24 21:00:00,64.481,0.0,,,,
1504,08/25/24 21:10:00,64.481,0.0,,,,
1505,08/25/24 21:20:00,64.481,0.0,,,,
1506,08/25/24 21:30:00,64.310,0.0,,,,
1507,08/25/24 21:40:00,64.310,0.0,,,,
1508,08/25/24 21:50:00,64.310,0.0,,,,
1509,08/25/24 22:00:00,64.310,0.0,,,,
1510,08/25/24 22:10:00,64.310,0.0,,,,
1511,08/25/24 22:20:00,64.310,0.0,,,,
1512,08/25/24 22:30:00,64.310,0.0,,,,
1513,08/25/24 22:40:00,64.310,0.0,,,,
1514,08/25/24 22:50:00,64.310,0.0,,,,
1515,08/25/24 23:00:00,64.310,0.0,,,,
1516,08/25/24 23:10:00,64.310,0.0,,,,
1517,08/25/24 23:20:00,64.310,0.0,,,,
1518,08/25/24 23:30:00,64.310,0.0,,,,
1519,08/25/24 23:40:00,64.310,0.0,,,,
1520,08/25/24 23:50:00,64.310,0.0,,,,
1521,08/26/24 00:00:00,64.310,0.0,,,,
1522,08/26/24 00:10:00,64.310,0.0,,,,
1523,08/26/24 00:20:00,64.310,0.0,,,,
1524,08/26/24 00:30:00,64.310,0.0,,,,
1525,08/26/24 00:40:00,64.310,0.0,,,,
1526,08/26/24 00:50:00,64.310,0.0,,,,
1527,08/26/24 01:00:00,64.310,0.0,,,,
1528,08/26/24 01:10:00,64.310,0.0,,,,
1529,08/26/24 01:20:00,64.310,0.0,,,,
1530,08/26/24 01:30:00,64.139,0.0,,,,
1531,08/26/24 01:40:00,64.139,0.0,,,,
1532,08/26/24 01:50:00,64.139,0.0,,,,
1533,08/26/24 02:00:00,64.139,0.0,,,,
1534,08/26/24 02:10:00,64.139,0.0,,,,
1535,08/26/24 02:20:00,64.139,0.0,,,,
1536,08/26/24 02:30:00,63.968,0.0,,,,
1537,08/26/24 02:40:00,63.968,0.0,,,,
1538,08/26/24 02:50:00,63.968,0.0,,,,
1539,08/26/24 03:00:00,63.968,0.0,,,,
1540,08/26/24 03:10:00,63.968,0.0,,,,
1541,08/26/24 03:20:00,63.968,0.0,,,,
1542,08/26/24 03:30:00,63.797,0.0,,,,
1543,08/26/24 03:40:00,63.968,0.0,,,,
1544,08/26/24 03:50:00,63.968,0.0,,,,
1545,08/26/24 04:00:00,63.968,0.0,,,,
1546,08/26/24 04:10:00,63.968,0.0,,,,
1547,08/26/24 04:20:00,63.968,0.0,,,,
1548,08/26/24 04:30:00,63.968,0.0,,,,
1549,08/26/24 04:40:00,63.797,0.0,,,,
1550,08/26/24 04:50:00,63.797,0.0,,,,
1551,08/26/24 05:00:00,63.797,0.0,,,,
1552,08/26/24 05:10:00,63.797,0.0,,,,
1553,08/26/24 05:20:00,63.968,0.0,,,,
1554,08/26/24 05:30:00,63.968,0.0,,,,
1555,08/26/24 05:40:00,63.797,0.0,,,,
1556,08/26/24 05:50:00,63.797,0.0,,,,
1557,08/26/24 06:00:00,63.797,0.0,,,,
1558,08/26/24 06:10:00,63.797,0.0,,,,
1559,08/26/24 06:20:00,63.797,0.0,,,,
1560,08/26/24 06:30:00,63.797,0.0,,,,
1561,08/26/24 06:40:00,63.797,0.0,,,,
1562,08/26/24 06:50:00,63.626,1.0,,,,
1563,08/26/24 07:00:00,63.626,5.0,,,,
1564,08/26/24 07:10:00,63.626,7.0,,,,
1565,08/26/24 07:20:00,63.626,29.0,,,,
1566,08/26/24 07:30:00,63.626,37.0,,,,
1567,08/26/24 07:40:00,63.626,28.0,,,,
1568,08/26/24 07:50:00,63.626,27.0,,,,
1569,08/26/24 08:00:00,63.626,62.0,,,,
1570,08/26/24 08:10:00,63.626,64.0,,,,
1571,08/26/24 08:20:00,63.626,54.0,,,,
1572,08/26/24 08:30:00,63.455,93.0,,,,
1573,08/26/24 08:40:00,63.455,84.0,,,,
1574,08/26/24 08:50:00,63.626,224.0,,,,
1575,08/26/24 09:00:00,63.626,384.0,,,,
1576,08/26/24 09:10:00,63.626,304.0,,,,
1577,08/26/24 09:20:00,63.626,256.0,,,,
1578,08/26/24 09:30:00,63.626,576.0,,,,
1579,08/26/24 09:40:00,63.968,960.0,,,,
1580,08/26/24 09:50:00,64.652,1920.0,,,,
1581,08/26/24 10:00:00,64.825,2688.0,,,,
1582,08/26/24 10:10:00,65.338,2560.0,,,,
1583,08/26/24 10:20:00,64.652,1792.0,,,,
1584,08/26/24 10:30:00,64.481,1280.0,,,,
1585,08/26/24 10:40:00,64.481,1088.0,,,,
1586,08/26/24 10:50:00,64.481,1280.0,,,,
1587,08/26/24 11:00:00,64.825,2048.0,,,,
1588,08/26/24 11:10:00,65.509,3072.0,,,,
1589,08/26/24 11:20:00,65.338,1600.0,,,,
1590,08/26/24 11:30:00,65.680,2816.0,,,,
1591,08/26/24 11:40:00,65.851,2944.0,,,,
1592,08/26/24 11:50:00,65.851,4096.0,,,,
1593,08/26/24 12:00:00,66.022,3456.0,,,,
1594,08/26/24 12:10:00,66.366,3968.0,,,,
1595,08/26/24 12:20:00,66.193,2560.0,,,,
1596,08/26/24 12:30:00,65.338,1280.0,,,,
1597,08/26/24 12:40:00,65.509,992.0,,,,
1598,08/26/24 12:50:00,64.996,1152.0,,,,
1599,08/26/24 13:00:00,66.193,1920.0,,,,
1600,08/26/24 13:10:00,66.366,2560.0,,,,
1601,08/26/24 13:20:00,66.022,2688.0,,,,
1602,08/26/24 13:30:00,66.022,2944.0,,,,
1603,08/26/24 13:40:00,65.851,3456.0,,,,
1604,08/26/24 13:50:00,65.851,3712.0,,,,
1605,08/26/24 14:00:00,65.338,672.0,,,,
1606,08/26/24 14:10:00,65.680,3840.0,,,,
1607,08/26/24 14:20:00,65.509,1728.0,,,,
1608,08/26/24 14:30:00,65.509,512.0,,,,
1609,08/26/24 14:40:00,65.509,1408.0,,,,
1610,08/26/24 14:50:00,65.680,464.0,,,,
1611,08/26/24 15:00:00,65.509,576.0,,,,
1612,08/26/24 15:10:00,65.509,480.0,,,,
1613,08/26/24 15:20:00,65.509,896.0,,,,
1614,08/26/24 15:30:00,65.338,608.0,,,,
1615,08/26/24 15:40:00,65.167,352.0,,,,
1616,08/26/24 15:50:00,64.652,216.0,,,,
1617,08/26/24 16:00:00,64.825,288.0,,,,
1618,08/26/24 16:10:00,64.996,464.0,,,,
1619,08/26/24 16:20:00,64.996,288.0,,,,
1620,08/26/24 16:30:00,65.167,416.0,,,,
1621,08/26/24 16:40:00,65.167,480.0,,,,
1622,08/26/24 16:50:00,64.996,288.0,,,,
1623,08/26/24 17:00:00,65.167,512.0,,,,
1624,08/26/24 17:10:00,65.167,224.0,,,,
1625,08/26/24 17:20:00,65.167,208.0,,,,
1626,08/26/24 17:30:00,65.167,288.0,,,,
1627,08/26/24 17:40:00,65.167,320.0,,,,
1628,08/26/24 17:50:00,65.167,320.0,,,,
1629,08/26/24 18:00:00,65.680,272.0,,,,
1630,08/26/24 18:10:00,65.509,216.0,,,,
1631,08/26/24 18:20:00,65.167,224.0,,,,
1632,08/26/24 18:30:00,65.338,272.0,,,,
1633,08/26/24 18:40:00,65.167,240.0,,,,
1634,08/26/24 18:50:00,64.996,116.0,,,,
1635,08/26/24 19:00:00,64.825,94.0,,,,
1636,08/26/24 19:10:00,64.652,91.0,,,,
1637,08/26/24 19:20:00,64.652,67.0,,,,
1638,08/26/24 19:30:00,64.652,55.0,,,,
1639,08/26/24 19:40:00,64.481,50.0,,,,
1640,08/26/24 19:50:00,64.481,31.0,,,,
1641,08/26/24 20:00:00,64.481,20.0,,,,
1642,08/26/24 20:10:00,64.481,8.0,,,,
1643,08/26/24 20:20:00,64.310,1.0,,,,
1644,08/26/24 20:30:00,64.310,0.0,,,,
1645,08/26/24 20:40:00,64.310,0.0,,,,
1646,08/26/24 20:50:00,64.310,0.0,,,,
1647,08/26/24 21:00:00,64.310,0.0,,,,
1648,08/26/24 21:10:00,64.310,0.0,,,,
1649,08/26/24 21:20:00,64.310,0.0,,,,
1650,08/26/24 21:30:00,64.139,0.0,,,,
1651,08/26/24 21:40:00,64.139,0.0,,,,
1652,08/26/24 21:50:00,64.139,0.0,,,,
1653,08/26/24 22:00:00,64.139,0.0,,,,
1654,08/26/24 22:10:00,63.968,0.0,,,,
1655,08/26/24 22:20:00,63.968,0.0,,,,
1656,08/26/24 22:30:00,63.968,0.0,,,,
1657,08/26/24 22:40:00,63.968,0.0,,,,
1658,08/26/24 22:50:00,63.968,0.0,,,,
1659,08/26/24 23:00:00,63.797,0.0,,,,
1660,08/26/24 23:10:00,63.797,0.0,,,,
1661,08/26/24 23:20:00,63.797,0.0,,,,
1662,08/26/24 23:30:00,63.797,0.0,,,,
1663,08/26/24 23:40:00,63.797,0.0,,,,
1664,08/26/24 23:50:00,63.797,0.0,,,,
1665,08/27/24 00:00:00,63.797,0.0,,,,
1666,08/27/24 00:10:00,63.797,0.0,,,,
1667,08/27/24 00:20:00,63.797,0.0,,,,
1668,08/27/24 00:30:00,63.626,0.0,,,,
1669,08/27/24 00:40:00,63.626,0.0,,,,
1670,08/27/24 00:50:00,63.626,0.0,,,,
1671,08/27/24 01:00:00,63.626,0.0,,,,
1672,08/27/24 01:10:00,63.626,0.0,,,,
1673,08/27/24 01:20:00,63.626,0.0,,,,
1674,08/27/24 01:30:00,63.626,0.0,,,,
1675,08/27/24 01:40:00,63.626,0.0,,,,
1676,08/27/24 01:50:00,63.626,0.0,,,,
1677,08/27/24 02:00:00,63.626,0.0,,,,
1678,08/27/24 02:10:00,63.455,0.0,,,,
1679,08/27/24 02:20:00,63.455,0.0,,,,
1680,08/27/24 02:30:00,63.455,0.0,,,,
1681,08/27/24 02:40:00,63.455,0.0,,,,
1682,08/27/24 02:50:00,63.455,0.0,,,,
1683,08/27/24 03:00:00,63.455,0.0,,,,
1684,08/27/24 03:10:00,63.455,0.0,,,,
1685,08/27/24 03:20:00,63.282,0.0,,,,
1686,08/27/24 03:30:00,63.455,0.0,,,,
1687,08/27/24 03:40:00,63.282,0.0,,,,
1688,08/27/24 03:50:00,63.282,0.0,,,,
1689,08/27/24 04:00:00,63.282,0.0,,,,
1690,08/27/24 04:10:00,63.282,0.0,,,,
1691,08/27/24 04:20:00,63.282,0.0,,,,
1692,08/27/24 04:30:00,63.282,0.0,,,,
1693,08/27/24 04:40:00,63.282,0.0,,,,
1694,08/27/24 04:50:00,63.282,0.0,,,,
1695,08/27/24 05:00:00,63.282,0.0,,,,
1696,08/27/24 05:10:00,63.282,0.0,,,,
1697,08/27/24 05:20:00,63.282,0.0,,,,
1698,08/27/24 05:30:00,63.282,0.0,,,,
1699,08/27/24 05:40:00,63.282,0.0,,,,
1700,08/27/24 05:50:00,63.111,0.0,,,,
1701,08/27/24 06:00:00,63.111,0.0,,,,
1702,08/27/24 06:10:00,63.111,0.0,,,,
1703,08/27/24 06:20:00,63.111,0.0,,,,
1704,08/27/24 06:30:00,63.111,3.0,,,,
1705,08/27/24 06:40:00,63.111,9.0,,,,
1706,08/27/24 06:50:00,63.111,21.0,,,,
1707,08/27/24 07:00:00,63.111,46.0,,,,
1708,08/27/24 07:10:00,63.111,82.0,,,,
1709,08/27/24 07:20:00,63.111,216.0,,,,
1710,08/27/24 07:30:00,63.111,128.0,,,,
1711,08/27/24 07:40:00,63.111,216.0,,,,
1712,08/27/24 07:50:00,63.111,272.0,,,,
1713,08/27/24 08:00:00,63.455,576.0,,,,
1714,08/27/24 08:10:00,63.455,1216.0,,,,
1715,08/27/24 08:20:00,63.626,864.0,,,,
1716,08/27/24 08:30:00,63.626,960.0,,,,
1717,08/27/24 08:40:00,63.797,672.0,,,,
1718,08/27/24 08:50:00,63.968,1472.0,,,,
1719,08/27/24 09:00:00,64.139,1664.0,,,,
1720,08/27/24 09:10:00,64.139,3456.0,,,,
1721,08/27/24 09:20:00,64.139,1536.0,,,,
1722,08/27/24 09:30:00,64.310,1088.0,,,,
1723,08/27/24 09:40:00,64.481,2048.0,,,,
1724,08/27/24 09:50:00,64.481,1984.0,,,,
1725,08/27/24 10:00:00,64.652,2688.0,,,,
1726,08/27/24 10:10:00,64.825,1920.0,,,,
1727,08/27/24 10:20:00,64.825,2048.0,,,,
1728,08/27/24 10:30:00,64.996,2176.0,,,,
1729,08/27/24 10:40:00,64.996,6144.0,,,,
1730,08/27/24 10:50:00,65.167,6144.0,,,,
1731,08/27/24 11:00:00,65.167,5888.0,,,,
1732,08/27/24 11:10:00,65.338,3840.0,,,,
1733,08/27/24 11:20:00,65.338,1728.0,,,,
1734,08/27/24 11:30:00,65.509,2432.0,,,,
1735,08/27/24 11:40:00,65.680,4096.0,,,,
1736,08/27/24 11:50:00,65.509,4096.0,,,,
1737,08/27/24 12:00:00,65.680,1920.0,,,,
1738,08/27/24 12:10:00,65.509,4608.0,,,,
1739,08/27/24 12:20:00,65.680,4352.0,,,,
1740,08/27/24 12:30:00,65.680,6144.0,,,,
1741,08/27/24 12:40:00,65.509,11776.0,,,,
1742,08/27/24 12:50:00,65.509,2688.0,,,,
1743,08/27/24 13:00:00,65.680,5632.0,,,,
1744,08/27/24 13:10:00,65.509,1024.0,,,,
1745,08/27/24 13:20:00,65.509,1536.0,,,,
1746,08/27/24 13:30:00,65.680,1408.0,,,,
1747,08/27/24 13:40:00,65.509,2048.0,,,,
1748,08/27/24 13:50:00,65.680,5376.0,,,,
1749,08/27/24 14:00:00,65.680,1728.0,,,,
1750,08/27/24 14:10:00,65.680,768.0,,,,
1751,08/27/24 14:20:00,65.509,1088.0,,,,
1752,08/27/24 14:30:00,65.338,704.0,,,,
1753,08/27/24 14:40:00,65.338,1152.0,,,,
1754,08/27/24 14:50:00,65.167,304.0,,,,
1755,08/27/24 15:00:00,65.338,1536.0,,,,
1756,08/27/24 15:10:00,65.167,352.0,,,,
1757,08/27/24 15:20:00,65.338,464.0,,,,
1758,08/27/24 15:30:00,65.167,1216.0,,,,
1759,08/27/24 15:40:00,65.167,672.0,,,,
1760,08/27/24 15:50:00,65.167,272.0,,,,
1761,08/27/24 16:00:00,65.167,200.0,,,,
1762,08/27/24 16:10:00,65.167,192.0,,,,
1763,08/27/24 16:20:00,65.167,232.0,,,,
1764,08/27/24 16:30:00,65.167,216.0,,,,
1765,08/27/24 16:40:00,65.167,288.0,,,,
1766,08/27/24 16:50:00,65.167,184.0,,,,
1767,08/27/24 17:00:00,64.996,224.0,,,,
1768,08/27/24 17:10:00,64.996,168.0,,,,
1769,08/27/24 17:20:00,64.996,152.0,,,,
1770,08/27/24 17:30:00,64.996,152.0,,,,
1771,08/27/24 17:40:00,65.167,128.0,,,,
1772,08/27/24 17:50:00,65.167,184.0,,,,
1773,08/27/24 18:00:00,65.167,160.0,,,,
1774,08/27/24 18:10:00,64.996,120.0,,,,
1775,08/27/24 18:20:00,64.996,176.0,,,,
1776,08/27/24 18:30:00,64.996,112.0,,,,
1777,08/27/24 18:40:00,64.825,136.0,,,,
1778,08/27/24 18:50:00,64.652,91.0,,,,
1779,08/27/24 19:00:00,64.652,79.0,,,,
1780,08/27/24 19:10:00,64.652,71.0,,,,
1781,08/27/24 19:20:00,64.481,61.0,,,,
1782,08/27/24 19:30:00,64.481,46.0,,,,
1783,08/27/24 19:40:00,64.310,45.0,,,,
1784,08/27/24 19:50:00,64.310,26.0,,,,
1785,08/27/24 20:00:00,64.310,13.0,,,,
1786,08/27/24 20:10:00,64.139,6.0,,,,
1787,08/27/24 20:20:00,64.139,0.0,,,,
1788,08/27/24 20:30:00,64.139,0.0,,,,
1789,08/27/24 20:40:00,64.139,0.0,,,,
1790,08/27/24 20:50:00,63.968,0.0,,,,
1791,08/27/24 21:00:00,63.968,0.0,,,,
1792,08/27/24 21:10:00,63.968,0.0,,,,
1793,08/27/24 21:20:00,63.797,0.0,,,,
1794,08/27/24 21:30:00,63.797,0.0,,,,
1795,08/27/24 21:40:00,63.797,0.0,,,,
1796,08/27/24 21:50:00,63.797,0.0,,,,
1797,08/27/24 22:00:00,63.797,0.0,,,,
1798,08/27/24 22:10:00,63.797,0.0,,,,
1799,08/27/24 22:20:00,63.797,0.0,,,,
1800,08/27/24 22:30:00,63.626,0.0,,,,
1801,08/27/24 22:40:00,63.797,0.0,,,,
1802,08/27/24 22:50:00,63.797,0.0,,,,
1803,08/27/24 23:00:00,63.626,0.0,,,,
1804,08/27/24 23:10:00,63.626,0.0,,,,
1805,08/27/24 23:20:00,63.626,0.0,,,,
1806,08/27/24 23:30:00,63.626,0.0,,,,
1807,08/27/24 23:40:00,63.626,0.0,,,,
1808,08/27/24 23:50:00,63.626,0.0,,,,
1809,08/28/24 00:00:00,63.626,0.0,,,,
1810,08/28/24 00:10:00,63.626,0.0,,,,
1811,08/28/24 00:20:00,63.626,0.0,,,,
1812,08/28/24 00:30:00,63.626,0.0,,,,
1813,08/28/24 00:40:00,63.626,0.0,,,,
1814,08/28/24 00:50:00,63.626,0.0,,,,
1815,08/28/24 01:00:00,63.455,0.0,,,,
1816,08/28/24 01:10:00,63.455,0.0,,,,
1817,08/28/24 01:20:00,63.455,0.0,,,,
1818,08/28/24 01:30:00,63.455,0.0,,,,
1819,08/28/24 01:40:00,63.455,0.0,,,,
1820,08/28/24 01:50:00,63.455,0.0,,,,
1821,08/28/24 02:00:00,63.455,0.0,,,,
1822,08/28/24 02:10:00,63.455,0.0,,,,
1823,08/28/24 02:20:00,63.455,0.0,,,,
1824,08/28/24 02:30:00,63.455,0.0,,,,
1825,08/28/24 02:40:00,63.455,0.0,,,,
1826,08/28/24 02:50:00,63.455,0.0,,,,
1827,08/28/24 03:00:00,63.455,0.0,,,,
1828,08/28/24 03:10:00,63.282,0.0,,,,
1829,08/28/24 03:20:00,63.455,0.0,,,,
1830,08/28/24 03:30:00,63.282,0.0,,,,
1831,08/28/24 03:40:00,63.282,0.0,,,,
1832,08/28/24 03:50:00,63.282,0.0,,,,
1833,08/28/24 04:00:00,63.282,0.0,,,,
1834,08/28/24 04:10:00,63.282,0.0,,,,
1835,08/28/24 04:20:00,63.282,0.0,,,,
1836,08/28/24 04:30:00,63.282,0.0,,,,
1837,08/28/24 04:40:00,63.282,0.0,,,,
1838,08/28/24 04:50:00,63.282,0.0,,,,
1839,08/28/24 05:00:00,63.282,0.0,,,,
1840,08/28/24 05:10:00,63.282,0.0,,,,
1841,08/28/24 05:20:00,63.282,0.0,,,,
1842,08/28/24 05:30:00,63.111,0.0,,,,
1843,08/28/24 05:40:00,63.111,0.0,,,,
1844,08/28/24 05:50:00,63.282,0.0,,,,
1845,08/28/24 06:00:00,63.282,0.0,,,,
1846,08/28/24 06:10:00,63.111,0.0,,,,
1847,08/28/24 06:20:00,63.111,0.0,,,,
1848,08/28/24 06:30:00,63.111,1.0,,,,
1849,08/28/24 06:40:00,63.111,10.0,,,,
1850,08/28/24 06:50:00,63.111,17.0,,,,
1851,08/28/24 07:00:00,63.111,37.0,,,,
1852,08/28/24 07:10:00,63.111,93.0,,,,
1853,08/28/24 07:20:00,63.111,160.0,,,,
1854,08/28/24 07:30:00,63.111,98.0,,,,
1855,08/28/24 07:40:00,63.111,83.0,,,,
1856,08/28/24 07:50:00,63.111,100.0,,,,
1857,08/28/24 08:00:00,63.111,108.0,,,,
1858,08/28/24 08:10:00,63.111,76.0,,,,
1859,08/28/24 08:20:00,63.111,108.0,,,,
1860,08/28/24 08:30:00,63.111,125.0,,,,
1861,08/28/24 08:40:00,63.111,112.0,,,,
1862,08/28/24 08:50:00,63.111,97.0,,,,
1863,08/28/24 09:00:00,63.111,152.0,,,,
1864,08/28/24 09:10:00,63.111,176.0,,,,
1865,08/28/24 09:20:00,63.626,160.0,,,,
1866,08/28/24 09:30:00,63.797,192.0,,,,
1867,08/28/24 09:40:00,63.797,400.0,,,,
1868,08/28/24 09:50:00,63.797,1344.0,,,,
1869,08/28/24 10:00:00,63.797,960.0,,,,
1870,08/28/24 10:10:00,63.797,1152.0,,,,
1871,08/28/24 10:20:00,63.797,288.0,,,,
1872,08/28/24 10:30:00,63.968,3072.0,,,,
1873,08/28/24 10:40:00,63.797,496.0,,,,
1874,08/28/24 10:50:00,63.797,1088.0,,,,
1875,08/28/24 11:00:00,63.797,3584.0,,,,
1876,08/28/24 11:10:00,63.968,1728.0,,,,
1877,08/28/24 11:20:00,63.968,2688.0,,,,
1878,08/28/24 11:30:00,63.968,2560.0,,,,
1879,08/28/24 11:40:00,63.797,384.0,,,,
1880,08/28/24 11:50:00,63.968,304.0,,,,
1881,08/28/24 12:00:00,63.968,512.0,,,,
1882,08/28/24 12:10:00,63.968,512.0,,,,
1883,08/28/24 12:20:00,64.139,272.0,,,,
1884,08/28/24 12:30:00,64.481,3840.0,,,,
1885,08/28/24 12:40:00,64.139,368.0,,,,
1886,08/28/24 12:50:00,64.139,800.0,,,,
1887,08/28/24 13:00:00,64.481,800.0,,,,
1888,08/28/24 13:10:00,64.310,3712.0,,,,
1889,08/28/24 13:20:00,64.825,4608.0,,,,
1890,08/28/24 13:30:00,63.968,496.0,,,,
1891,08/28/24 13:40:00,64.139,1600.0,,,,
1892,08/28/24 13:50:00,64.310,800.0,,,,
1893,08/28/24 14:00:00,64.481,416.0,,,,
1894,08/28/24 14:10:00,64.652,512.0,,,,
1895,08/28/24 14:20:00,64.481,336.0,,,,
1896,08/28/24 14:30:00,64.481,2048.0,,,,
1897,08/28/24 14:40:00,64.310,352.0,,,,
1898,08/28/24 14:50:00,64.481,768.0,,,,
1899,08/28/24 15:00:00,64.310,304.0,,,,
1900,08/28/24 15:10:00,64.310,272.0,,,,
1901,08/28/24 15:20:00,64.652,464.0,,,,
1902,08/28/24 15:30:00,64.652,1024.0,,,,
1903,08/28/24 15:40:00,64.652,576.0,,,,
1904,08/28/24 15:50:00,64.652,512.0,,,,
1905,08/28/24 16:00:00,64.825,288.0,,,,
1906,08/28/24 16:10:00,64.825,576.0,,,,
1907,08/28/24 16:20:00,64.825,208.0,,,,
1908,08/28/24 16:30:00,64.825,1088.0,,,,
1909,08/28/24 16:40:00,64.652,304.0,,,,
1910,08/28/24 16:50:00,64.652,480.0,,,,
1911,08/28/24 17:00:00,64.652,960.0,,,,
1912,08/28/24 17:10:00,64.652,184.0,,,,
1913,08/28/24 17:20:00,64.481,272.0,,,,
1914,08/28/24 17:30:00,64.481,224.0,,,,
1915,08/28/24 17:40:00,64.310,384.0,,,,
1916,08/28/24 17:50:00,64.310,136.0,,,,
1917,08/28/24 18:00:00,64.139,480.0,,,,
1918,08/28/24 18:10:00,63.968,216.0,,,,
1919,08/28/24 18:20:00,63.968,144.0,,,,
1920,08/28/24 18:30:00,63.968,384.0,,,,
1921,08/28/24 18:40:00,63.797,128.0,,,,
1922,08/28/24 18:50:00,63.797,200.0,,,,
1923,08/28/24 19:00:00,63.626,107.0,,,,
1924,08/28/24 19:10:00,63.455,83.0,,,,
1925,08/28/24 19:20:00,63.455,89.0,,,,
1926,08/28/24 19:30:00,63.455,51.0,,,,
1927,08/28/24 19:40:00,63.455,45.0,,,,
1928,08/28/24 19:50:00,63.455,25.0,,,,
1929,08/28/24 20:00:00,63.455,11.0,,,,
1930,08/28/24 20:10:00,63.455,4.0,,,,
1931,08/28/24 20:20:00,63.282,0.0,,,,
1932,08/28/24 20:30:00,63.455,0.0,,,,
1933,08/28/24 20:40:00,63.455,0.0,,,,
1934,08/28/24 20:50:00,63.455,0.0,,,,
1935,08/28/24 21:00:00,63.455,0.0,,,,
1936,08/28/24 21:10:00,63.282,0.0,,,,
1937,08/28/24 21:20:00,63.282,0.0,,,,
1938,08/28/24 21:30:00,63.282,0.0,,,,
1939,08/28/24 21:40:00,63.282,0.0,,,,
1940,08/28/24 21:50:00,63.282,0.0,,,,
1941,08/28/24 22:00:00,63.282,0.0,,,,
1942,08/28/24 22:10:00,63.282,0.0,,,,
1943,08/28/24 22:20:00,63.282,0.0,,,,
1944,08/28/24 22:30:00,63.282,0.0,,,,
1945,08/28/24 22:40:00,63.282,0.0,,,,
1946,08/28/24 22:50:00,63.282,0.0,,,,
1947,08/28/24 23:00:00,63.282,0.0,,,,
1948,08/28/24 23:10:00,63.282,0.0,,,,
1949,08/28/24 23:20:00,63.282,0.0,,,,
1950,08/28/24 23:30:00,63.282,0.0,,,,
1951,08/28/24 23:40:00,63.111,0.0,,,,
1952,08/28/24 23:50:00,63.111,0.0,,,,
1953,08/29/24 00:00:00,63.111,0.0,,,,
1954,08/29/24 00:10:00,63.282,0.0,,,,
1955,08/29/24 00:20:00,63.111,0.0,,,,
1956,08/29/24 00:30:00,63.111,0.0,,,,
1957,08/29/24 00:40:00,63.111,0.0,,,,
1958,08/29/24 00:50:00,63.111,0.0,,,,
1959,08/29/24 01:00:00,63.111,0.0,,,,
1960,08/29/24 01:10:00,63.111,0.0,,,,
1961,08/29/24 01:20:00,63.111,0.0,,,,
1962,08/29/24 01:30:00,63.111,0.0,,,,
1963,08/29/24 01:40:00,63.111,0.0,,,,
1964,08/29/24 01:50:00,62.940,0.0,,,,
1965,08/29/24 02:00:00,62.940,0.0,,,,
1966,08/29/24 02:10:00,62.940,0.0,,,,
1967,08/29/24 02:20:00,62.940,0.0,,,,
1968,08/29/24 02:30:00,62.940,0.0,,,,
1969,08/29/24 02:40:00,62.940,0.0,,,,
1970,08/29/24 02:50:00,62.940,0.0,,,,
1971,08/29/24 03:00:00,62.769,0.0,,,,
1972,08/29/24 03:10:00,62.940,0.0,,,,
1973,08/29/24 03:20:00,62.940,0.0,,,,
1974,08/29/24 03:30:00,62.940,0.0,,,,
1975,08/29/24 03:40:00,62.940,0.0,,,,
1976,08/29/24 03:50:00,62.769,0.0,,,,
1977,08/29/24 04:00:00,62.769,0.0,,,,
1978,08/29/24 04:10:00,62.769,0.0,,,,
1979,08/29/24 04:20:00,62.769,0.0,,,,
1980,08/29/24 04:30:00,62.598,0.0,,,,
1981,08/29/24 04:40:00,62.598,0.0,,,,
1982,08/29/24 04:50:00,62.598,0.0,,,,
1983,08/29/24 05:00:00,62.769,0.0,,,,
1984,08/29/24 05:10:00,62.598,0.0,,,,
1985,08/29/24 05:20:00,62.598,0.0,,,,
1986,08/29/24 05:30:00,62.598,0.0,,,,
1987,08/29/24 05:40:00,62.598,0.0,,,,
1988,08/29/24 05:50:00,62.598,0.0,,,,
1989,08/29/24 06:00:00,62.598,0.0,,,,
1990,08/29/24 06:10:00,62.598,0.0,,,,
1991,08/29/24 06:20:00,62.425,0.0,,,,
1992,08/29/24 06:30:00,62.425,1.0,,,,
1993,08/29/24 06:40:00,62.425,8.0,,,,
1994,08/29/24 06:50:00,62.425,19.0,,,,
1995,08/29/24 07:00:00,62.425,37.0,,,,
1996,08/29/24 07:10:00,62.598,67.0,,,,
1997,08/29/24 07:20:00,62.598,112.0,,,,
1998,08/29/24 07:30:00,62.425,136.0,,,,
1999,08/29/24 07:40:00,62.598,288.0,,,,
2000,08/29/24 07:50:00,62.598,352.0,,,,
2001,08/29/24 08:00:00,62.769,608.0,,,,
2002,08/29/24 08:10:00,62.769,608.0,,,,
2003,08/29/24 08:20:00,62.940,768.0,,,,
2004,08/29/24 08:30:00,62.940,896.0,,,,
2005,08/29/24 08:40:00,62.940,1792.0,,,,
2006,08/29/24 08:50:00,63.111,1024.0,,,,
2007,08/29/24 09:00:00,63.282,1536.0,,,,
2008,08/29/24 09:10:00,63.282,480.0,,,,
2009,08/29/24 09:20:00,63.282,1216.0,,,,
2010,08/29/24 09:30:00,63.455,1344.0,,,,
2011,08/29/24 09:40:00,63.626,2176.0,,,,
2012,08/29/24 09:50:00,63.626,1984.0,,,,
2013,08/29/24 10:00:00,63.797,1408.0,,,,
2014,08/29/24 10:10:00,63.797,1664.0,,,,
2015,08/29/24 10:20:00,63.968,1984.0,,,,
2016,08/29/24 10:30:00,63.968,2304.0,,,,
2017,08/29/24 10:40:00,63.968,2560.0,,,,
2018,08/29/24 10:50:00,63.968,3072.0,,,,
2019,08/29/24 11:00:00,63.968,3584.0,,,,
2020,08/29/24 11:10:00,64.139,2816.0,,,,
2021,08/29/24 11:20:00,64.139,576.0,,,,
2022,08/29/24 11:30:00,63.626,480.0,,,,
2023,08/29/24 11:40:00,64.139,2304.0,,,,
2024,08/29/24 11:50:00,64.310,864.0,,,,
2025,08/29/24 12:00:00,64.310,2688.0,,,,
2026,08/29/24 12:10:00,64.481,3072.0,,,,
2027,08/29/24 12:20:00,64.996,6144.0,,,,
2028,08/29/24 12:30:00,64.996,1664.0,,,,
2029,08/29/24 12:40:00,64.825,1472.0,,,,
2030,08/29/24 12:50:00,64.996,1792.0,,,,
2031,08/29/24 13:00:00,65.167,2432.0,,,,
2032,08/29/24 13:10:00,64.825,5888.0,,,,
2033,08/29/24 13:20:00,64.996,3328.0,,,,
2034,08/29/24 13:30:00,64.825,2432.0,,,,
2035,08/29/24 13:40:00,64.825,896.0,,,,
2036,08/29/24 13:50:00,64.996,6144.0,,,,
2037,08/29/24 14:00:00,64.996,704.0,,,,
2038,08/29/24 14:10:00,64.996,480.0,,,,
2039,08/29/24 14:20:00,65.167,768.0,,,,
2040,08/29/24 14:30:00,64.996,432.0,,,,
2041,08/29/24 14:40:00,65.167,960.0,,,,
2042,08/29/24 14:50:00,64.825,5120.0,,,,
2043,08/29/24 15:00:00,64.825,1536.0,,,,
2044,08/29/24 15:10:00,64.825,336.0,,,,
2045,08/29/24 15:20:00,64.652,3456.0,,,,
2046,08/29/24 15:30:00,64.652,1088.0,,,,
2047,08/29/24 15:40:00,64.481,576.0,,,,
2048,08/29/24 15:50:00,64.481,480.0,,,,
2049,08/29/24 16:00:00,64.481,288.0,,,,
2050,08/29/24 16:10:00,64.652,512.0,,,,
2051,08/29/24 16:20:00,64.652,248.0,,,,
2052,08/29/24 16:30:00,64.652,256.0,,,,
2053,08/29/24 16:40:00,64.652,448.0,,,,
2054,08/29/24 16:50:00,64.481,176.0,,,,
2055,08/29/24 17:00:00,64.481,304.0,,,,
2056,08/29/24 17:10:00,64.481,208.0,,,,
2057,08/29/24 17:20:00,64.652,320.0,,,,
2058,08/29/24 17:30:00,64.652,272.0,,,,
2059,08/29/24 17:40:00,64.481,256.0,,,,
2060,08/29/24 17:50:00,64.481,248.0,,,,
2061,08/29/24 18:00:00,64.481,144.0,,,,
2062,08/29/24 18:10:00,64.481,168.0,,,,
2063,08/29/24 18:20:00,64.310,192.0,,,,
2064,08/29/24 18:30:00,64.481,184.0,,,,
2065,08/29/24 18:40:00,64.310,112.0,,,,
2066,08/29/24 18:50:00,64.139,111.0,,,,
2067,08/29/24 19:00:00,63.797,81.0,,,,
2068,08/29/24 19:10:00,63.797,64.0,,,,
2069,08/29/24 19:20:00,63.626,59.0,,,,
2070,08/29/24 19:30:00,63.626,59.0,,,,
2071,08/29/24 19:40:00,63.626,37.0,,,,
2072,08/29/24 19:50:00,63.455,28.0,,,,
2073,08/29/24 20:00:00,63.455,11.0,,,,
2074,08/29/24 20:10:00,63.282,4.0,,,,
2075,08/29/24 20:20:00,63.282,0.0,,,,
2076,08/29/24 20:30:00,63.111,0.0,,,,
2077,08/29/24 20:40:00,63.111,0.0,,,,
2078,08/29/24 20:50:00,63.111,0.0,,,,
2079,08/29/24 21:00:00,62.940,0.0,,,,
2080,08/29/24 21:10:00,62.940,0.0,,,,
2081,08/29/24 21:20:00,62.940,0.0,,,,
2082,08/29/24 21:30:00,62.940,0.0,,,,
2083,08/29/24 21:40:00,62.940,0.0,,,,
2084,08/29/24 21:50:00,62.940,0.0,,,,
2085,08/29/24 22:00:00,62.940,0.0,,,,
2086,08/29/24 22:10:00,62.940,0.0,,,,
2087,08/29/24 22:20:00,62.940,0.0,,,,
2088,08/29/24 22:30:00,62.769,0.0,,,,
2089,08/29/24 22:40:00,62.940,0.0,,,,
2090,08/29/24 22:50:00,62.769,0.0,,,,
2091,08/29/24 23:00:00,62.769,0.0,,,,
2092,08/29/24 23:10:00,62.769,0.0,,,,
2093,08/29/24 23:20:00,62.769,0.0,,,,
2094,08/29/24 23:30:00,62.769,0.0,,,,
2095,08/29/24 23:40:00,62.769,0.0,,,,
2096,08/29/24 23:50:00,62.769,0.0,,,,
2097,08/30/24 00:00:00,62.769,0.0,,,,
2098,08/30/24 00:10:00,62.769,0.0,,,,
2099,08/30/24 00:20:00,62.598,0.0,,,,
2100,08/30/24 00:30:00,62.598,0.0,,,,
2101,08/30/24 00:40:00,62.598,0.0,,,,
2102,08/30/24 00:50:00,62.598,0.0,,,,
2103,08/30/24 01:00:00,62.598,0.0,,,,
2104,08/30/24 01:10:00,62.598,0.0,,,,
2105,08/30/24 01:20:00,62.598,0.0,,,,
2106,08/30/24 01:30:00,62.598,0.0,,,,
2107,08/30/24 01:40:00,62.425,0.0,,,,
2108,08/30/24 01:50:00,62.425,0.0,,,,
2109,08/30/24 02:00:00,62.425,0.0,,,,
2110,08/30/24 02:10:00,62.425,0.0,,,,
2111,08/30/24 02:20:00,62.425,0.0,,,,
2112,08/30/24 02:30:00,62.425,0.0,,,,
2113,08/30/24 02:40:00,62.425,0.0,,,,
2114,08/30/24 02:50:00,62.425,0.0,,,,
2115,08/30/24 03:00:00,62.425,0.0,,,,
2116,08/30/24 03:10:00,62.425,0.0,,,,
2117,08/30/24 03:20:00,62.425,0.0,,,,
2118,08/30/24 03:30:00,62.425,0.0,,,,
2119,08/30/24 03:40:00,62.425,0.0,,,,
2120,08/30/24 03:50:00,62.425,0.0,,,,
2121,08/30/24 04:00:00,62.425,0.0,,,,
2122,08/30/24 04:10:00,62.254,0.0,,,,
2123,08/30/24 04:20:00,62.254,0.0,,,,
2124,08/30/24 04:30:00,62.254,0.0,,,,
2125,08/30/24 04:40:00,62.254,0.0,,,,
2126,08/30/24 04:50:00,62.254,0.0,,,,
2127,08/30/24 05:00:00,62.254,0.0,,,,
2128,08/30/24 05:10:00,62.254,0.0,,,,
2129,08/30/24 05:20:00,62.254,0.0,,,,
2130,08/30/24 05:30:00,62.254,0.0,,,,
2131,08/30/24 05:40:00,62.083,0.0,,,,
2132,08/30/24 05:50:00,62.083,0.0,,,,
2133,08/30/24 06:00:00,62.083,0.0,,,,
2134,08/30/24 06:10:00,62.083,0.0,,,,
2135,08/30/24 06:20:00,62.083,0.0,,,,
2136,08/30/24 06:30:00,62.083,1.0,,,,
2137,08/30/24 06:40:00,62.083,8.0,,,,
2138,08/30/24 06:50:00,62.083,15.0,,,,
2139,08/30/24 07:00:00,62.083,39.0,,,,
2140,08/30/24 07:10:00,61.912,51.0,,,,
2141,08/30/24 07:20:00,62.083,115.0,,,,
2142,08/30/24 07:30:00,62.083,85.0,,,,
2143,08/30/24 07:40:00,62.083,288.0,,,,
2144,08/30/24 07:50:00,62.254,184.0,,,,
2145,08/30/24 08:00:00,62.254,608.0,,,,
2146,08/30/24 08:10:00,62.425,672.0,,,,
2147,08/30/24 08:20:00,62.598,576.0,,,,
2148,08/30/24 08:30:00,62.598,1280.0,,,,
2149,08/30/24 08:40:00,62.598,1024.0,,,,
2150,08/30/24 08:50:00,62.769,704.0,,,,
2151,08/30/24 09:00:00,62.769,1344.0,,,,
2152,08/30/24 09:10:00,62.940,1344.0,,,,
2153,08/30/24 09:20:00,63.111,1728.0,,,,
2154,08/30/24 09:30:00,63.282,1344.0,,,,
2155,08/30/24 09:40:00,63.455,2944.0,,,,
2156,08/30/24 09:50:00,63.626,2176.0,,,,
2157,08/30/24 10:00:00,63.626,3200.0,,,,
2158,08/30/24 10:10:00,63.797,2944.0,,,,
2159,08/30/24 10:20:00,63.968,2304.0,,,,
2160,08/30/24 10:30:00,64.139,2944.0,,,,
2161,08/30/24 10:40:00,64.310,4096.0,,,,
2162,08/30/24 10:50:00,64.310,5120.0,,,,
2163,08/30/24 11:00:00,64.310,1792.0,,,,
2164,08/30/24 11:10:00,64.310,4864.0,,,,
2165,08/30/24 11:20:00,64.310,1856.0,,,,
2166,08/30/24 11:30:00,64.481,3328.0,,,,
2167,08/30/24 11:40:00,64.652,1984.0,,,,
2168,08/30/24 11:50:00,62.940,416.0,,,,
2169,08/30/24 11:52:46,,,Logged,Logged,,
2170,08/30/24 11:52:54,,,,,Logged,Logged
